change_id,table,record_id,field,OLD_VALUE,NEW_VALUE,REASON,SOURCE_ID,EXACT_LOCATOR,SOURCE_TIER,PUBLICATION_DATE,EFFECTIVE_DATE,CONFIDENCE,IMPLEMENTATION_STATUS,change_type
V4-0001,sources,SRC-144,(record),(did not exist in v3),ADDED,v4 source (read),SRC-144,paras 2-5,T2,30-10-2014,30-10-2014,HIGH,REGISTERED,ADDITION
V4-0002,sources,SRC-145,(record),(did not exist in v3),ADDED,v4 source (read),SRC-145,"paras 3, 4, 6",T2,31-01-2025,31-01-2025,HIGH,REGISTERED,ADDITION
V4-0003,sources,SRC-146,(record),(did not exist in v3),ADDED,v4 source (read),SRC-146,whole (legacy-font text layer partly garbled),T1,11-05-2023,30-05-2023,HIGH,REGISTERED,ADDITION
V4-0004,sources,SRC-147,(record),(did not exist in v3),ADDED,v4 source (read),SRC-147,whole,T1,2023,30-05-2023,HIGH,REGISTERED,ADDITION
V4-0005,sources,SRC-148,(record),(did not exist in v3),ADDED,v4 source (read),SRC-148,"paras 2, 3(I)-(III), 4; Annexure-A",T2,10-12-2025,10-12-2025,HIGH,REGISTERED,ADDITION
V4-0006,sources,SRC-149,(record),(did not exist in v3),ADDED,v4 source (read),SRC-149,"paras 2-4; Annexure A (G-1/G-2/G-3 rows, notes 1-12); Annexure A-1 (B-G; Chemical manufacturing rows)",T2,10-09-2014,10-09-2014,HIGH,REGISTERED,ADDITION
V4-0007,sources,SRC-150,(record),(did not exist in v3),ADDED,v4 source (read),SRC-150,whole,T2,07-07-2026,07-07-2026,HIGH,REGISTERED,ADDITION
V4-0008,sources,SRC-151,(record),(did not exist in v3),ADDED,v4 source (read),SRC-151,"p1 cover letter; pp2-17 gazette paras 4(3), 5, 6(7), 7, 8, 10(7), 12, 13(1), 16, Schedule",T2,21-04-2026,21-04-2026,HIGH,REGISTERED,ADDITION
V4-0009,sources,SRC-152,(record),(did not exist in v3),ADDED,v4 source (read),SRC-152,pp26-31 (table of 17 services); earlier GRs 2015/2018/2021 at pp1-25,T1,06-05-2025,19-05-2025,HIGH,REGISTERED,ADDITION
V4-0010,sources,SRC-153,(record),(did not exist in v3),ADDED,v4 source (read),SRC-153,links,T3,,,HIGH,REGISTERED,ADDITION
V4-0011,sources,SRC-154,(record),(did not exist in v3),ADDED,v4 source (read),SRC-154,gazette pp32-38 (Schedule 2; Schedule 3 Parts I-II),T1,27-11-1989,27-11-1989,HIGH,REGISTERED,ADDITION
V4-0012,sources,SRC-155,(record),(did not exist in v3),ADDED,v4 source (read),SRC-155,"Schedule 1 (subst. 2000), Schedule 2 (1994/2000 footnotes), Schedule 3 Parts I-II, Schedule 5",T1,2000 (consolidated),27-11-1989,HIGH,REGISTERED,ADDITION
V4-0013,sources,SRC-156,(record),(did not exist in v3),ADDED,v4 source (read),SRC-156,"rules 9 (Sch 1), 10 (Sch 2 cols, s.no.7, 28-30), 11(i) (Sch 3 Group 4 s.no.150,160,163,164,165 -> 100 kg), 11(ii) (Sch 3 Part II)",T1,19-01-2000,20-01-2000,HIGH,REGISTERED,ADDITION
V4-0014,sources,SRC-157,(record),(did not exist in v3),ADDED,v4 source (read),SRC-157,rules 9-11,T4,19-01-2000,20-01-2000,HIGH,REGISTERED,ADDITION
V4-0015,sources,SRC-158,(record),(did not exist in v3),ADDED,v4 source (read),SRC-158,Schedules 2-3,T3,,,HIGH,REGISTERED,ADDITION
V4-0016,sources,SRC-159,(record),(did not exist in v3),ADDED,v4 source (read),SRC-159,"rules 1-8 (r.3 defs ga, qa, qb, ua-uc 'seller'; r.11(2); r.12(3A)-(3C); r.16; Schedule II paras 7.2, 12.4, 13.1)",T1,31-03-2026,31-03-2026,HIGH,REGISTERED,ADDITION
V4-0017,sources,SRC-160,(record),(did not exist in v3),ADDED,v4 source (read),SRC-160,"r.1(2), r.2, r.3 definition of bulk waste generator, r.6, r.11 table",T1,27-01-2026,01-04-2026,HIGH,REGISTERED,ADDITION
V4-0018,sources,SRC-161,(record),(did not exist in v3),ADDED,v4 source (read),SRC-161,"sections I, II, V, VI, XIV",T2,,,HIGH,REGISTERED,ADDITION
V4-0019,sources,SRC-162,(record),(did not exist in v3),ADDED,v4 source (read),SRC-162,paras 1-2,T2,01-2025,,HIGH,REGISTERED,ADDITION
V4-0020,sources,SRC-163,(record),(did not exist in v3),ADDED,v4 source (read),SRC-163,whole,T2,2022,,HIGH,REGISTERED,ADDITION
V4-0021,sources,SRC-164,(record),(did not exist in v3),ADDED,v4 source (read),SRC-164,Schedule item 5(f),T1,12-03-2026,14-09-2006,HIGH,REGISTERED,ADDITION
V4-0022,sources,SRC-165,(record),(did not exist in v3),ADDED,v4 source (read),SRC-165,page,T3,,,HIGH,REGISTERED,ADDITION
V4-0023,fire_renewal_model,(table),(table),(did not exist in v3),ADDED 7 rows,v4 fire renewal model (read both circulars + Amendment Act + PA-7 order),SRC-144;SRC-145;SRC-148,see rows,T2,2025-01-31,2023-05-30,HIGH,see final_status column,NEW_TABLE
V4-0024,facts,F-FIR-20,(record),(did not exist in v3),ADDED,v4 fact for fire renewal model,SRC-145,para 4,T2,2025-01-31,2023-05-30,HIGH,ACTIVE,ADDITION
V4-0025,rules,R-099,(record),(did not exist in v3),ADDED,Fire renewal modelled per v4 brief,SRC-145;SRC-144,paras 3-6,T2,2025-01-31,2023-05-30,HIGH,IMPLEMENT (with UNKNOWN propagation),ADDITION
V4-0026,rules,R-042,condition,NONMIDC_FIRE := F-LOC-01 == FALSE AND R-079 == TRUE ; authority := R-078 ; renewal requirement := UNKNOWN (CON-013),NONMIDC_FIRE := F-LOC-01 == FALSE AND R-079 == TRUE ; authority := R-078 ; renewal requirement := R-099,CON-013 resolved - both circulars read,SRC-144;SRC-145,paras 2-6,T2,2025-01-31,2023-05-30,HIGH,IMPLEMENT,CORRECTION
V4-0027,approvals,APR-040,renewal_trigger,UNKNOWN (CON-013),NONE under Fire Act (FR-01); CONDITIONAL only if another Act/Rule specifically requires renewal (R-099); Form B Jan/Jul is an OPERATING_DUTY (FR-04),CON-013 resolved,SRC-145;SRC-144;SRC-150,Circular 31-01-2025 paras 3-6,T2,2025-01-31,2023-05-30,HIGH,IMPLEMENT,CORRECTION
V4-0028,approvals,APR-040,rule_ids,R-042,R-042;R-099,link,SRC-145,-,T2,2025-01-31,2023-05-30,HIGH,IMPLEMENT,CORRECTION
V4-0029,approvals,APR-040,notes,,Low-hazard self-certification path (FR-05) not available to chemical manufacturing (not in Annexure-A of Office Order 10-12-2025),PA-7 order read,SRC-148,Annexure-A,T2,2025-12-10,2025-12-10,HIGH,IMPLEMENT,CORRECTION
V4-0030,conflicts,CON-013,source_A,SRC-122 MFS circular list,SRC-144 Circular 30-10-2014 (read),Both circulars read in full (v3 relied on titles),SRC-144;SRC-145,paras 2-6,T2,2025-01-31,2023-05-30,HIGH,RESOLVED,CORRECTION
V4-0031,conflicts,CON-013,source_B,SRC-122 MFS circular list,SRC-145 Circular 31-01-2025 (read),Both circulars read in full (v3 relied on titles),SRC-144;SRC-145,paras 2-6,T2,2025-01-31,2023-05-30,HIGH,RESOLVED,CORRECTION
V4-0032,conflicts,CON-013,difference,Opposite titles; PDFs not read,NONE - titles looked opposite in v3 but both texts say renewal does not arise under the Fire Act; 2025 circular adds the s.3 proviso (renewal only if another Act/Rule requires it),Both circulars read in full (v3 relied on titles),SRC-144;SRC-145,paras 2-6,T2,2025-01-31,2023-05-30,HIGH,RESOLVED,CORRECTION
V4-0033,conflicts,CON-013,resolution,Unresolved - read both circulars,RESOLVED - not a conflict,Both circulars read in full (v3 relied on titles),SRC-144;SRC-145,paras 2-6,T2,2025-01-31,2023-05-30,HIGH,RESOLVED,CORRECTION
V4-0034,conflicts,CON-013,selected_value,UNKNOWN,Renewal DOES_NOT_APPLY under Fire Act; CONDITIONAL on other statutes (R-099),Both circulars read in full (v3 relied on titles),SRC-144;SRC-145,paras 2-6,T2,2025-01-31,2023-05-30,HIGH,RESOLVED,CORRECTION
V4-0035,conflicts,CON-013,confidence,LOW,HIGH,Both circulars read in full (v3 relied on titles),SRC-144;SRC-145,paras 2-6,T2,2025-01-31,2023-05-30,HIGH,RESOLVED,CORRECTION
V4-0036,conflicts,CON-013,final_status,REQUIRES_OFFICIAL_CONFIRMATION,VERIFIED,Both circulars read in full (v3 relied on titles),SRC-144;SRC-145,paras 2-6,T2,2025-01-31,2023-05-30,HIGH,RESOLVED,CORRECTION
V4-0037,conflicts,CON-024,(record),(did not exist in v3),ADDED,v4 new conflict,SRC-148;SRC-117,para 3(III),T1;T2,2025-12-10,2025-12-10,MEDIUM,DO_NOT_IMPLEMENT_YET,ADDITION
V4-0038,mfs_industrial_order,(table),(table),(did not exist in v3),ADDED 25 rows,v4 extraction of MFS Office Order 10-09-2014,SRC-149,Annexure A / A-1,T2,2014-09-10,2014-09-10,HIGH,see final_status column,NEW_TABLE
V4-0039,mpcb_gsr62_63_implementation,(table),(table),(did not exist in v3),ADDED 11 rows,v4: MPCB circular read in full (not title),SRC-151,cover letter + gazette,T2,2026-04-21,2026-01-27,HIGH,see final_status column,NEW_TABLE
V4-0040,closure_matrix,UNK-001,v4_closure,,PARTIALLY_CLOSED,MPCB circular 21-04-2026 read: general adherence direction; item-level status in mpcb_gsr62_63_implementation,SRC-151,cover letter,T2,2026-04-21,2026-01-27,HIGH,SEE mpcb_gsr62_63_implementation,CORRECTION
V4-0041,closure_matrix,UNK-003,v4_closure,,PARTIALLY_CLOSED,MPCB circular 21-04-2026 read: general adherence direction; item-level status in mpcb_gsr62_63_implementation,SRC-151,cover letter,T2,2026-04-21,2026-01-27,HIGH,SEE mpcb_gsr62_63_implementation,CORRECTION
V4-0042,midc_rts_services,(table),(table),(did not exist in v3),ADDED 17 rows,v4: actual notified list read (gazette 19-05-2025),SRC-152,pp26-31,T1,2025-05-19,2025-05-19,HIGH,see final_status column,NEW_TABLE
V4-0043,midc_sla,Combined building plan approval + provisional fire NOC,rts_legal_sla,UNKNOWN (UNK-037),"35 days (RTS s.no.7, notification 06-05-2025)",RTS list read,SRC-152,s.no.7,T1,2025-05-19,2025-05-19,HIGH,IMPLEMENT,CORRECTION
V4-0044,midc_sla,Combined building plan approval + provisional fire NOC,selected_value,NONE,LEGAL(RTS) 35 days; PORTAL 35 days - both retained with source_type,Keep both values,SRC-152;SRC-043,s.no.7,T1;T3,2025-05-19,2025-05-19,HIGH,IMPLEMENT,CORRECTION
V4-0045,midc_sla,Combined building plan approval + provisional fire NOC,final_status,REQUIRES_OFFICIAL_CONFIRMATION,VERIFIED,RTS legal value located,SRC-152,s.no.7,T1,2025-05-19,2025-05-19,HIGH,IMPLEMENT,CORRECTION
V4-0046,midc_sla,e-Intimation of plinth completion,rts_legal_sla,UNKNOWN,NOT IN RTS LIST (notification 06-05-2025) - portal SLA only,RTS list read,SRC-152,pp26-31,T1,2025-05-19,2025-05-19,HIGH,PORTAL_SLA_ONLY,CORRECTION
V4-0047,midc_sla,Occupancy certificate,rts_legal_sla,UNKNOWN,"10 days (RTS s.no.6, notification 06-05-2025)",RTS list read,SRC-152,s.no.6,T1,2025-05-19,2025-05-19,HIGH,IMPLEMENT,CORRECTION
V4-0048,midc_sla,Occupancy certificate,selected_value,NONE,LEGAL(RTS) 10 days; PORTAL 10 days - both retained with source_type,Keep both values,SRC-152;SRC-043,s.no.6,T1;T3,2025-05-19,2025-05-19,HIGH,IMPLEMENT,CORRECTION
V4-0049,midc_sla,Occupancy certificate,final_status,REQUIRES_OFFICIAL_CONFIRMATION,VERIFIED,RTS legal value located,SRC-152,s.no.6,T1,2025-05-19,2025-05-19,HIGH,IMPLEMENT,CORRECTION
V4-0050,midc_sla,Occupancy certificate,reason,Three official values,8 d / 15 d values from secondary official pages superseded for legal purposes by RTS 10 d,RTS list read,SRC-152,s.no.6,T1,2025-05-19,2025-05-19,HIGH,IMPLEMENT,CORRECTION
V4-0051,midc_sla,Final fire NOC,rts_legal_sla,UNKNOWN,"15 days (RTS s.no.3, notification 06-05-2025)",RTS list read,SRC-152,s.no.3,T1,2025-05-19,2025-05-19,HIGH,IMPLEMENT,CORRECTION
V4-0052,midc_sla,Final fire NOC,selected_value,15 days (portal SLA),LEGAL(RTS) 15 days; PORTAL 15 days - both retained with source_type,Keep both values,SRC-152;SRC-043,s.no.3,T1;T3,2025-05-19,2025-05-19,HIGH,IMPLEMENT,CORRECTION
V4-0053,midc_sla,Final fire NOC,final_status,VERIFIED_CONDITIONAL,VERIFIED,RTS legal value located,SRC-152,s.no.3,T1,2025-05-19,2025-05-19,HIGH,IMPLEMENT,CORRECTION
V4-0054,midc_sla,Renewal of fire NOC,rts_legal_sla,UNKNOWN,NOT IN RTS LIST (notification 06-05-2025) - portal SLA only,RTS list read,SRC-152,pp26-31,T1,2025-05-19,2025-05-19,HIGH,PORTAL_SLA_ONLY,CORRECTION
V4-0055,midc_sla,Final fire NOC - Form B submission,rts_legal_sla,UNKNOWN,NOT IN RTS LIST (notification 06-05-2025) - portal SLA only,RTS list read,SRC-152,pp26-31,T1,2025-05-19,2025-05-19,HIGH,PORTAL_SLA_ONLY,CORRECTION
V4-0056,midc_sla,New water connection,rts_legal_sla,UNKNOWN,"15 days (RTS s.no.1, notification 06-05-2025)",RTS list read,SRC-152,s.no.1,T1,2025-05-19,2025-05-19,HIGH,IMPLEMENT,CORRECTION
V4-0057,midc_sla,New water connection,selected_value,15 days (portal SLA),LEGAL(RTS) 15 days; PORTAL 15 days - both retained with source_type,Keep both values,SRC-152;SRC-043,s.no.1,T1;T3,2025-05-19,2025-05-19,HIGH,IMPLEMENT,CORRECTION
V4-0058,midc_sla,New water connection,final_status,VERIFIED_CONDITIONAL,VERIFIED,RTS legal value located,SRC-152,s.no.1,T1,2025-05-19,2025-05-19,HIGH,IMPLEMENT,CORRECTION
V4-0059,midc_sla,Drainage connection,rts_legal_sla,UNKNOWN,"15 days (RTS s.no.2, notification 06-05-2025)",RTS list read,SRC-152,s.no.2,T1,2025-05-19,2025-05-19,HIGH,IMPLEMENT,CORRECTION
V4-0060,midc_sla,Drainage connection,selected_value,15 days (portal SLA),LEGAL(RTS) 15 days; PORTAL 15 days - both retained with source_type,Keep both values,SRC-152;SRC-043,s.no.2,T1;T3,2025-05-19,2025-05-19,HIGH,IMPLEMENT,CORRECTION
V4-0061,midc_sla,Drainage connection,final_status,VERIFIED_CONDITIONAL,VERIFIED,RTS legal value located,SRC-152,s.no.2,T1,2025-05-19,2025-05-19,HIGH,IMPLEMENT,CORRECTION
V4-0062,midc_sla,Change in manufacturing activity,rts_legal_sla,UNKNOWN,"21 days (RTS s.no.15, notification 06-05-2025)",RTS list read,SRC-152,s.no.15,T1,2025-05-19,2025-05-19,HIGH,IMPLEMENT,CORRECTION
V4-0063,midc_sla,Change in manufacturing activity,selected_value,21 days (portal SLA),LEGAL(RTS) 21 days; PORTAL 21 days - both retained with source_type,Keep both values,SRC-152;SRC-043,s.no.15,T1;T3,2025-05-19,2025-05-19,HIGH,IMPLEMENT,CORRECTION
V4-0064,midc_sla,Change in manufacturing activity,final_status,VERIFIED_CONDITIONAL,VERIFIED,RTS legal value located,SRC-152,s.no.15,T1,2025-05-19,2025-05-19,HIGH,IMPLEMENT,CORRECTION
V4-0065,midc_sla,Change in land use and activity,rts_legal_sla,UNKNOWN,NOT IN RTS LIST (notification 06-05-2025) - portal SLA only,RTS list read,SRC-152,pp26-31,T1,2025-05-19,2025-05-19,HIGH,PORTAL_SLA_ONLY,CORRECTION
V4-0066,midc_sla,Plot transfer,rts_legal_sla,UNKNOWN,NOT IN RTS LIST (notification 06-05-2025) - portal SLA only,RTS list read,SRC-152,pp26-31,T1,2025-05-19,2025-05-19,HIGH,PORTAL_SLA_ONLY,CORRECTION
V4-0067,midc_sla,Plot sub-letting / sub-leasing,rts_legal_sla,UNKNOWN,NOT IN RTS LIST (notification 06-05-2025) - portal SLA only,RTS list read,SRC-152,pp26-31,T1,2025-05-19,2025-05-19,HIGH,PORTAL_SLA_ONLY,CORRECTION
V4-0068,midc_sla,Extension of time limit for obtaining OC,rts_legal_sla,UNKNOWN,NOT IN RTS LIST (notification 06-05-2025) - portal SLA only,RTS list read,SRC-152,pp26-31,T1,2025-05-19,2025-05-19,HIGH,PORTAL_SLA_ONLY,CORRECTION
V4-0069,midc_sla,Tree felling,rts_legal_sla,UNKNOWN,"45 days (RTS s.no.17, notification 06-05-2025)",RTS list read,SRC-152,s.no.17,T1,2025-05-19,2025-05-19,HIGH,IMPLEMENT,CORRECTION
V4-0070,midc_sla,Tree felling,selected_value,NONE,LEGAL(RTS) 45 days; PORTAL 45 days - both retained with source_type,Keep both values,SRC-152;SRC-043,s.no.17,T1;T3,2025-05-19,2025-05-19,HIGH,IMPLEMENT,CORRECTION
V4-0071,midc_sla,Tree felling,final_status,REQUIRES_OFFICIAL_CONFIRMATION,VERIFIED,RTS legal value located,SRC-152,s.no.17,T1,2025-05-19,2025-05-19,HIGH,IMPLEMENT,CORRECTION
V4-0072,midc_sla,Tree felling,reason,,EoDB 60 d value superseded for legal purposes by RTS 45 d,RTS list read,SRC-152,s.no.17,T1,2025-05-19,2025-05-19,HIGH,IMPLEMENT,CORRECTION
V4-0073,conflicts,CON-001,resolution,"Preserve all; display portal value as 'portal SLA', legal SLA UNKNOWN",RESOLVED - RTS notification 06-05-2025 gives the legal time limit; portal value retained separately (midc_sla),RTS list read,SRC-152,pp26-31,T1,2025-05-19,2025-05-19,HIGH,RESOLVED,CORRECTION
V4-0074,conflicts,CON-001,final_status,REQUIRES_OFFICIAL_CONFIRMATION,VERIFIED,RTS legal value located,SRC-152,pp26-31,T1,2025-05-19,2025-05-19,HIGH,RESOLVED,CORRECTION
V4-0075,conflicts,CON-001B,resolution,Preserve both,RESOLVED - RTS notification 06-05-2025 gives the legal time limit; portal value retained separately (midc_sla),RTS list read,SRC-152,pp26-31,T1,2025-05-19,2025-05-19,HIGH,RESOLVED,CORRECTION
V4-0076,conflicts,CON-001B,final_status,REQUIRES_OFFICIAL_CONFIRMATION,VERIFIED,RTS legal value located,SRC-152,pp26-31,T1,2025-05-19,2025-05-19,HIGH,RESOLVED,CORRECTION
V4-0077,conflicts,CON-001C,resolution,Preserve both,RESOLVED - RTS notification 06-05-2025 gives the legal time limit; portal value retained separately (midc_sla),RTS list read,SRC-152,pp26-31,T1,2025-05-19,2025-05-19,HIGH,RESOLVED,CORRECTION
V4-0078,conflicts,CON-001C,final_status,REQUIRES_OFFICIAL_CONFIRMATION,VERIFIED,RTS legal value located,SRC-152,pp26-31,T1,2025-05-19,2025-05-19,HIGH,RESOLVED,CORRECTION
V4-0079,closure_matrix,UNK-037,v4_closure,,CLOSED,17 RTS services extracted (midc_rts_services),SRC-152,pp26-31,T1,2025-05-19,2025-05-19,HIGH,CLOSED,CORRECTION
V4-0080,closure_matrix,UNK-023,v4_closure,,CLOSED,17 RTS services extracted (midc_rts_services),SRC-152,pp26-31,T1,2025-05-19,2025-05-19,HIGH,CLOSED,CORRECTION
V4-0081,msihc_t1_thresholds,(table),(table),(did not exist in v3),ADDED 221 rows,v4: full MSIHC Sch 1/2/3 extraction with two independent checks (original gazette + consolidated; 2000 gazette + FAOLEX),SRC-154;SRC-155;SRC-156;SRC-157,Schedules 1-3,T1;T4,1989-11-27,2000-01-20,HIGH,see final_status column,NEW_TABLE
V4-0082,msihc_chemical_mapping,MS2-01,status,REQUIRES_OFFICIAL_CONFIRMATION,SUPERSEDED (v4) - use msihc_t1_thresholds,"v3 values came from an unstable extraction of a scanned copy and several were wrong (e.g. MIC, phosgene, hydrogen)",SRC-154;SRC-155,see msihc_t1_thresholds,T1,1989-11-27,2000-01-20,HIGH,DO_NOT_USE,CORRECTION
V4-0083,msihc_chemical_mapping,MS2-02,status,REQUIRES_OFFICIAL_CONFIRMATION,SUPERSEDED (v4) - use msihc_t1_thresholds,"v3 values came from an unstable extraction of a scanned copy and several were wrong (e.g. MIC, phosgene, hydrogen)",SRC-154;SRC-155,see msihc_t1_thresholds,T1,1989-11-27,2000-01-20,HIGH,DO_NOT_USE,CORRECTION
V4-0084,msihc_chemical_mapping,MS2-03,status,REQUIRES_OFFICIAL_CONFIRMATION,SUPERSEDED (v4) - use msihc_t1_thresholds,"v3 values came from an unstable extraction of a scanned copy and several were wrong (e.g. MIC, phosgene, hydrogen)",SRC-154;SRC-155,see msihc_t1_thresholds,T1,1989-11-27,2000-01-20,HIGH,DO_NOT_USE,CORRECTION
V4-0085,msihc_chemical_mapping,MS2-04,status,REQUIRES_OFFICIAL_CONFIRMATION,SUPERSEDED (v4) - use msihc_t1_thresholds,"v3 values came from an unstable extraction of a scanned copy and several were wrong (e.g. MIC, phosgene, hydrogen)",SRC-154;SRC-155,see msihc_t1_thresholds,T1,1989-11-27,2000-01-20,HIGH,DO_NOT_USE,CORRECTION
V4-0086,msihc_chemical_mapping,MS2-05,status,REQUIRES_OFFICIAL_CONFIRMATION,SUPERSEDED (v4) - use msihc_t1_thresholds,"v3 values came from an unstable extraction of a scanned copy and several were wrong (e.g. MIC, phosgene, hydrogen)",SRC-154;SRC-155,see msihc_t1_thresholds,T1,1989-11-27,2000-01-20,HIGH,DO_NOT_USE,CORRECTION
V4-0087,msihc_chemical_mapping,MS2-06,status,REQUIRES_OFFICIAL_CONFIRMATION,SUPERSEDED (v4) - use msihc_t1_thresholds,"v3 values came from an unstable extraction of a scanned copy and several were wrong (e.g. MIC, phosgene, hydrogen)",SRC-154;SRC-155,see msihc_t1_thresholds,T1,1989-11-27,2000-01-20,HIGH,DO_NOT_USE,CORRECTION
V4-0088,msihc_chemical_mapping,MS2-07,status,REQUIRES_OFFICIAL_CONFIRMATION,SUPERSEDED (v4) - use msihc_t1_thresholds,"v3 values came from an unstable extraction of a scanned copy and several were wrong (e.g. MIC, phosgene, hydrogen)",SRC-154;SRC-155,see msihc_t1_thresholds,T1,1989-11-27,2000-01-20,HIGH,DO_NOT_USE,CORRECTION
V4-0089,msihc_chemical_mapping,MS2-08,status,REQUIRES_OFFICIAL_CONFIRMATION,SUPERSEDED (v4) - use msihc_t1_thresholds,"v3 values came from an unstable extraction of a scanned copy and several were wrong (e.g. MIC, phosgene, hydrogen)",SRC-154;SRC-155,see msihc_t1_thresholds,T1,1989-11-27,2000-01-20,HIGH,DO_NOT_USE,CORRECTION
V4-0090,msihc_chemical_mapping,MS2-09,status,REQUIRES_OFFICIAL_CONFIRMATION,SUPERSEDED (v4) - use msihc_t1_thresholds,"v3 values came from an unstable extraction of a scanned copy and several were wrong (e.g. MIC, phosgene, hydrogen)",SRC-154;SRC-155,see msihc_t1_thresholds,T1,1989-11-27,2000-01-20,HIGH,DO_NOT_USE,CORRECTION
V4-0091,msihc_chemical_mapping,MS2-10,status,REQUIRES_OFFICIAL_CONFIRMATION,SUPERSEDED (v4) - use msihc_t1_thresholds,"v3 values came from an unstable extraction of a scanned copy and several were wrong (e.g. MIC, phosgene, hydrogen)",SRC-154;SRC-155,see msihc_t1_thresholds,T1,1989-11-27,2000-01-20,HIGH,DO_NOT_USE,CORRECTION
V4-0092,msihc_chemical_mapping,MS2-11,status,REQUIRES_OFFICIAL_CONFIRMATION,SUPERSEDED (v4) - use msihc_t1_thresholds,"v3 values came from an unstable extraction of a scanned copy and several were wrong (e.g. MIC, phosgene, hydrogen)",SRC-154;SRC-155,see msihc_t1_thresholds,T1,1989-11-27,2000-01-20,HIGH,DO_NOT_USE,CORRECTION
V4-0093,msihc_chemical_mapping,MS3-01,status,REQUIRES_OFFICIAL_CONFIRMATION,SUPERSEDED (v4) - use msihc_t1_thresholds,"v3 values came from an unstable extraction of a scanned copy and several were wrong (e.g. MIC, phosgene, hydrogen)",SRC-154;SRC-155,see msihc_t1_thresholds,T1,1989-11-27,2000-01-20,HIGH,DO_NOT_USE,CORRECTION
V4-0094,msihc_chemical_mapping,MS3-02,status,REQUIRES_OFFICIAL_CONFIRMATION,SUPERSEDED (v4) - use msihc_t1_thresholds,"v3 values came from an unstable extraction of a scanned copy and several were wrong (e.g. MIC, phosgene, hydrogen)",SRC-154;SRC-155,see msihc_t1_thresholds,T1,1989-11-27,2000-01-20,HIGH,DO_NOT_USE,CORRECTION
V4-0095,msihc_chemical_mapping,MS3-03,status,REQUIRES_OFFICIAL_CONFIRMATION,SUPERSEDED (v4) - use msihc_t1_thresholds,"v3 values came from an unstable extraction of a scanned copy and several were wrong (e.g. MIC, phosgene, hydrogen)",SRC-154;SRC-155,see msihc_t1_thresholds,T1,1989-11-27,2000-01-20,HIGH,DO_NOT_USE,CORRECTION
V4-0096,msihc_chemical_mapping,MS3-04,status,REQUIRES_OFFICIAL_CONFIRMATION,SUPERSEDED (v4) - use msihc_t1_thresholds,"v3 values came from an unstable extraction of a scanned copy and several were wrong (e.g. MIC, phosgene, hydrogen)",SRC-154;SRC-155,see msihc_t1_thresholds,T1,1989-11-27,2000-01-20,HIGH,DO_NOT_USE,CORRECTION
V4-0097,msihc_chemical_mapping,MS3-05,status,REQUIRES_OFFICIAL_CONFIRMATION,SUPERSEDED (v4) - use msihc_t1_thresholds,"v3 values came from an unstable extraction of a scanned copy and several were wrong (e.g. MIC, phosgene, hydrogen)",SRC-154;SRC-155,see msihc_t1_thresholds,T1,1989-11-27,2000-01-20,HIGH,DO_NOT_USE,CORRECTION
V4-0098,msihc_chemical_mapping,MS3-06,status,REQUIRES_OFFICIAL_CONFIRMATION,SUPERSEDED (v4) - use msihc_t1_thresholds,"v3 values came from an unstable extraction of a scanned copy and several were wrong (e.g. MIC, phosgene, hydrogen)",SRC-154;SRC-155,see msihc_t1_thresholds,T1,1989-11-27,2000-01-20,HIGH,DO_NOT_USE,CORRECTION
V4-0099,msihc_chemical_mapping,MS3-07,status,REQUIRES_OFFICIAL_CONFIRMATION,SUPERSEDED (v4) - use msihc_t1_thresholds,"v3 values came from an unstable extraction of a scanned copy and several were wrong (e.g. MIC, phosgene, hydrogen)",SRC-154;SRC-155,see msihc_t1_thresholds,T1,1989-11-27,2000-01-20,HIGH,DO_NOT_USE,CORRECTION
V4-0100,msihc_chemical_mapping,MS3-08,status,REQUIRES_OFFICIAL_CONFIRMATION,SUPERSEDED (v4) - use msihc_t1_thresholds,"v3 values came from an unstable extraction of a scanned copy and several were wrong (e.g. MIC, phosgene, hydrogen)",SRC-154;SRC-155,see msihc_t1_thresholds,T1,1989-11-27,2000-01-20,HIGH,DO_NOT_USE,CORRECTION
V4-0101,msihc_chemical_mapping,MS3-09,status,REQUIRES_OFFICIAL_CONFIRMATION,SUPERSEDED (v4) - use msihc_t1_thresholds,"v3 values came from an unstable extraction of a scanned copy and several were wrong (e.g. MIC, phosgene, hydrogen)",SRC-154;SRC-155,see msihc_t1_thresholds,T1,1989-11-27,2000-01-20,HIGH,DO_NOT_USE,CORRECTION
V4-0102,msihc_chemical_mapping,MS3-10,status,REQUIRES_OFFICIAL_CONFIRMATION,SUPERSEDED (v4) - use msihc_t1_thresholds,"v3 values came from an unstable extraction of a scanned copy and several were wrong (e.g. MIC, phosgene, hydrogen)",SRC-154;SRC-155,see msihc_t1_thresholds,T1,1989-11-27,2000-01-20,HIGH,DO_NOT_USE,CORRECTION
V4-0103,msihc_chemical_mapping,MS3-11,status,REQUIRES_OFFICIAL_CONFIRMATION,SUPERSEDED (v4) - use msihc_t1_thresholds,"v3 values came from an unstable extraction of a scanned copy and several were wrong (e.g. MIC, phosgene, hydrogen)",SRC-154;SRC-155,see msihc_t1_thresholds,T1,1989-11-27,2000-01-20,HIGH,DO_NOT_USE,CORRECTION
V4-0104,msihc_chemical_mapping,MS3-12,status,REQUIRES_OFFICIAL_CONFIRMATION,SUPERSEDED (v4) - use msihc_t1_thresholds,"v3 values came from an unstable extraction of a scanned copy and several were wrong (e.g. MIC, phosgene, hydrogen)",SRC-154;SRC-155,see msihc_t1_thresholds,T1,1989-11-27,2000-01-20,HIGH,DO_NOT_USE,CORRECTION
V4-0105,msihc_chemical_mapping,MS3-13,status,REQUIRES_OFFICIAL_CONFIRMATION,SUPERSEDED (v4) - use msihc_t1_thresholds,"v3 values came from an unstable extraction of a scanned copy and several were wrong (e.g. MIC, phosgene, hydrogen)",SRC-154;SRC-155,see msihc_t1_thresholds,T1,1989-11-27,2000-01-20,HIGH,DO_NOT_USE,CORRECTION
V4-0106,msihc_chemical_mapping,MS3-14,status,REQUIRES_OFFICIAL_CONFIRMATION,SUPERSEDED (v4) - use msihc_t1_thresholds,"v3 values came from an unstable extraction of a scanned copy and several were wrong (e.g. MIC, phosgene, hydrogen)",SRC-154;SRC-155,see msihc_t1_thresholds,T1,1989-11-27,2000-01-20,HIGH,DO_NOT_USE,CORRECTION
V4-0107,msihc_chemical_mapping,MS3-15,status,REQUIRES_OFFICIAL_CONFIRMATION,SUPERSEDED (v4) - use msihc_t1_thresholds,"v3 values came from an unstable extraction of a scanned copy and several were wrong (e.g. MIC, phosgene, hydrogen)",SRC-154;SRC-155,see msihc_t1_thresholds,T1,1989-11-27,2000-01-20,HIGH,DO_NOT_USE,CORRECTION
V4-0108,msihc_chemical_mapping,MS3-16,status,REQUIRES_OFFICIAL_CONFIRMATION,SUPERSEDED (v4) - use msihc_t1_thresholds,"v3 values came from an unstable extraction of a scanned copy and several were wrong (e.g. MIC, phosgene, hydrogen)",SRC-154;SRC-155,see msihc_t1_thresholds,T1,1989-11-27,2000-01-20,HIGH,DO_NOT_USE,CORRECTION
V4-0109,msihc_chemical_mapping,MS3-17,status,REQUIRES_OFFICIAL_CONFIRMATION,SUPERSEDED (v4) - use msihc_t1_thresholds,"v3 values came from an unstable extraction of a scanned copy and several were wrong (e.g. MIC, phosgene, hydrogen)",SRC-154;SRC-155,see msihc_t1_thresholds,T1,1989-11-27,2000-01-20,HIGH,DO_NOT_USE,CORRECTION
V4-0110,msihc_chemical_mapping,MS3-18,status,REQUIRES_OFFICIAL_CONFIRMATION,SUPERSEDED (v4) - use msihc_t1_thresholds,"v3 values came from an unstable extraction of a scanned copy and several were wrong (e.g. MIC, phosgene, hydrogen)",SRC-154;SRC-155,see msihc_t1_thresholds,T1,1989-11-27,2000-01-20,HIGH,DO_NOT_USE,CORRECTION
V4-0111,msihc_chemical_mapping,MS3-19,status,REQUIRES_OFFICIAL_CONFIRMATION,SUPERSEDED (v4) - use msihc_t1_thresholds,"v3 values came from an unstable extraction of a scanned copy and several were wrong (e.g. MIC, phosgene, hydrogen)",SRC-154;SRC-155,see msihc_t1_thresholds,T1,1989-11-27,2000-01-20,HIGH,DO_NOT_USE,CORRECTION
V4-0112,msihc_chemical_mapping,MS3-20,status,REQUIRES_OFFICIAL_CONFIRMATION,SUPERSEDED (v4) - use msihc_t1_thresholds,"v3 values came from an unstable extraction of a scanned copy and several were wrong (e.g. MIC, phosgene, hydrogen)",SRC-154;SRC-155,see msihc_t1_thresholds,T1,1989-11-27,2000-01-20,HIGH,DO_NOT_USE,CORRECTION
V4-0113,msihc_chemical_mapping,MS3-21,status,REQUIRES_OFFICIAL_CONFIRMATION,SUPERSEDED (v4) - use msihc_t1_thresholds,"v3 values came from an unstable extraction of a scanned copy and several were wrong (e.g. MIC, phosgene, hydrogen)",SRC-154;SRC-155,see msihc_t1_thresholds,T1,1989-11-27,2000-01-20,HIGH,DO_NOT_USE,CORRECTION
V4-0114,msihc_chemical_mapping,MS3-22,status,REQUIRES_OFFICIAL_CONFIRMATION,SUPERSEDED (v4) - use msihc_t1_thresholds,"v3 values came from an unstable extraction of a scanned copy and several were wrong (e.g. MIC, phosgene, hydrogen)",SRC-154;SRC-155,see msihc_t1_thresholds,T1,1989-11-27,2000-01-20,HIGH,DO_NOT_USE,CORRECTION
V4-0115,msihc_chemical_mapping,MS3-23,status,REQUIRES_OFFICIAL_CONFIRMATION,SUPERSEDED (v4) - use msihc_t1_thresholds,"v3 values came from an unstable extraction of a scanned copy and several were wrong (e.g. MIC, phosgene, hydrogen)",SRC-154;SRC-155,see msihc_t1_thresholds,T1,1989-11-27,2000-01-20,HIGH,DO_NOT_USE,CORRECTION
V4-0116,msihc_chemical_mapping,MP2-01,status,REQUIRES_OFFICIAL_CONFIRMATION,SUPERSEDED (v4) - use msihc_t1_thresholds,"v3 values came from an unstable extraction of a scanned copy and several were wrong (e.g. MIC, phosgene, hydrogen)",SRC-154;SRC-155,see msihc_t1_thresholds,T1,1989-11-27,2000-01-20,HIGH,DO_NOT_USE,CORRECTION
V4-0117,msihc_chemical_mapping,MP2-02,status,REQUIRES_OFFICIAL_CONFIRMATION,SUPERSEDED (v4) - use msihc_t1_thresholds,"v3 values came from an unstable extraction of a scanned copy and several were wrong (e.g. MIC, phosgene, hydrogen)",SRC-154;SRC-155,see msihc_t1_thresholds,T1,1989-11-27,2000-01-20,HIGH,DO_NOT_USE,CORRECTION
V4-0118,msihc_chemical_mapping,MP2-03,status,REQUIRES_OFFICIAL_CONFIRMATION,SUPERSEDED (v4) - use msihc_t1_thresholds,"v3 values came from an unstable extraction of a scanned copy and several were wrong (e.g. MIC, phosgene, hydrogen)",SRC-154;SRC-155,see msihc_t1_thresholds,T1,1989-11-27,2000-01-20,HIGH,DO_NOT_USE,CORRECTION
V4-0119,msihc_chemical_mapping,MNL-01,status,REQUIRES_OFFICIAL_CONFIRMATION,SUPERSEDED (v4) - use msihc_t1_thresholds,"v3 values came from an unstable extraction of a scanned copy and several were wrong (e.g. MIC, phosgene, hydrogen)",SRC-154;SRC-155,see msihc_t1_thresholds,T1,1989-11-27,2000-01-20,HIGH,DO_NOT_USE,CORRECTION
V4-0120,msihc_chemical_mapping,MNL-02,status,REQUIRES_OFFICIAL_CONFIRMATION,SUPERSEDED (v4) - use msihc_t1_thresholds,"v3 values came from an unstable extraction of a scanned copy and several were wrong (e.g. MIC, phosgene, hydrogen)",SRC-154;SRC-155,see msihc_t1_thresholds,T1,1989-11-27,2000-01-20,HIGH,DO_NOT_USE,CORRECTION
V4-0121,msihc_chemical_mapping,MNL-03,status,REQUIRES_OFFICIAL_CONFIRMATION,SUPERSEDED (v4) - use msihc_t1_thresholds,"v3 values came from an unstable extraction of a scanned copy and several were wrong (e.g. MIC, phosgene, hydrogen)",SRC-154;SRC-155,see msihc_t1_thresholds,T1,1989-11-27,2000-01-20,HIGH,DO_NOT_USE,CORRECTION
V4-0122,msihc_chemical_mapping,MNL-04,status,REQUIRES_OFFICIAL_CONFIRMATION,SUPERSEDED (v4) - use msihc_t1_thresholds,"v3 values came from an unstable extraction of a scanned copy and several were wrong (e.g. MIC, phosgene, hydrogen)",SRC-154;SRC-155,see msihc_t1_thresholds,T1,1989-11-27,2000-01-20,HIGH,DO_NOT_USE,CORRECTION
V4-0123,msihc_chemical_mapping,MNL-05,status,REQUIRES_OFFICIAL_CONFIRMATION,SUPERSEDED (v4) - use msihc_t1_thresholds,"v3 values came from an unstable extraction of a scanned copy and several were wrong (e.g. MIC, phosgene, hydrogen)",SRC-154;SRC-155,see msihc_t1_thresholds,T1,1989-11-27,2000-01-20,HIGH,DO_NOT_USE,CORRECTION
V4-0124,msihc_chemical_mapping,MNL-06,status,REQUIRES_OFFICIAL_CONFIRMATION,SUPERSEDED (v4) - use msihc_t1_thresholds,"v3 values came from an unstable extraction of a scanned copy and several were wrong (e.g. MIC, phosgene, hydrogen)",SRC-154;SRC-155,see msihc_t1_thresholds,T1,1989-11-27,2000-01-20,HIGH,DO_NOT_USE,CORRECTION
V4-0125,msihc_chemical_mapping,MNL-07,status,REQUIRES_OFFICIAL_CONFIRMATION,SUPERSEDED (v4) - use msihc_t1_thresholds,"v3 values came from an unstable extraction of a scanned copy and several were wrong (e.g. MIC, phosgene, hydrogen)",SRC-154;SRC-155,see msihc_t1_thresholds,T1,1989-11-27,2000-01-20,HIGH,DO_NOT_USE,CORRECTION
V4-0126,msihc_chemical_mapping,MNL-08,status,REQUIRES_OFFICIAL_CONFIRMATION,SUPERSEDED (v4) - use msihc_t1_thresholds,"v3 values came from an unstable extraction of a scanned copy and several were wrong (e.g. MIC, phosgene, hydrogen)",SRC-154;SRC-155,see msihc_t1_thresholds,T1,1989-11-27,2000-01-20,HIGH,DO_NOT_USE,CORRECTION
V4-0127,msihc_chemical_mapping,MNL-09,status,REQUIRES_OFFICIAL_CONFIRMATION,SUPERSEDED (v4) - use msihc_t1_thresholds,"v3 values came from an unstable extraction of a scanned copy and several were wrong (e.g. MIC, phosgene, hydrogen)",SRC-154;SRC-155,see msihc_t1_thresholds,T1,1989-11-27,2000-01-20,HIGH,DO_NOT_USE,CORRECTION
V4-0128,msihc_chemical_mapping,MNL-10,status,REQUIRES_OFFICIAL_CONFIRMATION,SUPERSEDED (v4) - use msihc_t1_thresholds,"v3 values came from an unstable extraction of a scanned copy and several were wrong (e.g. MIC, phosgene, hydrogen)",SRC-154;SRC-155,see msihc_t1_thresholds,T1,1989-11-27,2000-01-20,HIGH,DO_NOT_USE,CORRECTION
V4-0129,msihc_chemical_mapping,MNL-11,status,REQUIRES_OFFICIAL_CONFIRMATION,SUPERSEDED (v4) - use msihc_t1_thresholds,"v3 values came from an unstable extraction of a scanned copy and several were wrong (e.g. MIC, phosgene, hydrogen)",SRC-154;SRC-155,see msihc_t1_thresholds,T1,1989-11-27,2000-01-20,HIGH,DO_NOT_USE,CORRECTION
V4-0130,msihc_chemical_mapping,MNL-12,status,REQUIRES_OFFICIAL_CONFIRMATION,SUPERSEDED (v4) - use msihc_t1_thresholds,"v3 values came from an unstable extraction of a scanned copy and several were wrong (e.g. MIC, phosgene, hydrogen)",SRC-154;SRC-155,see msihc_t1_thresholds,T1,1989-11-27,2000-01-20,HIGH,DO_NOT_USE,CORRECTION
V4-0131,msihc_chemical_mapping,MNL-13,status,REQUIRES_OFFICIAL_CONFIRMATION,SUPERSEDED (v4) - use msihc_t1_thresholds,"v3 values came from an unstable extraction of a scanned copy and several were wrong (e.g. MIC, phosgene, hydrogen)",SRC-154;SRC-155,see msihc_t1_thresholds,T1,1989-11-27,2000-01-20,HIGH,DO_NOT_USE,CORRECTION
V4-0132,msihc_chemical_mapping,MNL-14,status,REQUIRES_OFFICIAL_CONFIRMATION,SUPERSEDED (v4) - use msihc_t1_thresholds,"v3 values came from an unstable extraction of a scanned copy and several were wrong (e.g. MIC, phosgene, hydrogen)",SRC-154;SRC-155,see msihc_t1_thresholds,T1,1989-11-27,2000-01-20,HIGH,DO_NOT_USE,CORRECTION
V4-0133,msihc_chemical_mapping,MNL-15,status,REQUIRES_OFFICIAL_CONFIRMATION,SUPERSEDED (v4) - use msihc_t1_thresholds,"v3 values came from an unstable extraction of a scanned copy and several were wrong (e.g. MIC, phosgene, hydrogen)",SRC-154;SRC-155,see msihc_t1_thresholds,T1,1989-11-27,2000-01-20,HIGH,DO_NOT_USE,CORRECTION
V4-0134,msihc_chemical_mapping,MNL-16,status,REQUIRES_OFFICIAL_CONFIRMATION,SUPERSEDED (v4) - use msihc_t1_thresholds,"v3 values came from an unstable extraction of a scanned copy and several were wrong (e.g. MIC, phosgene, hydrogen)",SRC-154;SRC-155,see msihc_t1_thresholds,T1,1989-11-27,2000-01-20,HIGH,DO_NOT_USE,CORRECTION
V4-0135,msihc_chemical_mapping,MNL-17,status,REQUIRES_OFFICIAL_CONFIRMATION,SUPERSEDED (v4) - use msihc_t1_thresholds,"v3 values came from an unstable extraction of a scanned copy and several were wrong (e.g. MIC, phosgene, hydrogen)",SRC-154;SRC-155,see msihc_t1_thresholds,T1,1989-11-27,2000-01-20,HIGH,DO_NOT_USE,CORRECTION
V4-0136,rules,R-091,notes,Users are not asked to assert MAH,Per-chemical thresholds: use msihc_t1_thresholds cells whose col3_status/col4_status start with VERIFIED; any REQUIRES_OFFICIAL_CONFIRMATION cell -> result UNKNOWN for that chemical; col 4 NOT_PRINTED -> rules 10-12/13-15 via that entry UNKNOWN (never FALSE),v4 threshold table,SRC-154;SRC-155;SRC-156,Schedules 2-3,T1,2000-01-20,2000-01-20,HIGH,IMPLEMENT (cell-level gating),CORRECTION
V4-0137,rules,R-020,notes,Per-chemical col 4 values in msihc_chemical_mapping.csv. v2 examples (ammonia 500 t; chlorine 25 t) differ from the SPCB-hosted scan extraction (ammonia 200 t; chlorine 25 t or 75 t) -> CON-021.,Col 4 per msihc_t1_thresholds; NOT_PRINTED or unconfirmed col 4 -> UNKNOWN (never FALSE),v4 threshold table,SRC-154;SRC-155;SRC-156,Schedules 2-3,T1,2000-01-20,2000-01-20,HIGH,IMPLEMENT (cell-level gating),CORRECTION
V4-0138,conflicts,CON-021,resolution,Hold all per-chemical values as REQUIRES_OFFICIAL_CONFIRMATION until verified against clean T1 text,"RESOLVED - v3 'HSPCB scan' values were extraction errors; original 1989 Gazette (MoEFCC scan, visually checked) and India Code consolidated text agree (e.g. ammonia 50/500 t, chlorine 10/25 t, H2S 5/50 t, SO2 20/250 t, hydrogen 2/50 t, bromine 40 t + 1994 col-4 500 t)",Two independent checks performed,SRC-154;SRC-155,Sch 3 Part I s.no.100-149,T1,1989-11-27,2000-01-20,HIGH,RESOLVED,CORRECTION
V4-0139,conflicts,CON-021,selected_value,NONE deterministic,msihc_t1_thresholds,Two independent checks performed,SRC-154;SRC-155,Sch 3 Part I s.no.100-149,T1,1989-11-27,2000-01-20,HIGH,RESOLVED,CORRECTION
V4-0140,conflicts,CON-021,confidence,LOW,HIGH,Two independent checks performed,SRC-154;SRC-155,Sch 3 Part I s.no.100-149,T1,1989-11-27,2000-01-20,HIGH,RESOLVED,CORRECTION
V4-0141,conflicts,CON-021,final_status,REQUIRES_OFFICIAL_CONFIRMATION,VERIFIED,Two independent checks performed,SRC-154;SRC-155,Sch 3 Part I s.no.100-149,T1,1989-11-27,2000-01-20,HIGH,RESOLVED,CORRECTION
V4-0142,conflicts,CON-022,(record),(did not exist in v3),ADDED,v4 conflict,SRC-155;SRC-156,r.11(i),T1,2000-01-20,2000-01-20,HIGH,RESOLVED,ADDITION
V4-0143,conflicts,CON-023,(record),(did not exist in v3),ADDED,v4 conflict,SRC-154;SRC-155,s.no.111,T1,1989-11-27,-,MEDIUM,DO_NOT_IMPLEMENT_YET,ADDITION
V4-0144,epr_regimes,(table),(table),(did not exist in v3),ADDED 8 rows,v4 EPR / producer-duty screen by obligated entity,SRC-159;SRC-160;SRC-161;SRC-162;SRC-163;SRC-135,see rows,T1;T2,2026-03-31,see rows,MEDIUM,see final_status column,NEW_TABLE
V4-0145,closure_matrix,UNK-040,v4_closure,,PARTIALLY_CLOSED,epr_regimes classifies each regime by obligated entity; used oil/tyre/battery-amendment details open,SRC-159;SRC-160;SRC-161,epr_regimes,T1;T2,2026-03-31,-,MEDIUM,SEE epr_regimes,CORRECTION
V4-0146,planning_steps,(table),(table),(did not exist in v3),ADDED 8 rows,v4 non-MIDC planning steps from UDCPR text,SRC-124;SRC-123,"UDCPR 1.4, 2.6-2.11",T1;T2,2024-01-30,2020-12-03,MEDIUM,see final_status column,NEW_TABLE
V4-0147,planning_model_fields,(table),(table),(did not exist in v3),ADDED 9 rows,v4 planning model fields,SRC-124,-,T2,2024-01-30,-,MEDIUM,see final_status column,NEW_TABLE
V4-0148,closure_matrix,UNK-044,v4_closure,,PARTIALLY_CLOSED,UDCPR 2.9/2.10 give CC->OC sequence and fire interface for special buildings; CTO/factory-licence ordering still open,SRC-124,UDCPR 2.9-2.10,T2,2024-01-30,2020-12-03,MEDIUM,SEE planning_steps,CORRECTION
V4-0149,incentive_status,SGST-linked Industrial Promotion Subsidy,v4_status,,POLICY_ONLY,v4 classification enum,SRC-061;SRC-074,-,T1;T3,2025-12-31,-,HIGH,DO_NOT_IMPLEMENT_YET,CORRECTION
V4-0150,incentive_status,Electricity duty exemption,v4_status,,POLICY_ONLY,v4 classification enum,SRC-061;SRC-074,-,T1;T3,2025-12-31,-,HIGH,DO_NOT_IMPLEMENT_YET,CORRECTION
V4-0151,incentive_status,Power tariff subsidy,v4_status,,POLICY_ONLY,v4 classification enum,SRC-061;SRC-074,-,T1;T3,2025-12-31,-,HIGH,DO_NOT_IMPLEMENT_YET,CORRECTION
V4-0152,incentive_status,Capital subsidy,v4_status,,POLICY_ONLY,v4 classification enum,SRC-061;SRC-074,-,T1;T3,2025-12-31,-,HIGH,DO_NOT_IMPLEMENT_YET,CORRECTION
V4-0153,incentive_status,Interest subsidy,v4_status,,POLICY_ONLY,v4 classification enum,SRC-061;SRC-074,-,T1;T3,2025-12-31,-,HIGH,DO_NOT_IMPLEMENT_YET,CORRECTION
V4-0154,incentive_status,Employment/EPF-linked subsidy,v4_status,,POLICY_ONLY,v4 classification enum,SRC-061;SRC-074,-,T1;T3,2025-12-31,-,HIGH,DO_NOT_IMPLEMENT_YET,CORRECTION
V4-0155,incentive_status,Stamp duty exemption,v4_status,,POLICY_ONLY,v4 classification enum,SRC-061;SRC-074,-,T1;T3,2025-12-31,-,HIGH,DO_NOT_IMPLEMENT_YET,CORRECTION
V4-0156,incentive_status,Large/Mega/Special-large packages,v4_status,,POLICY_ONLY,v4 classification enum,SRC-061;SRC-074,-,T1;T3,2025-12-31,-,HIGH,DO_NOT_IMPLEMENT_YET,CORRECTION
V4-0157,incentive_status,Eligibility certificate,v4_status,,POLICY_ONLY,v4 classification enum,SRC-061;SRC-074,-,T1;T3,2025-12-31,-,HIGH,DO_NOT_IMPLEMENT_YET,CORRECTION
V4-0158,incentive_status,Claim certificate,v4_status,,POLICY_ONLY,v4 classification enum,SRC-061;SRC-074,-,T1;T3,2025-12-31,-,HIGH,DO_NOT_IMPLEMENT_YET,CORRECTION
V4-0159,incentive_status,PSI 2019 (legacy/transition),v4_status,,TRANSITIONAL,v4 classification enum,SRC-125;SRC-126,-,T1,2025-12-31,-,HIGH,REQUIRES_OFFICIAL_CONFIRMATION,CORRECTION
V4-0160,incentive_status,Taluka/zone classification (IISP Annexure I),v4_status,,POLICY_ONLY (classification lookup),v4 classification enum,SRC-061,-,T1,2025-12-31,-,HIGH,VERIFIED_CONDITIONAL,CORRECTION
V4-0161,incentive_status,"Sector packages (thrust sector 'Pharmaceutical, Chemicals, Polymers')",(record),(did not exist in v3),ADDED,v4 completeness,SRC-061,-,T1,2025-12-31,-,HIGH,DO_NOT_IMPLEMENT_YET,ADDITION
V4-0162,incentive_status,PSI 2025 / Package Scheme under IISP 2025 (instrument),(record),(did not exist in v3),ADDED,v4 completeness,SRC-061,-,T1,2025-12-31,-,HIGH,DO_NOT_IMPLEMENT_YET,ADDITION
V4-0163,incentive_search_log,ISL-v4-01,(record),(did not exist in v3),ADDED,v4 search log,SRC-061,-,T1,2026-09-26,-,MEDIUM,LOG,ADDITION
V4-0164,groundwater_regulator_matrix,(table),(table),(did not exist in v3),ADDED 6 rows,v4: CGWA and Maharashtra powers kept separate,SRC-052;SRC-131;SRC-132,see rows,T1,2023-03-29,2014-06-01,MEDIUM,see final_status column,NEW_TABLE
V4-0165,rules,R-071,condition,MH_GW_ACT_IN_FORCE := TRUE from 01-06-2014 ; MH_GW_DEEP_WELL_BRANCH evaluated by R-098 ; Groundwater Rules 2018 remain DRAFT,MH_GW_ACT_IN_FORCE := TRUE from 01-06-2014 ; MH_GW_DEEP_WELL_BRANCH evaluated by R-097 ; Groundwater Rules 2018 remain DRAFT,v3 cross-reference error (deep-well rule is R-097; R-098 is Mathadi),SRC-131;SRC-132,s.8,T1,2013-12-03,2014-06-01,HIGH,IMPLEMENT,CORRECTION
V4-0166,dsb_workflow,(table),(table),(did not exist in v3),ADDED 5 rows,v4 boiler workflow status,SRC-034;SRC-165,-,T1;T3,-,2025-05-01,MEDIUM,see final_status column,NEW_TABLE
V4-0167,maitri_service_matrix,(table),(table),(did not exist in v3),ADDED 58 rows,v4 MAITRI fields per brief (derived from v3 evidence; no new portal evidence; empty page never read as NO_INTEGRATION),SRC-142,-,T3,-,-,MEDIUM,SERVICE_LAYER_ONLY,NEW_TABLE
V4-0168,rules,R-062,notes,See CON-006,MPCB circular 21-04-2026 directs officers to adhere to GSR 62/63 (general direction; mpcb_gsr62_63_implementation GSR-03/05/06). CTO granted on/after 27-01-2026 -> VALID_TILL_CANCELLED; CTO granted earlier -> UNKNOWN (UNK-032); one-time fee BLOCKED (GSR-04),MPCB circular read,SRC-151,"cover letter; paras 4(3), 5, 13",T2,2026-04-21,2026-01-27,HIGH,IMPLEMENT (UNKNOWN for legacy CTOs),CORRECTION
V4-0169,closure_matrix,UNK-010,v4_closure,,STILL_OPEN,"Two consolidated EIA copies (Jan 2026, Jul 2026) have no multi-item note; a Dec-2025 MoEFCC OM on 5(f) 'same category' changes was seen only in secondary posts (not read); R-074 kept UNKNOWN",SRC-001;SRC-164;SRC-115,"Sch 5(f), 8(a)",T1;T2,2026-07-13,2006-09-14,HIGH,UNKNOWN (hard block),CORRECTION
V4-0170,closure_matrix,UNK-015,v4_closure,,CLOSED,Unchanged from v3; Part II values now primary-verified (msihc_t1_thresholds S3P2-*),SRC-156;SRC-157,r.11(ii),T1;T4,2000-01-20,2000-01-20,HIGH,CLOSED,CORRECTION
V4-0171,closure_matrix,UNK-002,v4_closure,,STILL_OPEN,No new primary evidence in v4 - v3 closure carried forward,SRC-122,-,T3,-,-,HIGH,CARRIED_FORWARD,CORRECTION
V4-0172,closure_matrix,UNK-004,v4_closure,,STILL_OPEN,No new primary evidence in v4 - v3 closure carried forward,SRC-122,-,T3,-,-,HIGH,CARRIED_FORWARD,CORRECTION
V4-0173,closure_matrix,UNK-005,v4_closure,,STILL_OPEN,No new primary evidence in v4 - v3 closure carried forward,SRC-122,-,T3,-,-,HIGH,CARRIED_FORWARD,CORRECTION
V4-0174,closure_matrix,UNK-006,v4_closure,,STILL_OPEN,No new primary evidence in v4 - v3 closure carried forward,SRC-122,-,T3,-,-,HIGH,CARRIED_FORWARD,CORRECTION
V4-0175,closure_matrix,UNK-007,v4_closure,,CLOSED,No new primary evidence in v4 - v3 closure carried forward,SRC-122,-,T3,-,-,HIGH,CARRIED_FORWARD,CORRECTION
V4-0176,closure_matrix,UNK-008,v4_closure,,STILL_OPEN,No new primary evidence in v4 - v3 closure carried forward,SRC-122,-,T3,-,-,HIGH,CARRIED_FORWARD,CORRECTION
V4-0177,closure_matrix,UNK-009,v4_closure,,STILL_OPEN,No new primary evidence in v4 - v3 closure carried forward,SRC-122,-,T3,-,-,HIGH,CARRIED_FORWARD,CORRECTION
V4-0178,closure_matrix,UNK-011,v4_closure,,STILL_OPEN,No new primary evidence in v4 - v3 closure carried forward,SRC-122,-,T3,-,-,HIGH,CARRIED_FORWARD,CORRECTION
V4-0179,closure_matrix,UNK-012,v4_closure,,STILL_OPEN,No new primary evidence in v4 - v3 closure carried forward,SRC-122,-,T3,-,-,HIGH,CARRIED_FORWARD,CORRECTION
V4-0180,closure_matrix,UNK-013,v4_closure,,STILL_OPEN,No new primary evidence in v4 - v3 closure carried forward,SRC-122,-,T3,-,-,HIGH,CARRIED_FORWARD,CORRECTION
V4-0181,closure_matrix,UNK-014,v4_closure,,STILL_OPEN,No new primary evidence in v4 - v3 closure carried forward,SRC-122,-,T3,-,-,HIGH,CARRIED_FORWARD,CORRECTION
V4-0182,closure_matrix,UNK-016,v4_closure,,STILL_OPEN,No new primary evidence in v4 - v3 closure carried forward,SRC-122,-,T3,-,-,HIGH,CARRIED_FORWARD,CORRECTION
V4-0183,closure_matrix,UNK-017,v4_closure,,CLOSED,No new primary evidence in v4 - v3 closure carried forward,SRC-122,-,T3,-,-,HIGH,CARRIED_FORWARD,CORRECTION
V4-0184,closure_matrix,UNK-018,v4_closure,,CLOSED,No new primary evidence in v4 - v3 closure carried forward,SRC-122,-,T3,-,-,HIGH,CARRIED_FORWARD,CORRECTION
V4-0185,closure_matrix,UNK-019,v4_closure,,CLOSED,No new primary evidence in v4 - v3 closure carried forward,SRC-122,-,T3,-,-,HIGH,CARRIED_FORWARD,CORRECTION
V4-0186,closure_matrix,UNK-020,v4_closure,,CLOSED,No new primary evidence in v4 - v3 closure carried forward,SRC-122,-,T3,-,-,HIGH,CARRIED_FORWARD,CORRECTION
V4-0187,closure_matrix,UNK-021,v4_closure,,CLOSED,No new primary evidence in v4 - v3 closure carried forward,SRC-122,-,T3,-,-,HIGH,CARRIED_FORWARD,CORRECTION
V4-0188,closure_matrix,UNK-022,v4_closure,,CLOSED,No new primary evidence in v4 - v3 closure carried forward,SRC-122,-,T3,-,-,HIGH,CARRIED_FORWARD,CORRECTION
V4-0189,closure_matrix,UNK-024,v4_closure,,STILL_OPEN,No new primary evidence in v4 - v3 closure carried forward,SRC-122,-,T3,-,-,HIGH,CARRIED_FORWARD,CORRECTION
V4-0190,closure_matrix,UNK-025,v4_closure,,STILL_OPEN,No new primary evidence in v4 - v3 closure carried forward,SRC-122,-,T3,-,-,HIGH,CARRIED_FORWARD,CORRECTION
V4-0191,closure_matrix,UNK-026,v4_closure,,STILL_OPEN,No new primary evidence in v4 - v3 closure carried forward,SRC-122,-,T3,-,-,HIGH,CARRIED_FORWARD,CORRECTION
V4-0192,closure_matrix,UNK-027,v4_closure,,STILL_OPEN,No new primary evidence in v4 - v3 closure carried forward,SRC-122,-,T3,-,-,HIGH,CARRIED_FORWARD,CORRECTION
V4-0193,closure_matrix,UNK-028,v4_closure,,STILL_OPEN,No new primary evidence in v4 - v3 closure carried forward,SRC-122,-,T3,-,-,HIGH,CARRIED_FORWARD,CORRECTION
V4-0194,closure_matrix,UNK-029,v4_closure,,STILL_OPEN,No new primary evidence in v4 - v3 closure carried forward,SRC-122,-,T3,-,-,HIGH,CARRIED_FORWARD,CORRECTION
V4-0195,closure_matrix,UNK-030,v4_closure,,CLOSED,No new primary evidence in v4 - v3 closure carried forward,SRC-122,-,T3,-,-,HIGH,CARRIED_FORWARD,CORRECTION
V4-0196,closure_matrix,UNK-031,v4_closure,,STILL_OPEN,No new primary evidence in v4 - v3 closure carried forward,SRC-122,-,T3,-,-,HIGH,CARRIED_FORWARD,CORRECTION
V4-0197,closure_matrix,UNK-032,v4_closure,,STILL_OPEN,No new primary evidence in v4 - v3 closure carried forward,SRC-122,-,T3,-,-,HIGH,CARRIED_FORWARD,CORRECTION
V4-0198,closure_matrix,UNK-033,v4_closure,,STILL_OPEN,No new primary evidence in v4 - v3 closure carried forward,SRC-122,-,T3,-,-,HIGH,CARRIED_FORWARD,CORRECTION
V4-0199,closure_matrix,UNK-034,v4_closure,,STILL_OPEN,No new primary evidence in v4 - v3 closure carried forward,SRC-122,-,T3,-,-,HIGH,CARRIED_FORWARD,CORRECTION
V4-0200,closure_matrix,UNK-035,v4_closure,,STILL_OPEN,No new primary evidence in v4 - v3 closure carried forward,SRC-122,-,T3,-,-,HIGH,CARRIED_FORWARD,CORRECTION
V4-0201,closure_matrix,UNK-036,v4_closure,,STILL_OPEN,No new primary evidence in v4 - v3 closure carried forward,SRC-122,-,T3,-,-,HIGH,CARRIED_FORWARD,CORRECTION
V4-0202,closure_matrix,UNK-038,v4_closure,,CLOSED,No new primary evidence in v4 - v3 closure carried forward,SRC-122,-,T3,-,-,HIGH,CARRIED_FORWARD,CORRECTION
V4-0203,closure_matrix,UNK-039,v4_closure,,NOT_APPLICABLE,No new primary evidence in v4 - v3 closure carried forward,SRC-122,-,T3,-,-,HIGH,CARRIED_FORWARD,CORRECTION
V4-0204,closure_matrix,UNK-041,v4_closure,,CLOSED,No new primary evidence in v4 - v3 closure carried forward,SRC-122,-,T3,-,-,HIGH,CARRIED_FORWARD,CORRECTION
V4-0205,closure_matrix,UNK-042,v4_closure,,CLOSED,No new primary evidence in v4 - v3 closure carried forward,SRC-122,-,T3,-,-,HIGH,CARRIED_FORWARD,CORRECTION
V4-0206,closure_matrix,UNK-043,v4_closure,,CLOSED,No new primary evidence in v4 - v3 closure carried forward,SRC-122,-,T3,-,-,HIGH,CARRIED_FORWARD,CORRECTION
V4-0207,rules,R-026,source_locator,-,OSH Code 2020 s.45(2) (as cited in rule condition),Locator was blank in v3 (automated check CHK-02),SRC-081,OSH Code 2020 s.45(2) (as cited in rule condition),T1,-,-,HIGH,IMPLEMENT,CORRECTION
V4-0208,rules,R-027,source_locator,-,OSH Code 2020 s.45(1)(ii) (as cited in rule condition),Locator was blank in v3 (automated check CHK-02),SRC-081,OSH Code 2020 s.45(1)(ii) (as cited in rule condition),T1,-,-,HIGH,IMPLEMENT,CORRECTION
V4-0209,rules,R-042,source_locator,-,"MFPLSM Act s.3(1), Schedule-I; with R-078/R-079/R-099",Locator was blank in v3 (automated check CHK-02),SRC-121;SRC-145,"MFPLSM Act s.3(1), Schedule-I; with R-078/R-079/R-099",T1;T2,-,-,HIGH,IMPLEMENT,CORRECTION
V4-0210,implementation_safe_rules,R-099,(record),(did not exist in v3),ADDED,v4 list entry,SRC-145;SRC-144,Circular 31-01-2025 paras 3-6,T2,-,-,HIGH,VERIFIED_CONDITIONAL,ADDITION
V4-0211,implementation_safe_rules,MSIHC-T1-VERIFIED,(record),(did not exist in v3),ADDED,v4 list entry,SRC-154;SRC-155;SRC-156,Sch 1-3,T1,-,-,HIGH,VERIFIED,ADDITION
V4-0212,requires_confirmation,S1-TOX,(record),(did not exist in v3),ADDED,v4 list entry,SRC-156;SRC-157;SRC-155,Sch 1 Part I (a),T1;T4,-,-,HIGH,REQUIRES_OFFICIAL_CONFIRMATION,ADDITION
V4-0213,requires_confirmation,S2-12,(record),(did not exist in v3),ADDED,v4 list entry,SRC-155;SRC-158,Sch 2 s.no.12,T1;T3,-,-,HIGH,REQUIRES_OFFICIAL_CONFIRMATION,ADDITION
V4-0214,requires_confirmation,S2-13,(record),(did not exist in v3),ADDED,v4 list entry,SRC-155;SRC-158,Sch 2 s.no.13,T1;T3,-,-,HIGH,REQUIRES_OFFICIAL_CONFIRMATION,ADDITION
V4-0215,requires_confirmation,S2-14,(record),(did not exist in v3),ADDED,v4 list entry,SRC-155;SRC-158,Sch 2 s.no.14,T1;T3,-,-,HIGH,REQUIRES_OFFICIAL_CONFIRMATION,ADDITION
V4-0216,requires_confirmation,S2-15,(record),(did not exist in v3),ADDED,v4 list entry,SRC-155;SRC-158,Sch 2 s.no.15,T1;T3,-,-,HIGH,REQUIRES_OFFICIAL_CONFIRMATION,ADDITION
V4-0217,requires_confirmation,S2-16,(record),(did not exist in v3),ADDED,v4 list entry,SRC-155;SRC-158,Sch 2 s.no.16,T1;T3,-,-,HIGH,REQUIRES_OFFICIAL_CONFIRMATION,ADDITION
V4-0218,requires_confirmation,S2-17,(record),(did not exist in v3),ADDED,v4 list entry,SRC-155;SRC-158,Sch 2 s.no.17,T1;T3,-,-,HIGH,REQUIRES_OFFICIAL_CONFIRMATION,ADDITION
V4-0219,requires_confirmation,S2-18,(record),(did not exist in v3),ADDED,v4 list entry,SRC-155;SRC-158,Sch 2 s.no.18,T1;T3,-,-,HIGH,REQUIRES_OFFICIAL_CONFIRMATION,ADDITION
V4-0220,requires_confirmation,S2-19,(record),(did not exist in v3),ADDED,v4 list entry,SRC-155;SRC-158,Sch 2 s.no.19,T1;T3,-,-,HIGH,REQUIRES_OFFICIAL_CONFIRMATION,ADDITION
V4-0221,requires_confirmation,S2-20,(record),(did not exist in v3),ADDED,v4 list entry,SRC-155;SRC-158,Sch 2 s.no.20,T1;T3,-,-,HIGH,REQUIRES_OFFICIAL_CONFIRMATION,ADDITION
V4-0222,requires_confirmation,S2-21,(record),(did not exist in v3),ADDED,v4 list entry,SRC-155;SRC-158,Sch 2 s.no.21,T1;T3,-,-,HIGH,REQUIRES_OFFICIAL_CONFIRMATION,ADDITION
V4-0223,requires_confirmation,S2-22,(record),(did not exist in v3),ADDED,v4 list entry,SRC-155;SRC-158,Sch 2 s.no.22,T1;T3,-,-,HIGH,REQUIRES_OFFICIAL_CONFIRMATION,ADDITION
V4-0224,requires_confirmation,S2-23,(record),(did not exist in v3),ADDED,v4 list entry,SRC-155;SRC-158,Sch 2 s.no.23,T1;T3,-,-,HIGH,REQUIRES_OFFICIAL_CONFIRMATION,ADDITION
V4-0225,requires_confirmation,S2-24,(record),(did not exist in v3),ADDED,v4 list entry,SRC-155;SRC-158,Sch 2 s.no.24,T1;T3,-,-,HIGH,REQUIRES_OFFICIAL_CONFIRMATION,ADDITION
V4-0226,requires_confirmation,S2-25,(record),(did not exist in v3),ADDED,v4 list entry,SRC-155;SRC-158,Sch 2 s.no.25,T1;T3,-,-,HIGH,REQUIRES_OFFICIAL_CONFIRMATION,ADDITION
V4-0227,requires_confirmation,S2-26,(record),(did not exist in v3),ADDED,v4 list entry,SRC-155;SRC-158,Sch 2 s.no.26,T1;T3,-,-,HIGH,REQUIRES_OFFICIAL_CONFIRMATION,ADDITION
V4-0228,requires_confirmation,S2-27,(record),(did not exist in v3),ADDED,v4 list entry,SRC-155;SRC-158,Sch 2 s.no.27,T1;T3,-,-,HIGH,REQUIRES_OFFICIAL_CONFIRMATION,ADDITION
V4-0229,requires_confirmation,S3P1-049,(record),(did not exist in v3),ADDED,v4 list entry,SRC-154;SRC-155,Sch 3 Part I s.no.49 (Gazette 27-11-1989 pp.33-38; consolidated pp.755-760),T1,-,-,HIGH,REQUIRES_OFFICIAL_CONFIRMATION,ADDITION
V4-0230,requires_confirmation,S3P1-099,(record),(did not exist in v3),ADDED,v4 list entry,SRC-154;SRC-155,Sch 3 Part I s.no.99 (Gazette 27-11-1989 pp.33-38; consolidated pp.755-760),T1,-,-,HIGH,REQUIRES_OFFICIAL_CONFIRMATION,ADDITION
V4-0231,requires_confirmation,S3P1-101,(record),(did not exist in v3),ADDED,v4 list entry,SRC-154;SRC-155,Sch 3 Part I s.no.101 (Gazette 27-11-1989 pp.33-38; consolidated pp.755-760),T1,-,-,HIGH,VERIFIED_CONDITIONAL,ADDITION
V4-0232,requires_confirmation,S3P1-106,(record),(did not exist in v3),ADDED,v4 list entry,SRC-154;SRC-155,Sch 3 Part I s.no.106 (Gazette 27-11-1989 pp.33-38; consolidated pp.755-760),T1,-,-,HIGH,VERIFIED_CONDITIONAL,ADDITION
V4-0233,requires_confirmation,S3P1-109,(record),(did not exist in v3),ADDED,v4 list entry,SRC-154;SRC-155,Sch 3 Part I s.no.109 (Gazette 27-11-1989 pp.33-38; consolidated pp.755-760),T1,-,-,HIGH,VERIFIED_CONDITIONAL,ADDITION
V4-0234,requires_confirmation,S3P1-110,(record),(did not exist in v3),ADDED,v4 list entry,SRC-154;SRC-155,Sch 3 Part I s.no.110 (Gazette 27-11-1989 pp.33-38; consolidated pp.755-760),T1,-,-,HIGH,VERIFIED_CONDITIONAL,ADDITION
V4-0235,requires_confirmation,S3P1-111,(record),(did not exist in v3),ADDED,v4 list entry,SRC-154;SRC-155,Sch 3 Part I s.no.111 (Gazette 27-11-1989 pp.33-38; consolidated pp.755-760),T1,-,-,HIGH,REQUIRES_OFFICIAL_CONFIRMATION,ADDITION
V4-0236,requires_confirmation,S3P1-112,(record),(did not exist in v3),ADDED,v4 list entry,SRC-154;SRC-155,Sch 3 Part I s.no.112 (Gazette 27-11-1989 pp.33-38; consolidated pp.755-760),T1,-,-,HIGH,VERIFIED_CONDITIONAL,ADDITION
V4-0237,requires_confirmation,S3P1-117,(record),(did not exist in v3),ADDED,v4 list entry,SRC-154;SRC-155,Sch 3 Part I s.no.117 (Gazette 27-11-1989 pp.33-38; consolidated pp.755-760),T1,-,-,HIGH,VERIFIED_CONDITIONAL,ADDITION
V4-0238,requires_confirmation,S3P1-122,(record),(did not exist in v3),ADDED,v4 list entry,SRC-154;SRC-155,Sch 3 Part I s.no.122 (Gazette 27-11-1989 pp.33-38; consolidated pp.755-760),T1,-,-,HIGH,VERIFIED_CONDITIONAL,ADDITION
V4-0239,requires_confirmation,S3P1-123,(record),(did not exist in v3),ADDED,v4 list entry,SRC-154;SRC-155,Sch 3 Part I s.no.123 (Gazette 27-11-1989 pp.33-38; consolidated pp.755-760),T1,-,-,HIGH,VERIFIED_CONDITIONAL,ADDITION
V4-0240,requires_confirmation,S3P1-144,(record),(did not exist in v3),ADDED,v4 list entry,SRC-154;SRC-155,Sch 3 Part I s.no.144 (Gazette 27-11-1989 pp.33-38; consolidated pp.755-760),T1,-,-,HIGH,VERIFIED_CONDITIONAL,ADDITION
V4-0241,requires_confirmation,S3P1-148,(record),(did not exist in v3),ADDED,v4 list entry,SRC-154;SRC-155,Sch 3 Part I s.no.148 (Gazette 27-11-1989 pp.33-38; consolidated pp.755-760),T1,-,-,HIGH,VERIFIED_CONDITIONAL,ADDITION
V4-0242,requires_confirmation,FR-03,(record),(did not exist in v3),ADDED,v4 list entry,SRC-148;SRC-117,"Office Order 10-12-2025 para 3(III) (statement, not a rule citation)",T1;T2,-,-,HIGH,REQUIRES_OFFICIAL_CONFIRMATION,ADDITION
V4-0243,requires_confirmation,GSR-02,(record),(did not exist in v3),ADDED,v4 list entry,SRC-151,Gazette para 7,T2,-,-,HIGH,REQUIRES_OFFICIAL_CONFIRMATION,ADDITION
V4-0244,do_not_implement,GSR-04,(record),(did not exist in v3),ADDED,v4 list entry,SRC-151,Gazette para 5(1)-(2),T2,-,-,HIGH,DO_NOT_IMPLEMENT_YET,ADDITION
V4-0245,requires_confirmation,GSR-11,(record),(did not exist in v3),ADDED,v4 list entry,SRC-151,Gazette para 8 table,T2,-,-,HIGH,REQUIRES_OFFICIAL_CONFIRMATION,ADDITION
V4-0246,requires_confirmation,EPR-OIL,(record),(did not exist in v3),ADDED,v4 list entry,SRC-162,paras 1-2,T2,-,-,HIGH,REQUIRES_OFFICIAL_CONFIRMATION,ADDITION
V4-0247,requires_confirmation,EPR-TYRE,(record),(did not exist in v3),ADDED,v4 list entry,SRC-163,-,T2,-,-,HIGH,REQUIRES_OFFICIAL_CONFIRMATION,ADDITION
V4-0248,requires_confirmation,SWM-RDF,(record),(did not exist in v3),ADDED,v4 list entry,SRC-160,r.11 table,T1,-,-,HIGH,REQUIRES_OFFICIAL_CONFIRMATION,ADDITION
V4-0249,do_not_implement,GW-03,(record),(did not exist in v3),ADDED,v4 list entry,SRC-131,-,T1,-,-,HIGH,DO_NOT_IMPLEMENT_YET,ADDITION
V4-0250,do_not_implement,INC-Sector-packages-t,(record),(did not exist in v3),ADDED,v4 list entry,SRC-061;SRC-074,-,T1;T3,-,-,HIGH,DO_NOT_IMPLEMENT_YET,ADDITION
V4-0251,do_not_implement,INC-PSI-2025-Package,(record),(did not exist in v3),ADDED,v4 list entry,SRC-061;SRC-074,-,T1;T3,-,-,HIGH,DO_NOT_IMPLEMENT_YET,ADDITION
V4-0252,compliance,CMP-001,trigger_event,,HW authorisation held,"v4 lifecycle field completeness (labelled MODEL = engine semantics, not statute)",SRC-013,-,T1,-,-,MEDIUM,MODEL_FIELD,CORRECTION
V4-0253,compliance,CMP-001,precondition,,MODEL: trigger facts TRUE (see trigger),"v4 lifecycle field completeness (labelled MODEL = engine semantics, not statute)",SRC-013,-,T1,-,-,MEDIUM,MODEL_FIELD,CORRECTION
V4-0254,compliance,CMP-001,validity,,UNKNOWN,"v4 lifecycle field completeness (labelled MODEL = engine semantics, not statute)",SRC-013,-,T1,-,-,MEDIUM,MODEL_FIELD,CORRECTION
V4-0255,compliance,CMP-001,renewal_trigger,,N/A (continuing duty; periodic deadline in frequency_deadline),"v4 lifecycle field completeness (labelled MODEL = engine semantics, not statute)",SRC-013,-,T1,-,-,MEDIUM,MODEL_FIELD,CORRECTION
V4-0256,compliance,CMP-001,change_trigger,,MODEL: change in any trigger fact -> re-evaluate,"v4 lifecycle field completeness (labelled MODEL = engine semantics, not statute)",SRC-013,-,T1,-,-,MEDIUM,MODEL_FIELD,CORRECTION
V4-0257,compliance,CMP-001,closure_trigger,,MODEL: cessation of triggering activity (statutory closure formalities UNKNOWN unless stated),"v4 lifecycle field completeness (labelled MODEL = engine semantics, not statute)",SRC-013,-,T1,-,-,MEDIUM,MODEL_FIELD,CORRECTION
V4-0258,compliance,CMP-002,trigger_event,,HW authorisation held,"v4 lifecycle field completeness (labelled MODEL = engine semantics, not statute)",SRC-013,-,T1,-,-,MEDIUM,MODEL_FIELD,CORRECTION
V4-0259,compliance,CMP-002,precondition,,MODEL: trigger facts TRUE (see trigger),"v4 lifecycle field completeness (labelled MODEL = engine semantics, not statute)",SRC-013,-,T1,-,-,MEDIUM,MODEL_FIELD,CORRECTION
V4-0260,compliance,CMP-002,validity,,UNKNOWN,"v4 lifecycle field completeness (labelled MODEL = engine semantics, not statute)",SRC-013,-,T1,-,-,MEDIUM,MODEL_FIELD,CORRECTION
V4-0261,compliance,CMP-002,renewal_trigger,,N/A (continuing duty; periodic deadline in frequency_deadline),"v4 lifecycle field completeness (labelled MODEL = engine semantics, not statute)",SRC-013,-,T1,-,-,MEDIUM,MODEL_FIELD,CORRECTION
V4-0262,compliance,CMP-002,change_trigger,,MODEL: change in any trigger fact -> re-evaluate,"v4 lifecycle field completeness (labelled MODEL = engine semantics, not statute)",SRC-013,-,T1,-,-,MEDIUM,MODEL_FIELD,CORRECTION
V4-0263,compliance,CMP-002,closure_trigger,,MODEL: cessation of triggering activity (statutory closure formalities UNKNOWN unless stated),"v4 lifecycle field completeness (labelled MODEL = engine semantics, not statute)",SRC-013,-,T1,-,-,MEDIUM,MODEL_FIELD,CORRECTION
V4-0264,compliance,CMP-003,trigger_event,,HW stored on site,"v4 lifecycle field completeness (labelled MODEL = engine semantics, not statute)",SRC-013,-,T1,-,-,MEDIUM,MODEL_FIELD,CORRECTION
V4-0265,compliance,CMP-003,precondition,,MODEL: trigger facts TRUE (see trigger),"v4 lifecycle field completeness (labelled MODEL = engine semantics, not statute)",SRC-013,-,T1,-,-,MEDIUM,MODEL_FIELD,CORRECTION
V4-0266,compliance,CMP-003,validity,,MODEL: continuing while trigger persists,"v4 lifecycle field completeness (labelled MODEL = engine semantics, not statute)",SRC-013,-,T1,-,-,MEDIUM,MODEL_FIELD,CORRECTION
V4-0267,compliance,CMP-003,renewal_trigger,,N/A (continuing duty; periodic deadline in frequency_deadline),"v4 lifecycle field completeness (labelled MODEL = engine semantics, not statute)",SRC-013,-,T1,-,-,MEDIUM,MODEL_FIELD,CORRECTION
V4-0268,compliance,CMP-003,change_trigger,,MODEL: change in any trigger fact -> re-evaluate,"v4 lifecycle field completeness (labelled MODEL = engine semantics, not statute)",SRC-013,-,T1,-,-,MEDIUM,MODEL_FIELD,CORRECTION
V4-0269,compliance,CMP-003,closure_trigger,,MODEL: cessation of triggering activity (statutory closure formalities UNKNOWN unless stated),"v4 lifecycle field completeness (labelled MODEL = engine semantics, not statute)",SRC-013,-,T1,-,-,MEDIUM,MODEL_FIELD,CORRECTION
V4-0270,compliance,CMP-004,trigger_event,,HW sent off-site,"v4 lifecycle field completeness (labelled MODEL = engine semantics, not statute)",SRC-013,-,T1,-,-,MEDIUM,MODEL_FIELD,CORRECTION
V4-0271,compliance,CMP-004,precondition,,MODEL: trigger facts TRUE (see trigger),"v4 lifecycle field completeness (labelled MODEL = engine semantics, not statute)",SRC-013,-,T1,-,-,MEDIUM,MODEL_FIELD,CORRECTION
V4-0272,compliance,CMP-004,validity,,UNKNOWN,"v4 lifecycle field completeness (labelled MODEL = engine semantics, not statute)",SRC-013,-,T1,-,-,MEDIUM,MODEL_FIELD,CORRECTION
V4-0273,compliance,CMP-004,renewal_trigger,,N/A (continuing duty; periodic deadline in frequency_deadline),"v4 lifecycle field completeness (labelled MODEL = engine semantics, not statute)",SRC-013,-,T1,-,-,MEDIUM,MODEL_FIELD,CORRECTION
V4-0274,compliance,CMP-004,change_trigger,,MODEL: change in any trigger fact -> re-evaluate,"v4 lifecycle field completeness (labelled MODEL = engine semantics, not statute)",SRC-013,-,T1,-,-,MEDIUM,MODEL_FIELD,CORRECTION
V4-0275,compliance,CMP-004,closure_trigger,,MODEL: cessation of triggering activity (statutory closure formalities UNKNOWN unless stated),"v4 lifecycle field completeness (labelled MODEL = engine semantics, not statute)",SRC-013,-,T1,-,-,MEDIUM,MODEL_FIELD,CORRECTION
V4-0276,compliance,CMP-005,trigger_event,,Industry requiring consent/authorisation,"v4 lifecycle field completeness (labelled MODEL = engine semantics, not statute)",SRC-065,-,T4,-,-,MEDIUM,MODEL_FIELD,CORRECTION
V4-0277,compliance,CMP-005,precondition,,MODEL: trigger facts TRUE (see trigger),"v4 lifecycle field completeness (labelled MODEL = engine semantics, not statute)",SRC-065,-,T4,-,-,MEDIUM,MODEL_FIELD,CORRECTION
V4-0278,compliance,CMP-005,validity,,UNKNOWN,"v4 lifecycle field completeness (labelled MODEL = engine semantics, not statute)",SRC-065,-,T4,-,-,MEDIUM,MODEL_FIELD,CORRECTION
V4-0279,compliance,CMP-005,renewal_trigger,,N/A (continuing duty; periodic deadline in frequency_deadline),"v4 lifecycle field completeness (labelled MODEL = engine semantics, not statute)",SRC-065,-,T4,-,-,MEDIUM,MODEL_FIELD,CORRECTION
V4-0280,compliance,CMP-005,change_trigger,,MODEL: change in any trigger fact -> re-evaluate,"v4 lifecycle field completeness (labelled MODEL = engine semantics, not statute)",SRC-065,-,T4,-,-,MEDIUM,MODEL_FIELD,CORRECTION
V4-0281,compliance,CMP-005,closure_trigger,,MODEL: cessation of triggering activity (statutory closure formalities UNKNOWN unless stated),"v4 lifecycle field completeness (labelled MODEL = engine semantics, not statute)",SRC-065,-,T4,-,-,MEDIUM,MODEL_FIELD,CORRECTION
V4-0282,compliance,CMP-006,trigger_event,,EC held,"v4 lifecycle field completeness (labelled MODEL = engine semantics, not statute)",SRC-001,-,T1,-,-,MEDIUM,MODEL_FIELD,CORRECTION
V4-0283,compliance,CMP-006,precondition,,MODEL: trigger facts TRUE (see trigger),"v4 lifecycle field completeness (labelled MODEL = engine semantics, not statute)",SRC-001,-,T1,-,-,MEDIUM,MODEL_FIELD,CORRECTION
V4-0284,compliance,CMP-006,validity,,UNKNOWN,"v4 lifecycle field completeness (labelled MODEL = engine semantics, not statute)",SRC-001,-,T1,-,-,MEDIUM,MODEL_FIELD,CORRECTION
V4-0285,compliance,CMP-006,renewal_trigger,,N/A (continuing duty; periodic deadline in frequency_deadline),"v4 lifecycle field completeness (labelled MODEL = engine semantics, not statute)",SRC-001,-,T1,-,-,MEDIUM,MODEL_FIELD,CORRECTION
V4-0286,compliance,CMP-006,change_trigger,,MODEL: change in any trigger fact -> re-evaluate,"v4 lifecycle field completeness (labelled MODEL = engine semantics, not statute)",SRC-001,-,T1,-,-,MEDIUM,MODEL_FIELD,CORRECTION
V4-0287,compliance,CMP-006,closure_trigger,,MODEL: cessation of triggering activity (statutory closure formalities UNKNOWN unless stated),"v4 lifecycle field completeness (labelled MODEL = engine semantics, not statute)",SRC-001,-,T1,-,-,MEDIUM,MODEL_FIELD,CORRECTION
V4-0288,compliance,CMP-007,trigger_event,,CTO held,"v4 lifecycle field completeness (labelled MODEL = engine semantics, not statute)",SRC-006;SRC-069;SRC-079,-,T1 (Gazette copy hosted by MPCB - see notes);T2;T3,-,-,MEDIUM,MODEL_FIELD,CORRECTION
V4-0289,compliance,CMP-007,precondition,,MODEL: trigger facts TRUE (see trigger),"v4 lifecycle field completeness (labelled MODEL = engine semantics, not statute)",SRC-006;SRC-069;SRC-079,-,T1 (Gazette copy hosted by MPCB - see notes);T2;T3,-,-,MEDIUM,MODEL_FIELD,CORRECTION
V4-0290,compliance,CMP-007,validity,,UNKNOWN,"v4 lifecycle field completeness (labelled MODEL = engine semantics, not statute)",SRC-006;SRC-069;SRC-079,-,T1 (Gazette copy hosted by MPCB - see notes);T2;T3,-,-,MEDIUM,MODEL_FIELD,CORRECTION
V4-0291,compliance,CMP-007,renewal_trigger,,N/A (continuing duty; periodic deadline in frequency_deadline),"v4 lifecycle field completeness (labelled MODEL = engine semantics, not statute)",SRC-006;SRC-069;SRC-079,-,T1 (Gazette copy hosted by MPCB - see notes);T2;T3,-,-,MEDIUM,MODEL_FIELD,CORRECTION
V4-0292,compliance,CMP-007,change_trigger,,MODEL: change in any trigger fact -> re-evaluate,"v4 lifecycle field completeness (labelled MODEL = engine semantics, not statute)",SRC-006;SRC-069;SRC-079,-,T1 (Gazette copy hosted by MPCB - see notes);T2;T3,-,-,MEDIUM,MODEL_FIELD,CORRECTION
V4-0293,compliance,CMP-007,closure_trigger,,MODEL: cessation of triggering activity (statutory closure formalities UNKNOWN unless stated),"v4 lifecycle field completeness (labelled MODEL = engine semantics, not statute)",SRC-006;SRC-069;SRC-079,-,T1 (Gazette copy hosted by MPCB - see notes);T2;T3,-,-,MEDIUM,MODEL_FIELD,CORRECTION
V4-0294,compliance,CMP-008,trigger_event,,Building with fire installations,"v4 lifecycle field completeness (labelled MODEL = engine semantics, not statute)",SRC-049;SRC-043,-,T2;T3,-,-,MEDIUM,MODEL_FIELD,CORRECTION
V4-0295,compliance,CMP-008,precondition,,MODEL: trigger facts TRUE (see trigger),"v4 lifecycle field completeness (labelled MODEL = engine semantics, not statute)",SRC-049;SRC-043,-,T2;T3,-,-,MEDIUM,MODEL_FIELD,CORRECTION
V4-0296,compliance,CMP-008,validity,,UNKNOWN,"v4 lifecycle field completeness (labelled MODEL = engine semantics, not statute)",SRC-049;SRC-043,-,T2;T3,-,-,MEDIUM,MODEL_FIELD,CORRECTION
V4-0297,compliance,CMP-008,renewal_trigger,,N/A (continuing duty; periodic deadline in frequency_deadline),"v4 lifecycle field completeness (labelled MODEL = engine semantics, not statute)",SRC-049;SRC-043,-,T2;T3,-,-,MEDIUM,MODEL_FIELD,CORRECTION
V4-0298,compliance,CMP-008,change_trigger,,MODEL: change in any trigger fact -> re-evaluate,"v4 lifecycle field completeness (labelled MODEL = engine semantics, not statute)",SRC-049;SRC-043,-,T2;T3,-,-,MEDIUM,MODEL_FIELD,CORRECTION
V4-0299,compliance,CMP-008,closure_trigger,,MODEL: cessation of triggering activity (statutory closure formalities UNKNOWN unless stated),"v4 lifecycle field completeness (labelled MODEL = engine semantics, not statute)",SRC-049;SRC-043,-,T2;T3,-,-,MEDIUM,MODEL_FIELD,CORRECTION
V4-0300,compliance,CMP-009,trigger_event,,Registered boiler,"v4 lifecycle field completeness (labelled MODEL = engine semantics, not statute)",SRC-034;SRC-136,-,T1;T3,-,-,MEDIUM,MODEL_FIELD,CORRECTION
V4-0301,compliance,CMP-009,precondition,,MODEL: trigger facts TRUE (see trigger),"v4 lifecycle field completeness (labelled MODEL = engine semantics, not statute)",SRC-034;SRC-136,-,T1;T3,-,-,MEDIUM,MODEL_FIELD,CORRECTION
V4-0302,compliance,CMP-009,validity,,UNKNOWN,"v4 lifecycle field completeness (labelled MODEL = engine semantics, not statute)",SRC-034;SRC-136,-,T1;T3,-,-,MEDIUM,MODEL_FIELD,CORRECTION
V4-0303,compliance,CMP-009,renewal_trigger,,N/A (continuing duty; periodic deadline in frequency_deadline),"v4 lifecycle field completeness (labelled MODEL = engine semantics, not statute)",SRC-034;SRC-136,-,T1;T3,-,-,MEDIUM,MODEL_FIELD,CORRECTION
V4-0304,compliance,CMP-009,change_trigger,,MODEL: change in any trigger fact -> re-evaluate,"v4 lifecycle field completeness (labelled MODEL = engine semantics, not statute)",SRC-034;SRC-136,-,T1;T3,-,-,MEDIUM,MODEL_FIELD,CORRECTION
V4-0305,compliance,CMP-009,closure_trigger,,MODEL: cessation of triggering activity (statutory closure formalities UNKNOWN unless stated),"v4 lifecycle field completeness (labelled MODEL = engine semantics, not statute)",SRC-034;SRC-136,-,T1;T3,-,-,MEDIUM,MODEL_FIELD,CORRECTION
V4-0306,compliance,CMP-010,trigger_event,,Safety report obligation applies,"v4 lifecycle field completeness (labelled MODEL = engine semantics, not statute)",SRC-016,-,T1,-,-,MEDIUM,MODEL_FIELD,CORRECTION
V4-0307,compliance,CMP-010,precondition,,MODEL: trigger facts TRUE (see trigger),"v4 lifecycle field completeness (labelled MODEL = engine semantics, not statute)",SRC-016,-,T1,-,-,MEDIUM,MODEL_FIELD,CORRECTION
V4-0308,compliance,CMP-010,validity,,UNKNOWN,"v4 lifecycle field completeness (labelled MODEL = engine semantics, not statute)",SRC-016,-,T1,-,-,MEDIUM,MODEL_FIELD,CORRECTION
V4-0309,compliance,CMP-010,renewal_trigger,,N/A (continuing duty; periodic deadline in frequency_deadline),"v4 lifecycle field completeness (labelled MODEL = engine semantics, not statute)",SRC-016,-,T1,-,-,MEDIUM,MODEL_FIELD,CORRECTION
V4-0310,compliance,CMP-010,change_trigger,,MODEL: change in any trigger fact -> re-evaluate,"v4 lifecycle field completeness (labelled MODEL = engine semantics, not statute)",SRC-016,-,T1,-,-,MEDIUM,MODEL_FIELD,CORRECTION
V4-0311,compliance,CMP-010,closure_trigger,,MODEL: cessation of triggering activity (statutory closure formalities UNKNOWN unless stated),"v4 lifecycle field completeness (labelled MODEL = engine semantics, not statute)",SRC-016,-,T1,-,-,MEDIUM,MODEL_FIELD,CORRECTION
V4-0312,compliance,CMP-011,trigger_event,,r.6 activity (>= column 3) - rules 7 to 15 incl. r.13 on-site plan apply at column 3; v1 wrongly tied it to r.10-12 (column 4),"v4 lifecycle field completeness (labelled MODEL = engine semantics, not statute)",SRC-016,-,T1,-,-,MEDIUM,MODEL_FIELD,CORRECTION
V4-0313,compliance,CMP-011,precondition,,MODEL: trigger facts TRUE (see trigger),"v4 lifecycle field completeness (labelled MODEL = engine semantics, not statute)",SRC-016,-,T1,-,-,MEDIUM,MODEL_FIELD,CORRECTION
V4-0314,compliance,CMP-011,validity,,UNKNOWN,"v4 lifecycle field completeness (labelled MODEL = engine semantics, not statute)",SRC-016,-,T1,-,-,MEDIUM,MODEL_FIELD,CORRECTION
V4-0315,compliance,CMP-011,renewal_trigger,,N/A (continuing duty; periodic deadline in frequency_deadline),"v4 lifecycle field completeness (labelled MODEL = engine semantics, not statute)",SRC-016,-,T1,-,-,MEDIUM,MODEL_FIELD,CORRECTION
V4-0316,compliance,CMP-011,change_trigger,,MODEL: change in any trigger fact -> re-evaluate,"v4 lifecycle field completeness (labelled MODEL = engine semantics, not statute)",SRC-016,-,T1,-,-,MEDIUM,MODEL_FIELD,CORRECTION
V4-0317,compliance,CMP-011,closure_trigger,,MODEL: cessation of triggering activity (statutory closure formalities UNKNOWN unless stated),"v4 lifecycle field completeness (labelled MODEL = engine semantics, not statute)",SRC-016,-,T1,-,-,MEDIUM,MODEL_FIELD,CORRECTION
V4-0318,compliance,CMP-012,trigger_event,,CGWA NOC held,"v4 lifecycle field completeness (labelled MODEL = engine semantics, not statute)",SRC-052,-,T1,-,-,MEDIUM,MODEL_FIELD,CORRECTION
V4-0319,compliance,CMP-012,precondition,,MODEL: trigger facts TRUE (see trigger),"v4 lifecycle field completeness (labelled MODEL = engine semantics, not statute)",SRC-052,-,T1,-,-,MEDIUM,MODEL_FIELD,CORRECTION
V4-0320,compliance,CMP-012,validity,,UNKNOWN,"v4 lifecycle field completeness (labelled MODEL = engine semantics, not statute)",SRC-052,-,T1,-,-,MEDIUM,MODEL_FIELD,CORRECTION
V4-0321,compliance,CMP-012,renewal_trigger,,N/A (continuing duty; periodic deadline in frequency_deadline),"v4 lifecycle field completeness (labelled MODEL = engine semantics, not statute)",SRC-052,-,T1,-,-,MEDIUM,MODEL_FIELD,CORRECTION
V4-0322,compliance,CMP-012,change_trigger,,MODEL: change in any trigger fact -> re-evaluate,"v4 lifecycle field completeness (labelled MODEL = engine semantics, not statute)",SRC-052,-,T1,-,-,MEDIUM,MODEL_FIELD,CORRECTION
V4-0323,compliance,CMP-012,closure_trigger,,MODEL: cessation of triggering activity (statutory closure formalities UNKNOWN unless stated),"v4 lifecycle field completeness (labelled MODEL = engine semantics, not statute)",SRC-052,-,T1,-,-,MEDIUM,MODEL_FIELD,CORRECTION
V4-0324,compliance,CMP-013,trigger_event,,Factory,"v4 lifecycle field completeness (labelled MODEL = engine semantics, not statute)",SRC-021;SRC-023,-,T1;T5 (text of T1 section on unofficial mirror),-,-,MEDIUM,MODEL_FIELD,CORRECTION
V4-0325,compliance,CMP-013,precondition,,MODEL: trigger facts TRUE (see trigger),"v4 lifecycle field completeness (labelled MODEL = engine semantics, not statute)",SRC-021;SRC-023,-,T1;T5 (text of T1 section on unofficial mirror),-,-,MEDIUM,MODEL_FIELD,CORRECTION
V4-0326,compliance,CMP-013,validity,,UNKNOWN,"v4 lifecycle field completeness (labelled MODEL = engine semantics, not statute)",SRC-021;SRC-023,-,T1;T5 (text of T1 section on unofficial mirror),-,-,MEDIUM,MODEL_FIELD,CORRECTION
V4-0327,compliance,CMP-013,renewal_trigger,,N/A (continuing duty; periodic deadline in frequency_deadline),"v4 lifecycle field completeness (labelled MODEL = engine semantics, not statute)",SRC-021;SRC-023,-,T1;T5 (text of T1 section on unofficial mirror),-,-,MEDIUM,MODEL_FIELD,CORRECTION
V4-0328,compliance,CMP-013,change_trigger,,MODEL: change in any trigger fact -> re-evaluate,"v4 lifecycle field completeness (labelled MODEL = engine semantics, not statute)",SRC-021;SRC-023,-,T1;T5 (text of T1 section on unofficial mirror),-,-,MEDIUM,MODEL_FIELD,CORRECTION
V4-0329,compliance,CMP-013,closure_trigger,,MODEL: cessation of triggering activity (statutory closure formalities UNKNOWN unless stated),"v4 lifecycle field completeness (labelled MODEL = engine semantics, not statute)",SRC-021;SRC-023,-,T1;T5 (text of T1 section on unofficial mirror),-,-,MEDIUM,MODEL_FIELD,CORRECTION
V4-0330,compliance,CMP-014,trigger_event,,"No blanket obligation. Environment Audit Rules 2025 (S.O.3973(E) 29-08-2025) apply where an audit is assigned by Central/State Government, CPCB/SPCB or a competent authority, or engaged by the project proponent; Registered Environment Auditors may also verify consent applications (GSR 62/63 para 6)","v4 lifecycle field completeness (labelled MODEL = engine semantics, not statute)",SRC-066;SRC-005,-,T1;T3,-,-,MEDIUM,MODEL_FIELD,CORRECTION
V4-0331,compliance,CMP-014,precondition,,MODEL: trigger facts TRUE (see trigger),"v4 lifecycle field completeness (labelled MODEL = engine semantics, not statute)",SRC-066;SRC-005,-,T1;T3,-,-,MEDIUM,MODEL_FIELD,CORRECTION
V4-0332,compliance,CMP-014,validity,,UNKNOWN,"v4 lifecycle field completeness (labelled MODEL = engine semantics, not statute)",SRC-066;SRC-005,-,T1;T3,-,-,MEDIUM,MODEL_FIELD,CORRECTION
V4-0333,compliance,CMP-014,renewal_trigger,,N/A (continuing duty; periodic deadline in frequency_deadline),"v4 lifecycle field completeness (labelled MODEL = engine semantics, not statute)",SRC-066;SRC-005,-,T1;T3,-,-,MEDIUM,MODEL_FIELD,CORRECTION
V4-0334,compliance,CMP-014,change_trigger,,MODEL: change in any trigger fact -> re-evaluate,"v4 lifecycle field completeness (labelled MODEL = engine semantics, not statute)",SRC-066;SRC-005,-,T1;T3,-,-,MEDIUM,MODEL_FIELD,CORRECTION
V4-0335,compliance,CMP-014,closure_trigger,,MODEL: cessation of triggering activity (statutory closure formalities UNKNOWN unless stated),"v4 lifecycle field completeness (labelled MODEL = engine semantics, not statute)",SRC-066;SRC-005,-,T1;T3,-,-,MEDIUM,MODEL_FIELD,CORRECTION
V4-0336,compliance,CMP-015,trigger_event,,Licence held,"v4 lifecycle field completeness (labelled MODEL = engine semantics, not statute)",SRC-018,-,T3,-,-,MEDIUM,MODEL_FIELD,CORRECTION
V4-0337,compliance,CMP-015,precondition,,MODEL: trigger facts TRUE (see trigger),"v4 lifecycle field completeness (labelled MODEL = engine semantics, not statute)",SRC-018,-,T3,-,-,MEDIUM,MODEL_FIELD,CORRECTION
V4-0338,compliance,CMP-015,validity,,UNKNOWN,"v4 lifecycle field completeness (labelled MODEL = engine semantics, not statute)",SRC-018,-,T3,-,-,MEDIUM,MODEL_FIELD,CORRECTION
V4-0339,compliance,CMP-015,renewal_trigger,,N/A (continuing duty; periodic deadline in frequency_deadline),"v4 lifecycle field completeness (labelled MODEL = engine semantics, not statute)",SRC-018,-,T3,-,-,MEDIUM,MODEL_FIELD,CORRECTION
V4-0340,compliance,CMP-015,change_trigger,,MODEL: change in any trigger fact -> re-evaluate,"v4 lifecycle field completeness (labelled MODEL = engine semantics, not statute)",SRC-018,-,T3,-,-,MEDIUM,MODEL_FIELD,CORRECTION
V4-0341,compliance,CMP-015,closure_trigger,,MODEL: cessation of triggering activity (statutory closure formalities UNKNOWN unless stated),"v4 lifecycle field completeness (labelled MODEL = engine semantics, not statute)",SRC-018,-,T3,-,-,MEDIUM,MODEL_FIELD,CORRECTION
V4-0342,compliance,CMP-016,trigger_event,,Employer,"v4 lifecycle field completeness (labelled MODEL = engine semantics, not statute)",SRC-070,-,T3,-,-,MEDIUM,MODEL_FIELD,CORRECTION
V4-0343,compliance,CMP-016,precondition,,MODEL: trigger facts TRUE (see trigger),"v4 lifecycle field completeness (labelled MODEL = engine semantics, not statute)",SRC-070,-,T3,-,-,MEDIUM,MODEL_FIELD,CORRECTION
V4-0344,compliance,CMP-016,validity,,UNKNOWN,"v4 lifecycle field completeness (labelled MODEL = engine semantics, not statute)",SRC-070,-,T3,-,-,MEDIUM,MODEL_FIELD,CORRECTION
V4-0345,compliance,CMP-016,renewal_trigger,,N/A (continuing duty; periodic deadline in frequency_deadline),"v4 lifecycle field completeness (labelled MODEL = engine semantics, not statute)",SRC-070,-,T3,-,-,MEDIUM,MODEL_FIELD,CORRECTION
V4-0346,compliance,CMP-016,change_trigger,,MODEL: change in any trigger fact -> re-evaluate,"v4 lifecycle field completeness (labelled MODEL = engine semantics, not statute)",SRC-070,-,T3,-,-,MEDIUM,MODEL_FIELD,CORRECTION
V4-0347,compliance,CMP-016,closure_trigger,,MODEL: cessation of triggering activity (statutory closure formalities UNKNOWN unless stated),"v4 lifecycle field completeness (labelled MODEL = engine semantics, not statute)",SRC-070,-,T3,-,-,MEDIUM,MODEL_FIELD,CORRECTION
V4-0348,compliance,CMP-017,trigger_event,,Any establishment covered by the Code,"v4 lifecycle field completeness (labelled MODEL = engine semantics, not statute)",SRC-081,-,T1,-,-,MEDIUM,MODEL_FIELD,CORRECTION
V4-0349,compliance,CMP-017,precondition,,MODEL: trigger facts TRUE (see trigger),"v4 lifecycle field completeness (labelled MODEL = engine semantics, not statute)",SRC-081,-,T1,-,-,MEDIUM,MODEL_FIELD,CORRECTION
V4-0350,compliance,CMP-017,validity,,UNKNOWN,"v4 lifecycle field completeness (labelled MODEL = engine semantics, not statute)",SRC-081,-,T1,-,-,MEDIUM,MODEL_FIELD,CORRECTION
V4-0351,compliance,CMP-017,renewal_trigger,,N/A (continuing duty; periodic deadline in frequency_deadline),"v4 lifecycle field completeness (labelled MODEL = engine semantics, not statute)",SRC-081,-,T1,-,-,MEDIUM,MODEL_FIELD,CORRECTION
V4-0352,compliance,CMP-017,change_trigger,,MODEL: change in any trigger fact -> re-evaluate,"v4 lifecycle field completeness (labelled MODEL = engine semantics, not statute)",SRC-081,-,T1,-,-,MEDIUM,MODEL_FIELD,CORRECTION
V4-0353,compliance,CMP-017,closure_trigger,,MODEL: cessation of triggering activity (statutory closure formalities UNKNOWN unless stated),"v4 lifecycle field completeness (labelled MODEL = engine semantics, not statute)",SRC-081,-,T1,-,-,MEDIUM,MODEL_FIELD,CORRECTION
V4-0354,compliance,CMP-018,trigger_event,,Factory with >=500 workers; factory carrying on hazardous process with >=250; BOCW >=250,"v4 lifecycle field completeness (labelled MODEL = engine semantics, not statute)",SRC-081,-,T1,-,-,MEDIUM,MODEL_FIELD,CORRECTION
V4-0355,compliance,CMP-018,precondition,,MODEL: trigger facts TRUE (see trigger),"v4 lifecycle field completeness (labelled MODEL = engine semantics, not statute)",SRC-081,-,T1,-,-,MEDIUM,MODEL_FIELD,CORRECTION
V4-0356,compliance,CMP-018,validity,,MODEL: continuing while trigger persists,"v4 lifecycle field completeness (labelled MODEL = engine semantics, not statute)",SRC-081,-,T1,-,-,MEDIUM,MODEL_FIELD,CORRECTION
V4-0357,compliance,CMP-018,renewal_trigger,,N/A (continuing duty; periodic deadline in frequency_deadline),"v4 lifecycle field completeness (labelled MODEL = engine semantics, not statute)",SRC-081,-,T1,-,-,MEDIUM,MODEL_FIELD,CORRECTION
V4-0358,compliance,CMP-018,change_trigger,,MODEL: change in any trigger fact -> re-evaluate,"v4 lifecycle field completeness (labelled MODEL = engine semantics, not statute)",SRC-081,-,T1,-,-,MEDIUM,MODEL_FIELD,CORRECTION
V4-0359,compliance,CMP-018,closure_trigger,,MODEL: cessation of triggering activity (statutory closure formalities UNKNOWN unless stated),"v4 lifecycle field completeness (labelled MODEL = engine semantics, not statute)",SRC-081,-,T1,-,-,MEDIUM,MODEL_FIELD,CORRECTION
V4-0360,compliance,CMP-019,trigger_event,,Major accident (r.2(j)) at site or pipeline,"v4 lifecycle field completeness (labelled MODEL = engine semantics, not statute)",SRC-016,-,T1,-,-,MEDIUM,MODEL_FIELD,CORRECTION
V4-0361,compliance,CMP-019,precondition,,MODEL: trigger facts TRUE (see trigger),"v4 lifecycle field completeness (labelled MODEL = engine semantics, not statute)",SRC-016,-,T1,-,-,MEDIUM,MODEL_FIELD,CORRECTION
V4-0362,compliance,CMP-019,validity,,UNKNOWN,"v4 lifecycle field completeness (labelled MODEL = engine semantics, not statute)",SRC-016,-,T1,-,-,MEDIUM,MODEL_FIELD,CORRECTION
V4-0363,compliance,CMP-019,renewal_trigger,,N/A (continuing duty; periodic deadline in frequency_deadline),"v4 lifecycle field completeness (labelled MODEL = engine semantics, not statute)",SRC-016,-,T1,-,-,MEDIUM,MODEL_FIELD,CORRECTION
V4-0364,compliance,CMP-019,change_trigger,,MODEL: change in any trigger fact -> re-evaluate,"v4 lifecycle field completeness (labelled MODEL = engine semantics, not statute)",SRC-016,-,T1,-,-,MEDIUM,MODEL_FIELD,CORRECTION
V4-0365,compliance,CMP-019,closure_trigger,,MODEL: cessation of triggering activity (statutory closure formalities UNKNOWN unless stated),"v4 lifecycle field completeness (labelled MODEL = engine semantics, not statute)",SRC-016,-,T1,-,-,MEDIUM,MODEL_FIELD,CORRECTION
V4-0366,compliance,CMP-020,trigger_event,,Change in max threshold quantity/cessation affecting r.7 report,"v4 lifecycle field completeness (labelled MODEL = engine semantics, not statute)",SRC-016,-,T1,-,-,MEDIUM,MODEL_FIELD,CORRECTION
V4-0367,compliance,CMP-020,precondition,,MODEL: trigger facts TRUE (see trigger),"v4 lifecycle field completeness (labelled MODEL = engine semantics, not statute)",SRC-016,-,T1,-,-,MEDIUM,MODEL_FIELD,CORRECTION
V4-0368,compliance,CMP-020,validity,,UNKNOWN,"v4 lifecycle field completeness (labelled MODEL = engine semantics, not statute)",SRC-016,-,T1,-,-,MEDIUM,MODEL_FIELD,CORRECTION
V4-0369,compliance,CMP-020,renewal_trigger,,N/A (continuing duty; periodic deadline in frequency_deadline),"v4 lifecycle field completeness (labelled MODEL = engine semantics, not statute)",SRC-016,-,T1,-,-,MEDIUM,MODEL_FIELD,CORRECTION
V4-0370,compliance,CMP-020,change_trigger,,MODEL: change in any trigger fact -> re-evaluate,"v4 lifecycle field completeness (labelled MODEL = engine semantics, not statute)",SRC-016,-,T1,-,-,MEDIUM,MODEL_FIELD,CORRECTION
V4-0371,compliance,CMP-020,closure_trigger,,MODEL: cessation of triggering activity (statutory closure formalities UNKNOWN unless stated),"v4 lifecycle field completeness (labelled MODEL = engine semantics, not statute)",SRC-016,-,T1,-,-,MEDIUM,MODEL_FIELD,CORRECTION
V4-0372,compliance,CMP-021,trigger_event,,APR-058 thresholds met,"v4 lifecycle field completeness (labelled MODEL = engine semantics, not statute)",SRC-098,-,T3,-,-,MEDIUM,MODEL_FIELD,CORRECTION
V4-0373,compliance,CMP-021,precondition,,MODEL: trigger facts TRUE (see trigger),"v4 lifecycle field completeness (labelled MODEL = engine semantics, not statute)",SRC-098,-,T3,-,-,MEDIUM,MODEL_FIELD,CORRECTION
V4-0374,compliance,CMP-021,validity,,UNKNOWN,"v4 lifecycle field completeness (labelled MODEL = engine semantics, not statute)",SRC-098,-,T3,-,-,MEDIUM,MODEL_FIELD,CORRECTION
V4-0375,compliance,CMP-021,renewal_trigger,,N/A (continuing duty; periodic deadline in frequency_deadline),"v4 lifecycle field completeness (labelled MODEL = engine semantics, not statute)",SRC-098,-,T3,-,-,MEDIUM,MODEL_FIELD,CORRECTION
V4-0376,compliance,CMP-021,change_trigger,,MODEL: change in any trigger fact -> re-evaluate,"v4 lifecycle field completeness (labelled MODEL = engine semantics, not statute)",SRC-098,-,T3,-,-,MEDIUM,MODEL_FIELD,CORRECTION
V4-0377,compliance,CMP-021,closure_trigger,,MODEL: cessation of triggering activity (statutory closure formalities UNKNOWN unless stated),"v4 lifecycle field completeness (labelled MODEL = engine semantics, not statute)",SRC-098,-,T3,-,-,MEDIUM,MODEL_FIELD,CORRECTION
V4-0378,compliance,CMP-022,trigger_event,,"Boiler(s) with total heating surface >1,000 m2 (single, battery or within 50 m radius)","v4 lifecycle field completeness (labelled MODEL = engine semantics, not statute)",SRC-085,-,T1,-,-,MEDIUM,MODEL_FIELD,CORRECTION
V4-0379,compliance,CMP-022,precondition,,MODEL: trigger facts TRUE (see trigger),"v4 lifecycle field completeness (labelled MODEL = engine semantics, not statute)",SRC-085,-,T1,-,-,MEDIUM,MODEL_FIELD,CORRECTION
V4-0380,compliance,CMP-022,validity,,MODEL: continuing while trigger persists,"v4 lifecycle field completeness (labelled MODEL = engine semantics, not statute)",SRC-085,-,T1,-,-,MEDIUM,MODEL_FIELD,CORRECTION
V4-0381,compliance,CMP-022,renewal_trigger,,N/A (continuing duty; periodic deadline in frequency_deadline),"v4 lifecycle field completeness (labelled MODEL = engine semantics, not statute)",SRC-085,-,T1,-,-,MEDIUM,MODEL_FIELD,CORRECTION
V4-0382,compliance,CMP-022,change_trigger,,MODEL: change in any trigger fact -> re-evaluate,"v4 lifecycle field completeness (labelled MODEL = engine semantics, not statute)",SRC-085,-,T1,-,-,MEDIUM,MODEL_FIELD,CORRECTION
V4-0383,compliance,CMP-022,closure_trigger,,MODEL: cessation of triggering activity (statutory closure formalities UNKNOWN unless stated),"v4 lifecycle field completeness (labelled MODEL = engine semantics, not statute)",SRC-085,-,T1,-,-,MEDIUM,MODEL_FIELD,CORRECTION
V4-0384,compliance,CMP-023,trigger_event,,r.6 activity,"v4 lifecycle field completeness (labelled MODEL = engine semantics, not statute)",SRC-016,-,T1,-,-,MEDIUM,MODEL_FIELD,CORRECTION
V4-0385,compliance,CMP-023,precondition,,MODEL: trigger facts TRUE (see trigger),"v4 lifecycle field completeness (labelled MODEL = engine semantics, not statute)",SRC-016,-,T1,-,-,MEDIUM,MODEL_FIELD,CORRECTION
V4-0386,compliance,CMP-023,validity,,UNKNOWN,"v4 lifecycle field completeness (labelled MODEL = engine semantics, not statute)",SRC-016,-,T1,-,-,MEDIUM,MODEL_FIELD,CORRECTION
V4-0387,compliance,CMP-023,renewal_trigger,,N/A (continuing duty; periodic deadline in frequency_deadline),"v4 lifecycle field completeness (labelled MODEL = engine semantics, not statute)",SRC-016,-,T1,-,-,MEDIUM,MODEL_FIELD,CORRECTION
V4-0388,compliance,CMP-023,change_trigger,,MODEL: change in any trigger fact -> re-evaluate,"v4 lifecycle field completeness (labelled MODEL = engine semantics, not statute)",SRC-016,-,T1,-,-,MEDIUM,MODEL_FIELD,CORRECTION
V4-0389,compliance,CMP-023,closure_trigger,,MODEL: cessation of triggering activity (statutory closure formalities UNKNOWN unless stated),"v4 lifecycle field completeness (labelled MODEL = engine semantics, not statute)",SRC-016,-,T1,-,-,MEDIUM,MODEL_FIELD,CORRECTION
V4-0390,compliance,CMP-024,trigger_event,,R-093,"v4 lifecycle field completeness (labelled MODEL = engine semantics, not statute)",SRC-102,-,T1,-,-,MEDIUM,MODEL_FIELD,CORRECTION
V4-0391,compliance,CMP-024,precondition,,MODEL: trigger facts TRUE (see trigger),"v4 lifecycle field completeness (labelled MODEL = engine semantics, not statute)",SRC-102,-,T1,-,-,MEDIUM,MODEL_FIELD,CORRECTION
V4-0392,compliance,CMP-024,validity,,MODEL: continuing while trigger persists,"v4 lifecycle field completeness (labelled MODEL = engine semantics, not statute)",SRC-102,-,T1,-,-,MEDIUM,MODEL_FIELD,CORRECTION
V4-0393,compliance,CMP-024,renewal_trigger,,N/A (continuing duty; periodic deadline in frequency_deadline),"v4 lifecycle field completeness (labelled MODEL = engine semantics, not statute)",SRC-102,-,T1,-,-,MEDIUM,MODEL_FIELD,CORRECTION
V4-0394,compliance,CMP-024,change_trigger,,MODEL: change in any trigger fact -> re-evaluate,"v4 lifecycle field completeness (labelled MODEL = engine semantics, not statute)",SRC-102,-,T1,-,-,MEDIUM,MODEL_FIELD,CORRECTION
V4-0395,compliance,CMP-024,closure_trigger,,MODEL: cessation of triggering activity (statutory closure formalities UNKNOWN unless stated),"v4 lifecycle field completeness (labelled MODEL = engine semantics, not statute)",SRC-102,-,T1,-,-,MEDIUM,MODEL_FIELD,CORRECTION
V4-0396,compliance,CMP-025,trigger_event,,R-094,"v4 lifecycle field completeness (labelled MODEL = engine semantics, not statute)",SRC-135,-,T1,-,-,MEDIUM,MODEL_FIELD,CORRECTION
V4-0397,compliance,CMP-025,precondition,,MODEL: trigger facts TRUE (see trigger),"v4 lifecycle field completeness (labelled MODEL = engine semantics, not statute)",SRC-135,-,T1,-,-,MEDIUM,MODEL_FIELD,CORRECTION
V4-0398,compliance,CMP-025,validity,,UNKNOWN,"v4 lifecycle field completeness (labelled MODEL = engine semantics, not statute)",SRC-135,-,T1,-,-,MEDIUM,MODEL_FIELD,CORRECTION
V4-0399,compliance,CMP-025,renewal_trigger,,N/A (continuing duty; periodic deadline in frequency_deadline),"v4 lifecycle field completeness (labelled MODEL = engine semantics, not statute)",SRC-135,-,T1,-,-,MEDIUM,MODEL_FIELD,CORRECTION
V4-0400,compliance,CMP-025,change_trigger,,MODEL: change in any trigger fact -> re-evaluate,"v4 lifecycle field completeness (labelled MODEL = engine semantics, not statute)",SRC-135,-,T1,-,-,MEDIUM,MODEL_FIELD,CORRECTION
V4-0401,compliance,CMP-025,closure_trigger,,MODEL: cessation of triggering activity (statutory closure formalities UNKNOWN unless stated),"v4 lifecycle field completeness (labelled MODEL = engine semantics, not statute)",SRC-135,-,T1,-,-,MEDIUM,MODEL_FIELD,CORRECTION
V4-0402,compliance,CMP-026,trigger_event,,F-LAB-07 == TRUE,"v4 lifecycle field completeness (labelled MODEL = engine semantics, not statute)",SRC-081,-,T1,-,-,MEDIUM,MODEL_FIELD,CORRECTION
V4-0403,compliance,CMP-026,precondition,,MODEL: trigger facts TRUE (see trigger),"v4 lifecycle field completeness (labelled MODEL = engine semantics, not statute)",SRC-081,-,T1,-,-,MEDIUM,MODEL_FIELD,CORRECTION
V4-0404,compliance,CMP-026,validity,,UNKNOWN,"v4 lifecycle field completeness (labelled MODEL = engine semantics, not statute)",SRC-081,-,T1,-,-,MEDIUM,MODEL_FIELD,CORRECTION
V4-0405,compliance,CMP-026,renewal_trigger,,N/A (continuing duty; periodic deadline in frequency_deadline),"v4 lifecycle field completeness (labelled MODEL = engine semantics, not statute)",SRC-081,-,T1,-,-,MEDIUM,MODEL_FIELD,CORRECTION
V4-0406,compliance,CMP-026,change_trigger,,MODEL: change in any trigger fact -> re-evaluate,"v4 lifecycle field completeness (labelled MODEL = engine semantics, not statute)",SRC-081,-,T1,-,-,MEDIUM,MODEL_FIELD,CORRECTION
V4-0407,compliance,CMP-026,closure_trigger,,MODEL: cessation of triggering activity (statutory closure formalities UNKNOWN unless stated),"v4 lifecycle field completeness (labelled MODEL = engine semantics, not statute)",SRC-081,-,T1,-,-,MEDIUM,MODEL_FIELD,CORRECTION
V4-0408,compliance,CMP-027,trigger_event,,F-LAB-07 == TRUE,"v4 lifecycle field completeness (labelled MODEL = engine semantics, not statute)",SRC-081,-,T1,-,-,MEDIUM,MODEL_FIELD,CORRECTION
V4-0409,compliance,CMP-027,precondition,,MODEL: trigger facts TRUE (see trigger),"v4 lifecycle field completeness (labelled MODEL = engine semantics, not statute)",SRC-081,-,T1,-,-,MEDIUM,MODEL_FIELD,CORRECTION
V4-0410,compliance,CMP-027,validity,,UNKNOWN,"v4 lifecycle field completeness (labelled MODEL = engine semantics, not statute)",SRC-081,-,T1,-,-,MEDIUM,MODEL_FIELD,CORRECTION
V4-0411,compliance,CMP-027,renewal_trigger,,N/A (continuing duty; periodic deadline in frequency_deadline),"v4 lifecycle field completeness (labelled MODEL = engine semantics, not statute)",SRC-081,-,T1,-,-,MEDIUM,MODEL_FIELD,CORRECTION
V4-0412,compliance,CMP-027,change_trigger,,MODEL: change in any trigger fact -> re-evaluate,"v4 lifecycle field completeness (labelled MODEL = engine semantics, not statute)",SRC-081,-,T1,-,-,MEDIUM,MODEL_FIELD,CORRECTION
V4-0413,compliance,CMP-027,closure_trigger,,MODEL: cessation of triggering activity (statutory closure formalities UNKNOWN unless stated),"v4 lifecycle field completeness (labelled MODEL = engine semantics, not statute)",SRC-081,-,T1,-,-,MEDIUM,MODEL_FIELD,CORRECTION
V4-0414,compliance,CMP-028,trigger_event,,R-088,"v4 lifecycle field completeness (labelled MODEL = engine semantics, not statute)",SRC-034,-,T1,-,-,MEDIUM,MODEL_FIELD,CORRECTION
V4-0415,compliance,CMP-028,precondition,,MODEL: trigger facts TRUE (see trigger),"v4 lifecycle field completeness (labelled MODEL = engine semantics, not statute)",SRC-034,-,T1,-,-,MEDIUM,MODEL_FIELD,CORRECTION
V4-0416,compliance,CMP-028,validity,,UNKNOWN,"v4 lifecycle field completeness (labelled MODEL = engine semantics, not statute)",SRC-034,-,T1,-,-,MEDIUM,MODEL_FIELD,CORRECTION
V4-0417,compliance,CMP-028,renewal_trigger,,N/A (continuing duty; periodic deadline in frequency_deadline),"v4 lifecycle field completeness (labelled MODEL = engine semantics, not statute)",SRC-034,-,T1,-,-,MEDIUM,MODEL_FIELD,CORRECTION
V4-0418,compliance,CMP-028,change_trigger,,MODEL: change in any trigger fact -> re-evaluate,"v4 lifecycle field completeness (labelled MODEL = engine semantics, not statute)",SRC-034,-,T1,-,-,MEDIUM,MODEL_FIELD,CORRECTION
V4-0419,compliance,CMP-028,closure_trigger,,MODEL: cessation of triggering activity (statutory closure formalities UNKNOWN unless stated),"v4 lifecycle field completeness (labelled MODEL = engine semantics, not statute)",SRC-034,-,T1,-,-,MEDIUM,MODEL_FIELD,CORRECTION
V4-0420,compliance,CMP-029,trigger_event,,R-024,"v4 lifecycle field completeness (labelled MODEL = engine semantics, not statute)",SRC-081,-,T1,-,-,MEDIUM,MODEL_FIELD,CORRECTION
V4-0421,compliance,CMP-029,precondition,,MODEL: trigger facts TRUE (see trigger),"v4 lifecycle field completeness (labelled MODEL = engine semantics, not statute)",SRC-081,-,T1,-,-,MEDIUM,MODEL_FIELD,CORRECTION
V4-0422,compliance,CMP-029,validity,,UNKNOWN,"v4 lifecycle field completeness (labelled MODEL = engine semantics, not statute)",SRC-081,-,T1,-,-,MEDIUM,MODEL_FIELD,CORRECTION
V4-0423,compliance,CMP-029,renewal_trigger,,N/A (continuing duty; periodic deadline in frequency_deadline),"v4 lifecycle field completeness (labelled MODEL = engine semantics, not statute)",SRC-081,-,T1,-,-,MEDIUM,MODEL_FIELD,CORRECTION
V4-0424,compliance,CMP-029,change_trigger,,MODEL: change in any trigger fact -> re-evaluate,"v4 lifecycle field completeness (labelled MODEL = engine semantics, not statute)",SRC-081,-,T1,-,-,MEDIUM,MODEL_FIELD,CORRECTION
V4-0425,compliance,CMP-029,closure_trigger,,MODEL: cessation of triggering activity (statutory closure formalities UNKNOWN unless stated),"v4 lifecycle field completeness (labelled MODEL = engine semantics, not statute)",SRC-081,-,T1,-,-,MEDIUM,MODEL_FIELD,CORRECTION
V4-0426,edge_tests,ET-v4-01,(record),(did not exist in v3),ADDED,v4 edge test,SRC-122,FR-02,T3,-,-,HIGH,TEST,ADDITION
V4-0427,edge_tests,ET-v4-02,(record),(did not exist in v3),ADDED,v4 edge test,SRC-122,FR-01; circular 31-01-2025,T3,-,-,HIGH,TEST,ADDITION
V4-0428,edge_tests,ET-v4-03,(record),(did not exist in v3),ADDED,v4 edge test,SRC-122,FR-03,T3,-,-,HIGH,TEST,ADDITION
V4-0429,edge_tests,ET-v4-04,(record),(did not exist in v3),ADDED,v4 edge test,SRC-122,S3P1-105,T3,-,-,HIGH,TEST,ADDITION
V4-0430,edge_tests,ET-v4-05,(record),(did not exist in v3),ADDED,v4 edge test,SRC-122,S3P1-111,T3,-,-,HIGH,TEST,ADDITION
V4-0431,edge_tests,ET-v4-06,(record),(did not exist in v3),ADDED,v4 edge test,SRC-122,S2-18,T3,-,-,HIGH,TEST,ADDITION
V4-0432,edge_tests,ET-v4-07,(record),(did not exist in v3),ADDED,v4 edge test,SRC-122,S3P1-065,T3,-,-,HIGH,TEST,ADDITION
V4-0433,edge_tests,ET-v4-08,(record),(did not exist in v3),ADDED,v4 edge test,SRC-122,S3P1-164,T3,-,-,HIGH,TEST,ADDITION
V4-0434,edge_tests,ET-v4-09,(record),(did not exist in v3),ADDED,v4 edge test,SRC-122,GSR-03,T3,-,-,HIGH,TEST,ADDITION
V4-0435,edge_tests,ET-v4-10,(record),(did not exist in v3),ADDED,v4 edge test,SRC-122,GSR-05,T3,-,-,HIGH,TEST,ADDITION
V4-0436,edge_tests,ET-v4-11,(record),(did not exist in v3),ADDED,v4 edge test,SRC-122,GSR-04,T3,-,-,HIGH,TEST,ADDITION
V4-0437,edge_tests,ET-v4-12,(record),(did not exist in v3),ADDED,v4 edge test,SRC-122,midc_rts_services,T3,-,-,HIGH,TEST,ADDITION
V4-0438,edge_tests,ET-v4-13,(record),(did not exist in v3),ADDED,v4 edge test,SRC-122,SWM 2026 r.3,T3,-,-,HIGH,TEST,ADDITION
V4-0439,edge_tests,ET-v4-14,(record),(did not exist in v3),ADDED,v4 edge test,SRC-122,SWM 2026 r.3,T3,-,-,HIGH,TEST,ADDITION
V4-0440,edge_tests,ET-v4-15,(record),(did not exist in v3),ADDED,v4 edge test,SRC-122,R-080,T3,-,-,HIGH,TEST,ADDITION
V4-0441,edge_tests,ET-v4-16,(record),(did not exist in v3),ADDED,v4 edge test,SRC-122,UDCPR 2.10,T3,-,-,HIGH,TEST,ADDITION
V4-0442,edge_tests,ET-v4-17,(record),(did not exist in v3),ADDED,v4 edge test,SRC-122,epr_regimes,T3,-,-,HIGH,TEST,ADDITION
V4-0443,edge_tests,ET-v4-18,(record),(did not exist in v3),ADDED,v4 edge test,SRC-122,incentive_status,T3,-,-,HIGH,TEST,ADDITION
V4-0444,unresolved_items,(table),(table),(did not exist in v3),ADDED 16 rows,v4 unresolved items (brief format),SRC-122,-,T3,-,-,HIGH,OPEN,NEW_TABLE
V4-0445,automated_checks,(table),(table),(did not exist in v3),ADDED 20 rows,v4 automated checks (computed),SRC-122,-,T3,-,-,HIGH,COMPUTED,NEW_TABLE
V4-0446,readiness_checklist,RC-02,evidence,New rules carry locators; MSIHC per-chemical thresholds held as REQUIRES_OFFICIAL_CONFIRMATION (CON-021),"MSIHC: 191/221 rows primary-verified; 1994 col-4 insertions and 3 conflicting entries held (UR-01, UR-02)",v4 reassessment,SRC-154;SRC-145,-,T1;T2,-,-,HIGH,PARTIAL,CORRECTION
V4-0447,readiness_checklist,RC-08,evidence,Authority/applicability/timelines done; OC and renewal (CON-013) open,Fire renewal RESOLVED (R-099); UDCPR CC/OC steps added (planning_steps); zone permissibility and non-MIDC fire SLA open (UR-14),v4 reassessment,SRC-154;SRC-145,-,T1;T2,-,-,HIGH,PARTIAL,CORRECTION
V4-0448,readiness_checklist,RC-12,result,PARTIAL,PASS,v4 reassessment,SRC-154;SRC-145,-,T1;T2,-,-,HIGH,PASS,CORRECTION
V4-0449,readiness_checklist,RC-12,evidence,Pipeline usable; per-chemical threshold values need clean T1 verification,Pipeline + primary-verified threshold table with cell-level gating (msihc_t1_thresholds),v4 reassessment,SRC-154;SRC-145,-,T1;T2,-,-,HIGH,PASS,CORRECTION
V4-0450,readiness_checklist,RC-15,evidence,incentive_status.csv DO_NOT_IMPLEMENT_YET,incentive_status v4_status; all computations DO_NOT_IMPLEMENT_YET,v4 reassessment,SRC-154;SRC-145,-,T1;T2,-,-,HIGH,PASS (blocked),CORRECTION
V4-0451,readiness_checklist,RC-04,evidence,Insecticide licensing officer (T4 only); per-site planning authority and CFO are input facts,Insecticides/Drugs authority (UR-11); planning/fire authority are input facts,v4 reassessment,SRC-154;SRC-145,-,T1;T2,-,-,HIGH,PARTIAL,CORRECTION
V4-0452,readiness_abcd,(table),(table),(did not exist in v3),ADDED 23 rows,v4 A/B/C/D readiness,SRC-122,-,T3,-,-,HIGH,SEE bucket,NEW_TABLE
