change_id,table,record_id,field,OLD_VALUE,NEW_VALUE,REASON,SOURCE_ID,EXACT_LOCATOR,SOURCE_TIER,PUBLICATION_DATE,EFFECTIVE_DATE,CONFIDENCE,IMPLEMENTATION_STATUS,change_type
V5-0001,sources,SRC-166,(record),(did not exist in v4),ADDED,v5 source (read),SRC-166,Order paras 1-4 (p.1-2); annexure village list,T1,31-07-2015,31-07-2015 (until further orders),HIGH,REGISTERED,ADDITION
V5-0002,sources,SRC-167,(record),(did not exist in v4),ADDED,v5 source (read),SRC-167,p.734 amendment list; Sch 1 p.740; Sch 2 p.746-747 footnote 4; Sch 3 p.748-752 footnotes 1-2 (p.752),T1,(consolidated; last amendment 19-01-2000),1989-11-27,HIGH,REGISTERED,ADDITION
V5-0003,sources,SRC-168,(record),(did not exist in v4),ADDED,v5 source (read),SRC-168,paras describing MSIHC Rules 1989 and amendments,T2,16-09-2024,-,HIGH,REGISTERED,ADDITION
V5-0004,sources,SRC-169,(record),(did not exist in v4),ADDED,v5 source (read),SRC-169,r.44(a)-(c); r.48; r.51(2); r.55(2),T1,22-11-2016,22-11-2016,HIGH,REGISTERED,ADDITION
V5-0005,sources,SRC-170,(record),(did not exist in v4),ADDED,v5 source (read),SRC-170,rules 2-3,T1,16-06-2025,16-06-2025,HIGH,REGISTERED,ADDITION
V5-0006,sources,SRC-171,(record),(did not exist in v4),ADDED,v5 source (read),SRC-171,rule 2 (r.2 clause xxviii),T1,12-11-2025,12-11-2025,HIGH,REGISTERED,ADDITION
V5-0007,sources,SRC-172,(record),(did not exist in v4),ADDED,v5 source (read),SRC-172,whole,T1,03-02-2026,DRAFT - not in force,HIGH,REGISTERED,ADDITION
V5-0008,sources,SRC-173,(record),(did not exist in v4),ADDED,v5 source (read),SRC-173,"rules 2-4 (r.3(5), r.32(1) proviso, r.48(3)(b))",T1,28-04-2026,28-04-2026,HIGH,REGISTERED,ADDITION
V5-0009,sources,SRC-174,(record),(did not exist in v4),ADDED,v5 source (read),SRC-174,"r.2(ix), r.2(xxxvii), r.3, r.45, r.46(1)(i)(c), r.47, r.51",T1,01-12-2016,01-12-2016,HIGH,REGISTERED,ADDITION
V5-0010,sources,SRC-175,(record),(did not exist in v4),ADDED,v5 source (read),SRC-175,Schedule I Table C,T1,28-04-2025,28-04-2025,HIGH,REGISTERED,ADDITION
V5-0011,sources,SRC-176,(record),(did not exist in v4),ADDED,v5 source (read),SRC-176,whole,T1,24-02-2026,DRAFT - not in force,HIGH,REGISTERED,ADDITION
V5-0012,sources,SRC-177,(record),(did not exist in v4),ADDED,v5 source (read),SRC-177,rule 1(2); rule 4 ('rule 47 shall be omitted'); r.21(17); r.22(3); r.51(4),T1,05-06-2026,05-06-2026 (on publication),HIGH,REGISTERED,ADDITION
V5-0013,sources,SRC-178,(record),(did not exist in v4),ADDED,v5 source (read),SRC-178,whole,T2,06-02-2007,06-02-2007,HIGH,REGISTERED,ADDITION
V5-0014,sources,SRC-179,(record),(did not exist in v4),ADDED,v5 source (read),SRC-179,operative directions,T1,05-08-2025,05-08-2025,HIGH,REGISTERED,ADDITION
V5-0015,sources,SRC-180,(record),(did not exist in v4),ADDED,v5 source (read),SRC-180,whole,T1,11-12-2025,11-12-2025,HIGH,REGISTERED,ADDITION
V5-0016,sources,SRC-181,(record),(did not exist in v4),ADDED,v5 source (read),SRC-181,"rules 1-2 (Schedule I para 2 clauses (ia), (ib), (v))",T1,24-02-2025,24-02-2025,HIGH,REGISTERED,ADDITION
V5-0017,sources,SRC-182,(record),(did not exist in v4),ADDED,v5 source (read),SRC-182,Sch IX para 1(e) producer; para 2 application; para 3 registration; para 9 portal,T1,21-07-2022,21-07-2022,HIGH,REGISTERED,ADDITION
V5-0018,sources,SRC-183,(record),(did not exist in v4),ADDED,v5 source (read),SRC-183,"commencement; r.2(k),(o),(q); r.45; r.52; r.55",T1,01-07-2025,01-04-2026,HIGH,REGISTERED,ADDITION
V5-0019,sources,SRC-184,(record),(did not exist in v4),ADDED,v5 source (read),SRC-184,home page text,T3,,,HIGH,REGISTERED,ADDITION
V5-0020,sources,SRC-185,(record),(did not exist in v4),ADDED,v5 source (read),SRC-185,rows 3-4,T3,,,HIGH,REGISTERED,ADDITION
V5-0021,sources,SRC-186,(record),(did not exist in v4),ADDED,v5 source (read),SRC-186,Acts list,T3,,,HIGH,REGISTERED,ADDITION
V5-0022,sources,SRC-187,(record),(did not exist in v4),ADDED,v5 source (read),SRC-187,rows 1-22,T3,,,HIGH,REGISTERED,ADDITION
V5-0023,sources,SRC-188,(record),(did not exist in v4),ADDED,v5 source (read),SRC-188,circular list entry 11-09-2025,T3,11-09-2025,,HIGH,REGISTERED,ADDITION
V5-0024,sources,SRC-008,exact_locators,see rules.csv source_locator,"No. BO/AST/EoDB/B-68 dated 23/02/2026 (Member Secretary); p.1 recital (MoEFCC Notification No.84(E) 29/01/2025; MPCB circular B-250428-FTS-0035 28/04/2025); p.2 table 'Revised timeline (In Working days)'; closing para (supersession, immediate effect)",v5: 2-page scan read visually (page images),SRC-008,p.1-2,T2,2026-02-23,2026-02-23,HIGH,VERIFIED,CORRECTION
V5-0025,sources,SRC-008,what_the_source_proves,"Only the claims tied to this source in rules.csv / approvals.csv, at the locator stated there. v1 note: Scanned; OCR. Green 15 / Orange 24 / Red 40 working days; supersedes 28-04-2025 circular","Revised MPCB consent timelines in WORKING days: Green 15, Orange 24, Red 40 (one value per category, table columns CTE/CTO/Renewal); existing central timelines tabled: Green 30/30/30, Orange 45/60/60, Red 60/90/120 days (CTE/CTO/Renewal); supersedes 28-04-2025 circular except penal-fee provisions; immediate effect; directs technical officers",v5 visual read,SRC-008,p.2 table,T2,2026-02-23,2026-02-23,HIGH,VERIFIED,CORRECTION
V5-0026,sources,SRC-008,what_the_source_does_not_prove,Anything beyond those locators; Maharashtra implementation status unless the source is a Maharashtra authority; currency after the doc_date,Clock-start event; expansion/amendment consents; Blue/White categories; interaction with GSR 62/63(E); category mapping of a unit,v5 visual read,SRC-008,whole,T2,2026-02-23,2026-02-23,HIGH,VERIFIED,CORRECTION
V5-0027,sla,SLA-001,clock_start,Complete application (per circular),UNKNOWN (circular does not state the clock-start event),v4 said 'Complete application'; the circular does not say this (visual read),SRC-008,"Circular BO/AST/EoDB/B-68 dt 23/02/2026, p.2 table 'Revised timeline (In Working days)'",T2,2026-02-23,2026-02-23,HIGH,IMPLEMENT (ADMINISTRATIVE timeline; category is an input),CORRECTION
V5-0028,sla,SLA-001,sla_source_type,STATE_CIRCULAR,STATE_CIRCULAR (MPCB Board administrative direction),Typed per v5 brief,SRC-008,"Circular BO/AST/EoDB/B-68 dt 23/02/2026, p.2 table 'Revised timeline (In Working days)'",T2,2026-02-23,2026-02-23,HIGH,IMPLEMENT (ADMINISTRATIVE timeline; category is an input),CORRECTION
V5-0029,sla,SLA-001,timeline_type,,ADMINISTRATIVE,v5 timeline typing (LEGAL / RTS/SERVICE / ADMINISTRATIVE / PORTAL),SRC-008,"Circular BO/AST/EoDB/B-68 dt 23/02/2026, p.2 table 'Revised timeline (In Working days)'",T2,2026-02-23,2026-02-23,HIGH,IMPLEMENT (ADMINISTRATIVE timeline; category is an input),CORRECTION
V5-0030,sla,SLA-001,consent_types,,CTE; CTO; Renewal (one revised value per category row),p.2 table: revised value tabled against the CTE/CTO/Renewal columns of each category row,SRC-008,"Circular BO/AST/EoDB/B-68 dt 23/02/2026, p.2 table 'Revised timeline (In Working days)'",T2,2026-02-23,2026-02-23,HIGH,IMPLEMENT (ADMINISTRATIVE timeline; category is an input),CORRECTION
V5-0031,sla,SLA-001,effective_date,,2026-02-23 (immediate effect),Closing para of circular,SRC-008,"Circular BO/AST/EoDB/B-68 dt 23/02/2026, p.2 table 'Revised timeline (In Working days)'",T2,2026-02-23,2026-02-23,HIGH,IMPLEMENT (ADMINISTRATIVE timeline; category is an input),CORRECTION
V5-0032,sla,SLA-001,exact_locator,,"Circular BO/AST/EoDB/B-68 dt 23/02/2026, p.2 table 'Revised timeline (In Working days)'",Exact locator,SRC-008,"Circular BO/AST/EoDB/B-68 dt 23/02/2026, p.2 table 'Revised timeline (In Working days)'",T2,2026-02-23,2026-02-23,HIGH,IMPLEMENT (ADMINISTRATIVE timeline; category is an input),CORRECTION
V5-0033,sla,SLA-001,notes,Supersedes 28-04-2025 circular,"Green: 15 WORKING days. Supersedes MPCB circular 28-04-2025 except its penal-fee provisions. Silent on expansion/amendment consents, Blue/White categories, clock start and GSR 62/63(E). Category mapping of a unit is an INPUT (never inferred).",Scope captured from full text,SRC-008,"Circular BO/AST/EoDB/B-68 dt 23/02/2026, p.2 table 'Revised timeline (In Working days)'",T2,2026-02-23,2026-02-23,HIGH,IMPLEMENT (ADMINISTRATIVE timeline; category is an input),CORRECTION
V5-0034,sla,SLA-001,final_status,REQUIRES_OFFICIAL_CONFIRMATION,VERIFIED_CONDITIONAL,"Value, unit and scope read from the primary circular; application conditional on category + consent type inputs",SRC-008,"Circular BO/AST/EoDB/B-68 dt 23/02/2026, p.2 table 'Revised timeline (In Working days)'",T2,2026-02-23,2026-02-23,HIGH,IMPLEMENT (ADMINISTRATIVE timeline; category is an input),CORRECTION
V5-0035,sla,SLA-002,clock_start,Complete application,UNKNOWN (circular does not state the clock-start event),v4 said 'Complete application'; the circular does not say this (visual read),SRC-008,"Circular BO/AST/EoDB/B-68 dt 23/02/2026, p.2 table 'Revised timeline (In Working days)'",T2,2026-02-23,2026-02-23,HIGH,IMPLEMENT (ADMINISTRATIVE timeline; category is an input),CORRECTION
V5-0036,sla,SLA-002,sla_source_type,STATE_CIRCULAR,STATE_CIRCULAR (MPCB Board administrative direction),Typed per v5 brief,SRC-008,"Circular BO/AST/EoDB/B-68 dt 23/02/2026, p.2 table 'Revised timeline (In Working days)'",T2,2026-02-23,2026-02-23,HIGH,IMPLEMENT (ADMINISTRATIVE timeline; category is an input),CORRECTION
V5-0037,sla,SLA-002,timeline_type,,ADMINISTRATIVE,v5 timeline typing (LEGAL / RTS/SERVICE / ADMINISTRATIVE / PORTAL),SRC-008,"Circular BO/AST/EoDB/B-68 dt 23/02/2026, p.2 table 'Revised timeline (In Working days)'",T2,2026-02-23,2026-02-23,HIGH,IMPLEMENT (ADMINISTRATIVE timeline; category is an input),CORRECTION
V5-0038,sla,SLA-002,consent_types,,CTE; CTO; Renewal (one revised value per category row),p.2 table: revised value tabled against the CTE/CTO/Renewal columns of each category row,SRC-008,"Circular BO/AST/EoDB/B-68 dt 23/02/2026, p.2 table 'Revised timeline (In Working days)'",T2,2026-02-23,2026-02-23,HIGH,IMPLEMENT (ADMINISTRATIVE timeline; category is an input),CORRECTION
V5-0039,sla,SLA-002,effective_date,,2026-02-23 (immediate effect),Closing para of circular,SRC-008,"Circular BO/AST/EoDB/B-68 dt 23/02/2026, p.2 table 'Revised timeline (In Working days)'",T2,2026-02-23,2026-02-23,HIGH,IMPLEMENT (ADMINISTRATIVE timeline; category is an input),CORRECTION
V5-0040,sla,SLA-002,exact_locator,,"Circular BO/AST/EoDB/B-68 dt 23/02/2026, p.2 table 'Revised timeline (In Working days)'",Exact locator,SRC-008,"Circular BO/AST/EoDB/B-68 dt 23/02/2026, p.2 table 'Revised timeline (In Working days)'",T2,2026-02-23,2026-02-23,HIGH,IMPLEMENT (ADMINISTRATIVE timeline; category is an input),CORRECTION
V5-0041,sla,SLA-002,notes,,"Orange: 24 WORKING days. Supersedes MPCB circular 28-04-2025 except its penal-fee provisions. Silent on expansion/amendment consents, Blue/White categories, clock start and GSR 62/63(E). Category mapping of a unit is an INPUT (never inferred).",Scope captured from full text,SRC-008,"Circular BO/AST/EoDB/B-68 dt 23/02/2026, p.2 table 'Revised timeline (In Working days)'",T2,2026-02-23,2026-02-23,HIGH,IMPLEMENT (ADMINISTRATIVE timeline; category is an input),CORRECTION
V5-0042,sla,SLA-002,final_status,REQUIRES_OFFICIAL_CONFIRMATION,VERIFIED_CONDITIONAL,"Value, unit and scope read from the primary circular; application conditional on category + consent type inputs",SRC-008,"Circular BO/AST/EoDB/B-68 dt 23/02/2026, p.2 table 'Revised timeline (In Working days)'",T2,2026-02-23,2026-02-23,HIGH,IMPLEMENT (ADMINISTRATIVE timeline; category is an input),CORRECTION
V5-0043,sla,SLA-003,clock_start,Complete application,UNKNOWN (circular does not state the clock-start event),v4 said 'Complete application'; the circular does not say this (visual read),SRC-008,"Circular BO/AST/EoDB/B-68 dt 23/02/2026, p.2 table 'Revised timeline (In Working days)'",T2,2026-02-23,2026-02-23,HIGH,IMPLEMENT (ADMINISTRATIVE timeline; category is an input),CORRECTION
V5-0044,sla,SLA-003,sla_source_type,STATE_CIRCULAR,STATE_CIRCULAR (MPCB Board administrative direction),Typed per v5 brief,SRC-008,"Circular BO/AST/EoDB/B-68 dt 23/02/2026, p.2 table 'Revised timeline (In Working days)'",T2,2026-02-23,2026-02-23,HIGH,IMPLEMENT (ADMINISTRATIVE timeline; category is an input),CORRECTION
V5-0045,sla,SLA-003,timeline_type,,ADMINISTRATIVE,v5 timeline typing (LEGAL / RTS/SERVICE / ADMINISTRATIVE / PORTAL),SRC-008,"Circular BO/AST/EoDB/B-68 dt 23/02/2026, p.2 table 'Revised timeline (In Working days)'",T2,2026-02-23,2026-02-23,HIGH,IMPLEMENT (ADMINISTRATIVE timeline; category is an input),CORRECTION
V5-0046,sla,SLA-003,consent_types,,CTE; CTO; Renewal (one revised value per category row),p.2 table: revised value tabled against the CTE/CTO/Renewal columns of each category row,SRC-008,"Circular BO/AST/EoDB/B-68 dt 23/02/2026, p.2 table 'Revised timeline (In Working days)'",T2,2026-02-23,2026-02-23,HIGH,IMPLEMENT (ADMINISTRATIVE timeline; category is an input),CORRECTION
V5-0047,sla,SLA-003,effective_date,,2026-02-23 (immediate effect),Closing para of circular,SRC-008,"Circular BO/AST/EoDB/B-68 dt 23/02/2026, p.2 table 'Revised timeline (In Working days)'",T2,2026-02-23,2026-02-23,HIGH,IMPLEMENT (ADMINISTRATIVE timeline; category is an input),CORRECTION
V5-0048,sla,SLA-003,exact_locator,,"Circular BO/AST/EoDB/B-68 dt 23/02/2026, p.2 table 'Revised timeline (In Working days)'",Exact locator,SRC-008,"Circular BO/AST/EoDB/B-68 dt 23/02/2026, p.2 table 'Revised timeline (In Working days)'",T2,2026-02-23,2026-02-23,HIGH,IMPLEMENT (ADMINISTRATIVE timeline; category is an input),CORRECTION
V5-0049,sla,SLA-003,notes,Central guideline outer limit for Red CTO 90 days after 2026 amendment (SRC-005),"Red: 40 WORKING days. Supersedes MPCB circular 28-04-2025 except its penal-fee provisions. Silent on expansion/amendment consents, Blue/White categories, clock start and GSR 62/63(E). Category mapping of a unit is an INPUT (never inferred).",Scope captured from full text,SRC-008,"Circular BO/AST/EoDB/B-68 dt 23/02/2026, p.2 table 'Revised timeline (In Working days)'",T2,2026-02-23,2026-02-23,HIGH,IMPLEMENT (ADMINISTRATIVE timeline; category is an input),CORRECTION
V5-0050,sla,SLA-003,final_status,REQUIRES_OFFICIAL_CONFIRMATION,VERIFIED_CONDITIONAL,"Value, unit and scope read from the primary circular; application conditional on category + consent type inputs",SRC-008,"Circular BO/AST/EoDB/B-68 dt 23/02/2026, p.2 table 'Revised timeline (In Working days)'",T2,2026-02-23,2026-02-23,HIGH,IMPLEMENT (ADMINISTRATIVE timeline; category is an input),CORRECTION
V5-0051,sla,SLA-048,(record),(did not exist in v4),ADDED,Central LEGAL outer limits kept separate from MPCB ADMINISTRATIVE targets,SRC-008,"Circular BO/AST/EoDB/B-68 dt 23/02/2026, p.2 table 'Revised timeline (In Working days)'",T2,2026-02-23,2025-01-29,MEDIUM,REQUIRES_CONFIRMATION,ADDITION
V5-0052,sla,SLA-049,(record),(did not exist in v4),ADDED,Central LEGAL outer limits kept separate from MPCB ADMINISTRATIVE targets,SRC-008,"Circular BO/AST/EoDB/B-68 dt 23/02/2026, p.2 table 'Revised timeline (In Working days)'",T2,2026-02-23,2025-01-29,MEDIUM,REQUIRES_CONFIRMATION,ADDITION
V5-0053,sla,SLA-050,(record),(did not exist in v4),ADDED,Central LEGAL outer limits kept separate from MPCB ADMINISTRATIVE targets,SRC-008,"Circular BO/AST/EoDB/B-68 dt 23/02/2026, p.2 table 'Revised timeline (In Working days)'",T2,2026-02-23,2025-01-29,MEDIUM,REQUIRES_CONFIRMATION,ADDITION
V5-0054,sla,SLA-004,timeline_type,,LEGAL,v5 timeline typing derived from sla_source_type,SRC-013,sla_source_type,T1,-,-,HIGH,TYPED,CORRECTION
V5-0055,sla,SLA-005,timeline_type,,RTS/SERVICE,v5 timeline typing derived from sla_source_type,SRC-031,sla_source_type,T3,-,-,HIGH,TYPED,CORRECTION
V5-0056,sla,SLA-006,timeline_type,,RTS/SERVICE,v5 timeline typing derived from sla_source_type,SRC-031,sla_source_type,T3,-,-,HIGH,TYPED,CORRECTION
V5-0057,sla,SLA-007,timeline_type,,RTS/SERVICE,v5 timeline typing derived from sla_source_type,SRC-031,sla_source_type,T3,-,-,HIGH,TYPED,CORRECTION
V5-0058,sla,SLA-008,timeline_type,,RTS/SERVICE,v5 timeline typing derived from sla_source_type,SRC-031,sla_source_type,T3,-,-,HIGH,TYPED,CORRECTION
V5-0059,sla,SLA-009,timeline_type,,RTS/SERVICE,v5 timeline typing derived from sla_source_type,SRC-031,sla_source_type,T3,-,-,HIGH,TYPED,CORRECTION
V5-0060,sla,SLA-010,timeline_type,,RTS/SERVICE,v5 timeline typing derived from sla_source_type,SRC-031,sla_source_type,T3,-,-,HIGH,TYPED,CORRECTION
V5-0061,sla,SLA-011,timeline_type,,RTS/SERVICE,v5 timeline typing derived from sla_source_type,SRC-031,sla_source_type,T3,-,-,HIGH,TYPED,CORRECTION
V5-0062,sla,SLA-012,timeline_type,,RTS/SERVICE,v5 timeline typing derived from sla_source_type,SRC-031,sla_source_type,T3,-,-,HIGH,TYPED,CORRECTION
V5-0063,sla,SLA-013,timeline_type,,RTS/SERVICE,v5 timeline typing derived from sla_source_type,SRC-031,sla_source_type,T3,-,-,HIGH,TYPED,CORRECTION
V5-0064,sla,SLA-014,timeline_type,,RTS/SERVICE,v5 timeline typing derived from sla_source_type,SRC-031,sla_source_type,T3,-,-,HIGH,TYPED,CORRECTION
V5-0065,sla,SLA-015,timeline_type,,PORTAL,v5 timeline typing derived from sla_source_type,SRC-043,sla_source_type,T3,-,-,HIGH,TYPED,CORRECTION
V5-0066,sla,SLA-016,timeline_type,,PORTAL,v5 timeline typing derived from sla_source_type,SRC-043,sla_source_type,T3,-,-,HIGH,TYPED,CORRECTION
V5-0067,sla,SLA-017,timeline_type,,PORTAL,v5 timeline typing derived from sla_source_type,SRC-043,sla_source_type,T3,-,-,HIGH,TYPED,CORRECTION
V5-0068,sla,SLA-018,timeline_type,,PORTAL,v5 timeline typing derived from sla_source_type,SRC-043,sla_source_type,T3,-,-,HIGH,TYPED,CORRECTION
V5-0069,sla,SLA-019,timeline_type,,PORTAL,v5 timeline typing derived from sla_source_type,SRC-043,sla_source_type,T3,-,-,HIGH,TYPED,CORRECTION
V5-0070,sla,SLA-020,timeline_type,,PORTAL,v5 timeline typing derived from sla_source_type,SRC-043,sla_source_type,T3,-,-,HIGH,TYPED,CORRECTION
V5-0071,sla,SLA-021,timeline_type,,PORTAL,v5 timeline typing derived from sla_source_type,SRC-043,sla_source_type,T3,-,-,HIGH,TYPED,CORRECTION
V5-0072,sla,SLA-022,timeline_type,,PORTAL,v5 timeline typing derived from sla_source_type,SRC-043,sla_source_type,T3,-,-,HIGH,TYPED,CORRECTION
V5-0073,sla,SLA-023,timeline_type,,PORTAL,v5 timeline typing derived from sla_source_type,SRC-043,sla_source_type,T3,-,-,HIGH,TYPED,CORRECTION
V5-0074,sla,SLA-024,timeline_type,,PORTAL,v5 timeline typing derived from sla_source_type,SRC-043,sla_source_type,T3,-,-,HIGH,TYPED,CORRECTION
V5-0075,sla,SLA-025,timeline_type,,PORTAL,v5 timeline typing derived from sla_source_type,SRC-048,sla_source_type,T3,-,-,HIGH,TYPED,CORRECTION
V5-0076,sla,SLA-026,timeline_type,,RTS/SERVICE,v5 timeline typing derived from sla_source_type,SRC-041,sla_source_type,T2,-,-,HIGH,TYPED,CORRECTION
V5-0077,sla,SLA-027,timeline_type,,RTS/SERVICE,v5 timeline typing derived from sla_source_type,SRC-041,sla_source_type,T2,-,-,HIGH,TYPED,CORRECTION
V5-0078,sla,SLA-028,timeline_type,,RTS/SERVICE,v5 timeline typing derived from sla_source_type,SRC-041,sla_source_type,T2,-,-,HIGH,TYPED,CORRECTION
V5-0079,sla,SLA-029,timeline_type,,ADMINISTRATIVE,v5 timeline typing derived from sla_source_type,SRC-070,sla_source_type,T3,-,-,HIGH,TYPED,CORRECTION
V5-0080,sla,SLA-030,timeline_type,,LEGAL,v5 timeline typing derived from sla_source_type,SRC-016,sla_source_type,T1,-,-,HIGH,TYPED,CORRECTION
V5-0081,sla,SLA-031,timeline_type,,LEGAL,v5 timeline typing derived from sla_source_type,SRC-052,sla_source_type,T1,-,-,HIGH,TYPED,CORRECTION
V5-0082,sla,SLA-032,timeline_type,,ADMINISTRATIVE,v5 timeline typing derived from sla_source_type,SRC-122,sla_source_type,T3,-,-,HIGH,TYPED,CORRECTION
V5-0083,sla,SLA-033,timeline_type,,LEGAL,v5 timeline typing derived from sla_source_type,SRC-059;SRC-060,sla_source_type,T1;T3,-,-,HIGH,TYPED,CORRECTION
V5-0084,sla,SLA-034,timeline_type,,LEGAL,v5 timeline typing derived from sla_source_type,SRC-016,sla_source_type,T1,-,-,HIGH,TYPED,CORRECTION
V5-0085,sla,SLA-035,timeline_type,,LEGAL,v5 timeline typing derived from sla_source_type,SRC-016,sla_source_type,T1,-,-,HIGH,TYPED,CORRECTION
V5-0086,sla,SLA-036,timeline_type,,LEGAL,v5 timeline typing derived from sla_source_type,SRC-006,sla_source_type,T1 (Gazette copy hosted by MPCB - see notes),-,-,HIGH,TYPED,CORRECTION
V5-0087,sla,SLA-037,timeline_type,,ADMINISTRATIVE,v5 timeline typing derived from sla_source_type,SRC-069,sla_source_type,T2,-,-,HIGH,TYPED,CORRECTION
V5-0088,sla,SLA-038,timeline_type,,LEGAL,v5 timeline typing derived from sla_source_type,SRC-081,sla_source_type,T1,-,-,HIGH,TYPED,CORRECTION
V5-0089,sla,SLA-039,timeline_type,,LEGAL,v5 timeline typing derived from sla_source_type,SRC-098,sla_source_type,T3,-,-,HIGH,TYPED,CORRECTION
V5-0090,sla,SLA-040,timeline_type,,LEGAL,v5 timeline typing derived from sla_source_type,SRC-034,sla_source_type,T1,-,-,HIGH,TYPED,CORRECTION
V5-0091,sla,SLA-041,timeline_type,,LEGAL,v5 timeline typing derived from sla_source_type,SRC-034,sla_source_type,T1,-,-,HIGH,TYPED,CORRECTION
V5-0092,sla,SLA-042,timeline_type,,LEGAL,v5 timeline typing derived from sla_source_type,SRC-123,sla_source_type,T1,-,-,HIGH,TYPED,CORRECTION
V5-0093,sla,SLA-043,timeline_type,,LEGAL,v5 timeline typing derived from sla_source_type,SRC-123,sla_source_type,T1,-,-,HIGH,TYPED,CORRECTION
V5-0094,sla,SLA-044,timeline_type,,LEGAL,v5 timeline typing derived from sla_source_type,SRC-112,sla_source_type,T1,-,-,HIGH,TYPED,CORRECTION
V5-0095,sla,SLA-045,timeline_type,,LEGAL,v5 timeline typing derived from sla_source_type,SRC-117,sla_source_type,T1,-,-,HIGH,TYPED,CORRECTION
V5-0096,sla,SLA-046,timeline_type,,PORTAL,v5 timeline typing derived from sla_source_type,SRC-136;SRC-088,sla_source_type,T3,-,-,HIGH,TYPED,CORRECTION
V5-0097,sla,SLA-047,timeline_type,,PORTAL,v5 timeline typing derived from sla_source_type,SRC-136,sla_source_type,T3,-,-,HIGH,TYPED,CORRECTION
V5-0098,conflicts,CON-003,value_B,"outer limits (e.g., CTO expansion/amendment 90/60/30 days)","Central outer limits (84(E)/85(E) 2025, as recited in MPCB circular): Green 30/30/30, Orange 45/60/60, Red 60/90/120 days (CTE/CTO/Renewal); expansion/amendment 90/60/30 days (GSR 63(E), SLA-036)",v5: circular read in full,SRC-008;SRC-004,p.2 table,T1;T2,2026-02-23,2026-02-23,HIGH,VERIFIED_CONDITIONAL,CORRECTION
V5-0099,conflicts,CON-003,date_B,2026-01-27,2025-01-29 / 2026-01-23,v5: circular read in full,SRC-008;SRC-004,p.2 table,T1;T2,2026-02-23,2026-02-23,HIGH,VERIFIED_CONDITIONAL,CORRECTION
V5-0100,conflicts,CON-003,difference,units and scope differ,Units (working vs calendar days) and legal character differ: central = LEGAL outer limit; MPCB = ADMINISTRATIVE internal service target,v5: circular read in full,SRC-008;SRC-004,p.2 table,T1;T2,2026-02-23,2026-02-23,HIGH,VERIFIED_CONDITIONAL,CORRECTION
V5-0101,conflicts,CON-003,legal_status,Both operative (state service standard within central outer limit),Both operative; MPCB target is shorter and does not displace the central outer limit,v5: circular read in full,SRC-008;SRC-004,p.2 table,T1;T2,2026-02-23,2026-02-23,HIGH,VERIFIED_CONDITIONAL,CORRECTION
V5-0102,conflicts,CON-003,resolution,Keep both; MPCB value for MH display,Display both separately; never merge. Legal consequences of delay (if any) come from the central instrument only. Circular predates and is silent on GSR 62/63 implementation (MPCB 21/22-04-2026 circular).,v5: circular read in full,SRC-008;SRC-004,p.2 table,T1;T2,2026-02-23,2026-02-23,HIGH,VERIFIED_CONDITIONAL,CORRECTION
V5-0103,conflicts,CON-003,selected_value,MPCB circular value,BOTH (typed LEGAL vs ADMINISTRATIVE),v5: circular read in full,SRC-008;SRC-004,p.2 table,T1;T2,2026-02-23,2026-02-23,HIGH,VERIFIED_CONDITIONAL,CORRECTION
V5-0104,mpcb_consent_timeline_2026,(table),(table),(did not exist in v4),ADDED 11 rows,Target 1: MPCB 23-02-2026 circular captured per category x consent type,SRC-008,p.1-2,T2,2026-02-23,2026-02-23,HIGH,see final_status column,NEW_TABLE
V5-0105,msihc_t1_thresholds,S2-12,col3_status,REQUIRES_OFFICIAL_CONFIRMATION,VERIFIED_T1_CONSOLIDATED,T1 consolidated text attributes the entry unambiguously to the 1994 amendment; value unambiguous and identical in SRC-155,SRC-167;SRC-155,"SRC-167 Sch 2 s.no.12 (p.746-747); footnote 4: 'Inserted entries 12 to 27 by Rule 11 of the MSIHC (Amendment) Rules, 1994 notified vide S.O.2882, dated 3.10.1994'",T1,1994-10-03,1994-10-03,HIGH,VERIFIED_T1_CONSOLIDATED,CORRECTION
V5-0106,msihc_t1_thresholds,S2-12,col4_status,REQUIRES_OFFICIAL_CONFIRMATION,VERIFIED_T1_CONSOLIDATED,As col 3,SRC-167;SRC-155,"SRC-167 Sch 2 s.no.12 (p.746-747); footnote 4: 'Inserted entries 12 to 27 by Rule 11 of the MSIHC (Amendment) Rules, 1994 notified vide S.O.2882, dated 3.10.1994'",T1,1994-10-03,1994-10-03,HIGH,VERIFIED_T1_CONSOLIDATED,CORRECTION
V5-0107,msihc_t1_thresholds,S2-12,final_status,REQUIRES_OFFICIAL_CONFIRMATION,VERIFIED,Both columns VERIFIED_T1_CONSOLIDATED (brief Target 2 rule),SRC-167;SRC-155,"SRC-167 Sch 2 s.no.12 (p.746-747); footnote 4: 'Inserted entries 12 to 27 by Rule 11 of the MSIHC (Amendment) Rules, 1994 notified vide S.O.2882, dated 3.10.1994'",T1,1994-10-03,1994-10-03,HIGH,VERIFIED_T1_CONSOLIDATED,CORRECTION
V5-0108,msihc_t1_thresholds,S2-12,source_id,SRC-155;SRC-158,SRC-167;SRC-155,Central India Code consolidated text added,SRC-167;SRC-155,"SRC-167 Sch 2 s.no.12 (p.746-747); footnote 4: 'Inserted entries 12 to 27 by Rule 11 of the MSIHC (Amendment) Rules, 1994 notified vide S.O.2882, dated 3.10.1994'",T1,1994-10-03,1994-10-03,HIGH,VERIFIED_T1_CONSOLIDATED,CORRECTION
V5-0109,msihc_t1_thresholds,S2-12,exact_locator,Sch 2 s.no.12,"SRC-167 Sch 2 s.no.12 (p.746-747); footnote 4: 'Inserted entries 12 to 27 by Rule 11 of the MSIHC (Amendment) Rules, 1994 notified vide S.O.2882, dated 3.10.1994'",Exact locator with amendment footnote,SRC-167;SRC-155,"SRC-167 Sch 2 s.no.12 (p.746-747); footnote 4: 'Inserted entries 12 to 27 by Rule 11 of the MSIHC (Amendment) Rules, 1994 notified vide S.O.2882, dated 3.10.1994'",T1,1994-10-03,1994-10-03,HIGH,VERIFIED_T1_CONSOLIDATED,CORRECTION
V5-0110,msihc_t1_thresholds,S2-12,check_result,SINGLE LINEAGE (consolidated + same-compilation copy); 1994 gazette not obtained,T1 consolidated attribution (SRC-167 footnote 4) + identical value in SRC-155,v5 audit,SRC-167;SRC-155,"SRC-167 Sch 2 s.no.12 (p.746-747); footnote 4: 'Inserted entries 12 to 27 by Rule 11 of the MSIHC (Amendment) Rules, 1994 notified vide S.O.2882, dated 3.10.1994'",T1,1994-10-03,1994-10-03,HIGH,VERIFIED_T1_CONSOLIDATED,CORRECTION
V5-0111,msihc_t1_thresholds,S2-13,col3_status,REQUIRES_OFFICIAL_CONFIRMATION,VERIFIED_T1_CONSOLIDATED,T1 consolidated text attributes the entry unambiguously to the 1994 amendment; value unambiguous and identical in SRC-155,SRC-167;SRC-155,"SRC-167 Sch 2 s.no.13 (p.746-747); footnote 4: 'Inserted entries 12 to 27 by Rule 11 of the MSIHC (Amendment) Rules, 1994 notified vide S.O.2882, dated 3.10.1994'",T1,1994-10-03,1994-10-03,HIGH,VERIFIED_T1_CONSOLIDATED,CORRECTION
V5-0112,msihc_t1_thresholds,S2-13,col4_status,REQUIRES_OFFICIAL_CONFIRMATION,VERIFIED_T1_CONSOLIDATED,As col 3,SRC-167;SRC-155,"SRC-167 Sch 2 s.no.13 (p.746-747); footnote 4: 'Inserted entries 12 to 27 by Rule 11 of the MSIHC (Amendment) Rules, 1994 notified vide S.O.2882, dated 3.10.1994'",T1,1994-10-03,1994-10-03,HIGH,VERIFIED_T1_CONSOLIDATED,CORRECTION
V5-0113,msihc_t1_thresholds,S2-13,final_status,REQUIRES_OFFICIAL_CONFIRMATION,VERIFIED,Both columns VERIFIED_T1_CONSOLIDATED (brief Target 2 rule),SRC-167;SRC-155,"SRC-167 Sch 2 s.no.13 (p.746-747); footnote 4: 'Inserted entries 12 to 27 by Rule 11 of the MSIHC (Amendment) Rules, 1994 notified vide S.O.2882, dated 3.10.1994'",T1,1994-10-03,1994-10-03,HIGH,VERIFIED_T1_CONSOLIDATED,CORRECTION
V5-0114,msihc_t1_thresholds,S2-13,source_id,SRC-155;SRC-158,SRC-167;SRC-155,Central India Code consolidated text added,SRC-167;SRC-155,"SRC-167 Sch 2 s.no.13 (p.746-747); footnote 4: 'Inserted entries 12 to 27 by Rule 11 of the MSIHC (Amendment) Rules, 1994 notified vide S.O.2882, dated 3.10.1994'",T1,1994-10-03,1994-10-03,HIGH,VERIFIED_T1_CONSOLIDATED,CORRECTION
V5-0115,msihc_t1_thresholds,S2-13,exact_locator,Sch 2 s.no.13,"SRC-167 Sch 2 s.no.13 (p.746-747); footnote 4: 'Inserted entries 12 to 27 by Rule 11 of the MSIHC (Amendment) Rules, 1994 notified vide S.O.2882, dated 3.10.1994'",Exact locator with amendment footnote,SRC-167;SRC-155,"SRC-167 Sch 2 s.no.13 (p.746-747); footnote 4: 'Inserted entries 12 to 27 by Rule 11 of the MSIHC (Amendment) Rules, 1994 notified vide S.O.2882, dated 3.10.1994'",T1,1994-10-03,1994-10-03,HIGH,VERIFIED_T1_CONSOLIDATED,CORRECTION
V5-0116,msihc_t1_thresholds,S2-13,check_result,SINGLE LINEAGE (consolidated + same-compilation copy); 1994 gazette not obtained,T1 consolidated attribution (SRC-167 footnote 4) + identical value in SRC-155,v5 audit,SRC-167;SRC-155,"SRC-167 Sch 2 s.no.13 (p.746-747); footnote 4: 'Inserted entries 12 to 27 by Rule 11 of the MSIHC (Amendment) Rules, 1994 notified vide S.O.2882, dated 3.10.1994'",T1,1994-10-03,1994-10-03,HIGH,VERIFIED_T1_CONSOLIDATED,CORRECTION
V5-0117,msihc_t1_thresholds,S2-14,col3_status,REQUIRES_OFFICIAL_CONFIRMATION,VERIFIED_T1_CONSOLIDATED,T1 consolidated text attributes the entry unambiguously to the 1994 amendment; value unambiguous and identical in SRC-155,SRC-167;SRC-155,"SRC-167 Sch 2 s.no.14 (p.746-747); footnote 4: 'Inserted entries 12 to 27 by Rule 11 of the MSIHC (Amendment) Rules, 1994 notified vide S.O.2882, dated 3.10.1994'",T1,1994-10-03,1994-10-03,HIGH,VERIFIED_T1_CONSOLIDATED,CORRECTION
V5-0118,msihc_t1_thresholds,S2-14,col4_status,REQUIRES_OFFICIAL_CONFIRMATION,VERIFIED_T1_CONSOLIDATED,As col 3,SRC-167;SRC-155,"SRC-167 Sch 2 s.no.14 (p.746-747); footnote 4: 'Inserted entries 12 to 27 by Rule 11 of the MSIHC (Amendment) Rules, 1994 notified vide S.O.2882, dated 3.10.1994'",T1,1994-10-03,1994-10-03,HIGH,VERIFIED_T1_CONSOLIDATED,CORRECTION
V5-0119,msihc_t1_thresholds,S2-14,final_status,REQUIRES_OFFICIAL_CONFIRMATION,VERIFIED,Both columns VERIFIED_T1_CONSOLIDATED (brief Target 2 rule),SRC-167;SRC-155,"SRC-167 Sch 2 s.no.14 (p.746-747); footnote 4: 'Inserted entries 12 to 27 by Rule 11 of the MSIHC (Amendment) Rules, 1994 notified vide S.O.2882, dated 3.10.1994'",T1,1994-10-03,1994-10-03,HIGH,VERIFIED_T1_CONSOLIDATED,CORRECTION
V5-0120,msihc_t1_thresholds,S2-14,source_id,SRC-155;SRC-158,SRC-167;SRC-155,Central India Code consolidated text added,SRC-167;SRC-155,"SRC-167 Sch 2 s.no.14 (p.746-747); footnote 4: 'Inserted entries 12 to 27 by Rule 11 of the MSIHC (Amendment) Rules, 1994 notified vide S.O.2882, dated 3.10.1994'",T1,1994-10-03,1994-10-03,HIGH,VERIFIED_T1_CONSOLIDATED,CORRECTION
V5-0121,msihc_t1_thresholds,S2-14,exact_locator,Sch 2 s.no.14,"SRC-167 Sch 2 s.no.14 (p.746-747); footnote 4: 'Inserted entries 12 to 27 by Rule 11 of the MSIHC (Amendment) Rules, 1994 notified vide S.O.2882, dated 3.10.1994'",Exact locator with amendment footnote,SRC-167;SRC-155,"SRC-167 Sch 2 s.no.14 (p.746-747); footnote 4: 'Inserted entries 12 to 27 by Rule 11 of the MSIHC (Amendment) Rules, 1994 notified vide S.O.2882, dated 3.10.1994'",T1,1994-10-03,1994-10-03,HIGH,VERIFIED_T1_CONSOLIDATED,CORRECTION
V5-0122,msihc_t1_thresholds,S2-14,check_result,SINGLE LINEAGE (consolidated + same-compilation copy); 1994 gazette not obtained,T1 consolidated attribution (SRC-167 footnote 4) + identical value in SRC-155,v5 audit,SRC-167;SRC-155,"SRC-167 Sch 2 s.no.14 (p.746-747); footnote 4: 'Inserted entries 12 to 27 by Rule 11 of the MSIHC (Amendment) Rules, 1994 notified vide S.O.2882, dated 3.10.1994'",T1,1994-10-03,1994-10-03,HIGH,VERIFIED_T1_CONSOLIDATED,CORRECTION
V5-0123,msihc_t1_thresholds,S2-15,col3_status,REQUIRES_OFFICIAL_CONFIRMATION,VERIFIED_T1_CONSOLIDATED,T1 consolidated text attributes the entry unambiguously to the 1994 amendment; value unambiguous and identical in SRC-155,SRC-167;SRC-155,"SRC-167 Sch 2 s.no.15 (p.746-747); footnote 4: 'Inserted entries 12 to 27 by Rule 11 of the MSIHC (Amendment) Rules, 1994 notified vide S.O.2882, dated 3.10.1994'",T1,1994-10-03,1994-10-03,HIGH,VERIFIED_T1_CONSOLIDATED,CORRECTION
V5-0124,msihc_t1_thresholds,S2-15,col4_status,REQUIRES_OFFICIAL_CONFIRMATION,VERIFIED_T1_CONSOLIDATED,As col 3,SRC-167;SRC-155,"SRC-167 Sch 2 s.no.15 (p.746-747); footnote 4: 'Inserted entries 12 to 27 by Rule 11 of the MSIHC (Amendment) Rules, 1994 notified vide S.O.2882, dated 3.10.1994'",T1,1994-10-03,1994-10-03,HIGH,VERIFIED_T1_CONSOLIDATED,CORRECTION
V5-0125,msihc_t1_thresholds,S2-15,final_status,REQUIRES_OFFICIAL_CONFIRMATION,VERIFIED,Both columns VERIFIED_T1_CONSOLIDATED (brief Target 2 rule),SRC-167;SRC-155,"SRC-167 Sch 2 s.no.15 (p.746-747); footnote 4: 'Inserted entries 12 to 27 by Rule 11 of the MSIHC (Amendment) Rules, 1994 notified vide S.O.2882, dated 3.10.1994'",T1,1994-10-03,1994-10-03,HIGH,VERIFIED_T1_CONSOLIDATED,CORRECTION
V5-0126,msihc_t1_thresholds,S2-15,source_id,SRC-155;SRC-158,SRC-167;SRC-155,Central India Code consolidated text added,SRC-167;SRC-155,"SRC-167 Sch 2 s.no.15 (p.746-747); footnote 4: 'Inserted entries 12 to 27 by Rule 11 of the MSIHC (Amendment) Rules, 1994 notified vide S.O.2882, dated 3.10.1994'",T1,1994-10-03,1994-10-03,HIGH,VERIFIED_T1_CONSOLIDATED,CORRECTION
V5-0127,msihc_t1_thresholds,S2-15,exact_locator,Sch 2 s.no.15,"SRC-167 Sch 2 s.no.15 (p.746-747); footnote 4: 'Inserted entries 12 to 27 by Rule 11 of the MSIHC (Amendment) Rules, 1994 notified vide S.O.2882, dated 3.10.1994'",Exact locator with amendment footnote,SRC-167;SRC-155,"SRC-167 Sch 2 s.no.15 (p.746-747); footnote 4: 'Inserted entries 12 to 27 by Rule 11 of the MSIHC (Amendment) Rules, 1994 notified vide S.O.2882, dated 3.10.1994'",T1,1994-10-03,1994-10-03,HIGH,VERIFIED_T1_CONSOLIDATED,CORRECTION
V5-0128,msihc_t1_thresholds,S2-15,check_result,SINGLE LINEAGE (consolidated + same-compilation copy); 1994 gazette not obtained,T1 consolidated attribution (SRC-167 footnote 4) + identical value in SRC-155,v5 audit,SRC-167;SRC-155,"SRC-167 Sch 2 s.no.15 (p.746-747); footnote 4: 'Inserted entries 12 to 27 by Rule 11 of the MSIHC (Amendment) Rules, 1994 notified vide S.O.2882, dated 3.10.1994'",T1,1994-10-03,1994-10-03,HIGH,VERIFIED_T1_CONSOLIDATED,CORRECTION
V5-0129,msihc_t1_thresholds,S2-16,col3_status,REQUIRES_OFFICIAL_CONFIRMATION,VERIFIED_T1_CONSOLIDATED,T1 consolidated text attributes the entry unambiguously to the 1994 amendment; value unambiguous and identical in SRC-155,SRC-167;SRC-155,"SRC-167 Sch 2 s.no.16 (p.746-747); footnote 4: 'Inserted entries 12 to 27 by Rule 11 of the MSIHC (Amendment) Rules, 1994 notified vide S.O.2882, dated 3.10.1994'",T1,1994-10-03,1994-10-03,HIGH,VERIFIED_T1_CONSOLIDATED,CORRECTION
V5-0130,msihc_t1_thresholds,S2-16,col4_status,REQUIRES_OFFICIAL_CONFIRMATION,VERIFIED_T1_CONSOLIDATED,As col 3,SRC-167;SRC-155,"SRC-167 Sch 2 s.no.16 (p.746-747); footnote 4: 'Inserted entries 12 to 27 by Rule 11 of the MSIHC (Amendment) Rules, 1994 notified vide S.O.2882, dated 3.10.1994'",T1,1994-10-03,1994-10-03,HIGH,VERIFIED_T1_CONSOLIDATED,CORRECTION
V5-0131,msihc_t1_thresholds,S2-16,final_status,REQUIRES_OFFICIAL_CONFIRMATION,VERIFIED,Both columns VERIFIED_T1_CONSOLIDATED (brief Target 2 rule),SRC-167;SRC-155,"SRC-167 Sch 2 s.no.16 (p.746-747); footnote 4: 'Inserted entries 12 to 27 by Rule 11 of the MSIHC (Amendment) Rules, 1994 notified vide S.O.2882, dated 3.10.1994'",T1,1994-10-03,1994-10-03,HIGH,VERIFIED_T1_CONSOLIDATED,CORRECTION
V5-0132,msihc_t1_thresholds,S2-16,source_id,SRC-155;SRC-158,SRC-167;SRC-155,Central India Code consolidated text added,SRC-167;SRC-155,"SRC-167 Sch 2 s.no.16 (p.746-747); footnote 4: 'Inserted entries 12 to 27 by Rule 11 of the MSIHC (Amendment) Rules, 1994 notified vide S.O.2882, dated 3.10.1994'",T1,1994-10-03,1994-10-03,HIGH,VERIFIED_T1_CONSOLIDATED,CORRECTION
V5-0133,msihc_t1_thresholds,S2-16,exact_locator,Sch 2 s.no.16,"SRC-167 Sch 2 s.no.16 (p.746-747); footnote 4: 'Inserted entries 12 to 27 by Rule 11 of the MSIHC (Amendment) Rules, 1994 notified vide S.O.2882, dated 3.10.1994'",Exact locator with amendment footnote,SRC-167;SRC-155,"SRC-167 Sch 2 s.no.16 (p.746-747); footnote 4: 'Inserted entries 12 to 27 by Rule 11 of the MSIHC (Amendment) Rules, 1994 notified vide S.O.2882, dated 3.10.1994'",T1,1994-10-03,1994-10-03,HIGH,VERIFIED_T1_CONSOLIDATED,CORRECTION
V5-0134,msihc_t1_thresholds,S2-16,check_result,SINGLE LINEAGE (consolidated + same-compilation copy); 1994 gazette not obtained,T1 consolidated attribution (SRC-167 footnote 4) + identical value in SRC-155,v5 audit,SRC-167;SRC-155,"SRC-167 Sch 2 s.no.16 (p.746-747); footnote 4: 'Inserted entries 12 to 27 by Rule 11 of the MSIHC (Amendment) Rules, 1994 notified vide S.O.2882, dated 3.10.1994'",T1,1994-10-03,1994-10-03,HIGH,VERIFIED_T1_CONSOLIDATED,CORRECTION
V5-0135,msihc_t1_thresholds,S2-17,col3_status,REQUIRES_OFFICIAL_CONFIRMATION,VERIFIED_T1_CONSOLIDATED,T1 consolidated text attributes the entry unambiguously to the 1994 amendment; value unambiguous and identical in SRC-155,SRC-167;SRC-155,"SRC-167 Sch 2 s.no.17 (p.746-747); footnote 4: 'Inserted entries 12 to 27 by Rule 11 of the MSIHC (Amendment) Rules, 1994 notified vide S.O.2882, dated 3.10.1994'",T1,1994-10-03,1994-10-03,HIGH,VERIFIED_T1_CONSOLIDATED,CORRECTION
V5-0136,msihc_t1_thresholds,S2-17,col4_status,REQUIRES_OFFICIAL_CONFIRMATION,VERIFIED_T1_CONSOLIDATED,As col 3,SRC-167;SRC-155,"SRC-167 Sch 2 s.no.17 (p.746-747); footnote 4: 'Inserted entries 12 to 27 by Rule 11 of the MSIHC (Amendment) Rules, 1994 notified vide S.O.2882, dated 3.10.1994'",T1,1994-10-03,1994-10-03,HIGH,VERIFIED_T1_CONSOLIDATED,CORRECTION
V5-0137,msihc_t1_thresholds,S2-17,final_status,REQUIRES_OFFICIAL_CONFIRMATION,VERIFIED,Both columns VERIFIED_T1_CONSOLIDATED (brief Target 2 rule),SRC-167;SRC-155,"SRC-167 Sch 2 s.no.17 (p.746-747); footnote 4: 'Inserted entries 12 to 27 by Rule 11 of the MSIHC (Amendment) Rules, 1994 notified vide S.O.2882, dated 3.10.1994'",T1,1994-10-03,1994-10-03,HIGH,VERIFIED_T1_CONSOLIDATED,CORRECTION
V5-0138,msihc_t1_thresholds,S2-17,source_id,SRC-155;SRC-158,SRC-167;SRC-155,Central India Code consolidated text added,SRC-167;SRC-155,"SRC-167 Sch 2 s.no.17 (p.746-747); footnote 4: 'Inserted entries 12 to 27 by Rule 11 of the MSIHC (Amendment) Rules, 1994 notified vide S.O.2882, dated 3.10.1994'",T1,1994-10-03,1994-10-03,HIGH,VERIFIED_T1_CONSOLIDATED,CORRECTION
V5-0139,msihc_t1_thresholds,S2-17,exact_locator,Sch 2 s.no.17,"SRC-167 Sch 2 s.no.17 (p.746-747); footnote 4: 'Inserted entries 12 to 27 by Rule 11 of the MSIHC (Amendment) Rules, 1994 notified vide S.O.2882, dated 3.10.1994'",Exact locator with amendment footnote,SRC-167;SRC-155,"SRC-167 Sch 2 s.no.17 (p.746-747); footnote 4: 'Inserted entries 12 to 27 by Rule 11 of the MSIHC (Amendment) Rules, 1994 notified vide S.O.2882, dated 3.10.1994'",T1,1994-10-03,1994-10-03,HIGH,VERIFIED_T1_CONSOLIDATED,CORRECTION
V5-0140,msihc_t1_thresholds,S2-17,check_result,SINGLE LINEAGE (consolidated + same-compilation copy); 1994 gazette not obtained,T1 consolidated attribution (SRC-167 footnote 4) + identical value in SRC-155,v5 audit,SRC-167;SRC-155,"SRC-167 Sch 2 s.no.17 (p.746-747); footnote 4: 'Inserted entries 12 to 27 by Rule 11 of the MSIHC (Amendment) Rules, 1994 notified vide S.O.2882, dated 3.10.1994'",T1,1994-10-03,1994-10-03,HIGH,VERIFIED_T1_CONSOLIDATED,CORRECTION
V5-0141,msihc_t1_thresholds,S2-19,col3_status,REQUIRES_OFFICIAL_CONFIRMATION,VERIFIED_T1_CONSOLIDATED,T1 consolidated text attributes the entry unambiguously to the 1994 amendment; value unambiguous and identical in SRC-155,SRC-167;SRC-155,"SRC-167 Sch 2 s.no.19 (p.746-747); footnote 4: 'Inserted entries 12 to 27 by Rule 11 of the MSIHC (Amendment) Rules, 1994 notified vide S.O.2882, dated 3.10.1994'",T1,1994-10-03,1994-10-03,HIGH,VERIFIED_T1_CONSOLIDATED,CORRECTION
V5-0142,msihc_t1_thresholds,S2-19,col4_status,REQUIRES_OFFICIAL_CONFIRMATION,VERIFIED_T1_CONSOLIDATED,As col 3,SRC-167;SRC-155,"SRC-167 Sch 2 s.no.19 (p.746-747); footnote 4: 'Inserted entries 12 to 27 by Rule 11 of the MSIHC (Amendment) Rules, 1994 notified vide S.O.2882, dated 3.10.1994'",T1,1994-10-03,1994-10-03,HIGH,VERIFIED_T1_CONSOLIDATED,CORRECTION
V5-0143,msihc_t1_thresholds,S2-19,final_status,REQUIRES_OFFICIAL_CONFIRMATION,VERIFIED,Both columns VERIFIED_T1_CONSOLIDATED (brief Target 2 rule),SRC-167;SRC-155,"SRC-167 Sch 2 s.no.19 (p.746-747); footnote 4: 'Inserted entries 12 to 27 by Rule 11 of the MSIHC (Amendment) Rules, 1994 notified vide S.O.2882, dated 3.10.1994'",T1,1994-10-03,1994-10-03,HIGH,VERIFIED_T1_CONSOLIDATED,CORRECTION
V5-0144,msihc_t1_thresholds,S2-19,source_id,SRC-155;SRC-158,SRC-167;SRC-155,Central India Code consolidated text added,SRC-167;SRC-155,"SRC-167 Sch 2 s.no.19 (p.746-747); footnote 4: 'Inserted entries 12 to 27 by Rule 11 of the MSIHC (Amendment) Rules, 1994 notified vide S.O.2882, dated 3.10.1994'",T1,1994-10-03,1994-10-03,HIGH,VERIFIED_T1_CONSOLIDATED,CORRECTION
V5-0145,msihc_t1_thresholds,S2-19,exact_locator,Sch 2 s.no.19,"SRC-167 Sch 2 s.no.19 (p.746-747); footnote 4: 'Inserted entries 12 to 27 by Rule 11 of the MSIHC (Amendment) Rules, 1994 notified vide S.O.2882, dated 3.10.1994'",Exact locator with amendment footnote,SRC-167;SRC-155,"SRC-167 Sch 2 s.no.19 (p.746-747); footnote 4: 'Inserted entries 12 to 27 by Rule 11 of the MSIHC (Amendment) Rules, 1994 notified vide S.O.2882, dated 3.10.1994'",T1,1994-10-03,1994-10-03,HIGH,VERIFIED_T1_CONSOLIDATED,CORRECTION
V5-0146,msihc_t1_thresholds,S2-19,check_result,SINGLE LINEAGE (consolidated + same-compilation copy); 1994 gazette not obtained,T1 consolidated attribution (SRC-167 footnote 4) + identical value in SRC-155,v5 audit,SRC-167;SRC-155,"SRC-167 Sch 2 s.no.19 (p.746-747); footnote 4: 'Inserted entries 12 to 27 by Rule 11 of the MSIHC (Amendment) Rules, 1994 notified vide S.O.2882, dated 3.10.1994'",T1,1994-10-03,1994-10-03,HIGH,VERIFIED_T1_CONSOLIDATED,CORRECTION
V5-0147,msihc_t1_thresholds,S2-20,col3_status,REQUIRES_OFFICIAL_CONFIRMATION,VERIFIED_T1_CONSOLIDATED,T1 consolidated text attributes the entry unambiguously to the 1994 amendment; value unambiguous and identical in SRC-155,SRC-167;SRC-155,"SRC-167 Sch 2 s.no.20 (p.746-747); footnote 4: 'Inserted entries 12 to 27 by Rule 11 of the MSIHC (Amendment) Rules, 1994 notified vide S.O.2882, dated 3.10.1994'",T1,1994-10-03,1994-10-03,HIGH,VERIFIED_T1_CONSOLIDATED,CORRECTION
V5-0148,msihc_t1_thresholds,S2-20,col4_status,REQUIRES_OFFICIAL_CONFIRMATION,VERIFIED_T1_CONSOLIDATED,As col 3,SRC-167;SRC-155,"SRC-167 Sch 2 s.no.20 (p.746-747); footnote 4: 'Inserted entries 12 to 27 by Rule 11 of the MSIHC (Amendment) Rules, 1994 notified vide S.O.2882, dated 3.10.1994'",T1,1994-10-03,1994-10-03,HIGH,VERIFIED_T1_CONSOLIDATED,CORRECTION
V5-0149,msihc_t1_thresholds,S2-20,final_status,REQUIRES_OFFICIAL_CONFIRMATION,VERIFIED,Both columns VERIFIED_T1_CONSOLIDATED (brief Target 2 rule),SRC-167;SRC-155,"SRC-167 Sch 2 s.no.20 (p.746-747); footnote 4: 'Inserted entries 12 to 27 by Rule 11 of the MSIHC (Amendment) Rules, 1994 notified vide S.O.2882, dated 3.10.1994'",T1,1994-10-03,1994-10-03,HIGH,VERIFIED_T1_CONSOLIDATED,CORRECTION
V5-0150,msihc_t1_thresholds,S2-20,source_id,SRC-155;SRC-158,SRC-167;SRC-155,Central India Code consolidated text added,SRC-167;SRC-155,"SRC-167 Sch 2 s.no.20 (p.746-747); footnote 4: 'Inserted entries 12 to 27 by Rule 11 of the MSIHC (Amendment) Rules, 1994 notified vide S.O.2882, dated 3.10.1994'",T1,1994-10-03,1994-10-03,HIGH,VERIFIED_T1_CONSOLIDATED,CORRECTION
V5-0151,msihc_t1_thresholds,S2-20,exact_locator,Sch 2 s.no.20,"SRC-167 Sch 2 s.no.20 (p.746-747); footnote 4: 'Inserted entries 12 to 27 by Rule 11 of the MSIHC (Amendment) Rules, 1994 notified vide S.O.2882, dated 3.10.1994'",Exact locator with amendment footnote,SRC-167;SRC-155,"SRC-167 Sch 2 s.no.20 (p.746-747); footnote 4: 'Inserted entries 12 to 27 by Rule 11 of the MSIHC (Amendment) Rules, 1994 notified vide S.O.2882, dated 3.10.1994'",T1,1994-10-03,1994-10-03,HIGH,VERIFIED_T1_CONSOLIDATED,CORRECTION
V5-0152,msihc_t1_thresholds,S2-20,check_result,SINGLE LINEAGE (consolidated + same-compilation copy); 1994 gazette not obtained,T1 consolidated attribution (SRC-167 footnote 4) + identical value in SRC-155,v5 audit,SRC-167;SRC-155,"SRC-167 Sch 2 s.no.20 (p.746-747); footnote 4: 'Inserted entries 12 to 27 by Rule 11 of the MSIHC (Amendment) Rules, 1994 notified vide S.O.2882, dated 3.10.1994'",T1,1994-10-03,1994-10-03,HIGH,VERIFIED_T1_CONSOLIDATED,CORRECTION
V5-0153,msihc_t1_thresholds,S2-21,col3_status,REQUIRES_OFFICIAL_CONFIRMATION,VERIFIED_T1_CONSOLIDATED,T1 consolidated text attributes the entry unambiguously to the 1994 amendment; value unambiguous and identical in SRC-155,SRC-167;SRC-155,"SRC-167 Sch 2 s.no.21 (p.746-747); footnote 4: 'Inserted entries 12 to 27 by Rule 11 of the MSIHC (Amendment) Rules, 1994 notified vide S.O.2882, dated 3.10.1994'",T1,1994-10-03,1994-10-03,HIGH,VERIFIED_T1_CONSOLIDATED,CORRECTION
V5-0154,msihc_t1_thresholds,S2-21,col4_status,REQUIRES_OFFICIAL_CONFIRMATION,VERIFIED_T1_CONSOLIDATED,As col 3,SRC-167;SRC-155,"SRC-167 Sch 2 s.no.21 (p.746-747); footnote 4: 'Inserted entries 12 to 27 by Rule 11 of the MSIHC (Amendment) Rules, 1994 notified vide S.O.2882, dated 3.10.1994'",T1,1994-10-03,1994-10-03,HIGH,VERIFIED_T1_CONSOLIDATED,CORRECTION
V5-0155,msihc_t1_thresholds,S2-21,final_status,REQUIRES_OFFICIAL_CONFIRMATION,VERIFIED,Both columns VERIFIED_T1_CONSOLIDATED (brief Target 2 rule),SRC-167;SRC-155,"SRC-167 Sch 2 s.no.21 (p.746-747); footnote 4: 'Inserted entries 12 to 27 by Rule 11 of the MSIHC (Amendment) Rules, 1994 notified vide S.O.2882, dated 3.10.1994'",T1,1994-10-03,1994-10-03,HIGH,VERIFIED_T1_CONSOLIDATED,CORRECTION
V5-0156,msihc_t1_thresholds,S2-21,source_id,SRC-155;SRC-158,SRC-167;SRC-155,Central India Code consolidated text added,SRC-167;SRC-155,"SRC-167 Sch 2 s.no.21 (p.746-747); footnote 4: 'Inserted entries 12 to 27 by Rule 11 of the MSIHC (Amendment) Rules, 1994 notified vide S.O.2882, dated 3.10.1994'",T1,1994-10-03,1994-10-03,HIGH,VERIFIED_T1_CONSOLIDATED,CORRECTION
V5-0157,msihc_t1_thresholds,S2-21,exact_locator,Sch 2 s.no.21,"SRC-167 Sch 2 s.no.21 (p.746-747); footnote 4: 'Inserted entries 12 to 27 by Rule 11 of the MSIHC (Amendment) Rules, 1994 notified vide S.O.2882, dated 3.10.1994'",Exact locator with amendment footnote,SRC-167;SRC-155,"SRC-167 Sch 2 s.no.21 (p.746-747); footnote 4: 'Inserted entries 12 to 27 by Rule 11 of the MSIHC (Amendment) Rules, 1994 notified vide S.O.2882, dated 3.10.1994'",T1,1994-10-03,1994-10-03,HIGH,VERIFIED_T1_CONSOLIDATED,CORRECTION
V5-0158,msihc_t1_thresholds,S2-21,check_result,SINGLE LINEAGE (consolidated + same-compilation copy); 1994 gazette not obtained,T1 consolidated attribution (SRC-167 footnote 4) + identical value in SRC-155,v5 audit,SRC-167;SRC-155,"SRC-167 Sch 2 s.no.21 (p.746-747); footnote 4: 'Inserted entries 12 to 27 by Rule 11 of the MSIHC (Amendment) Rules, 1994 notified vide S.O.2882, dated 3.10.1994'",T1,1994-10-03,1994-10-03,HIGH,VERIFIED_T1_CONSOLIDATED,CORRECTION
V5-0159,msihc_t1_thresholds,S2-22,col3_status,REQUIRES_OFFICIAL_CONFIRMATION,VERIFIED_T1_CONSOLIDATED,T1 consolidated text attributes the entry unambiguously to the 1994 amendment; value unambiguous and identical in SRC-155,SRC-167;SRC-155,"SRC-167 Sch 2 s.no.22 (p.746-747); footnote 4: 'Inserted entries 12 to 27 by Rule 11 of the MSIHC (Amendment) Rules, 1994 notified vide S.O.2882, dated 3.10.1994'",T1,1994-10-03,1994-10-03,HIGH,VERIFIED_T1_CONSOLIDATED,CORRECTION
V5-0160,msihc_t1_thresholds,S2-22,col4_status,REQUIRES_OFFICIAL_CONFIRMATION,VERIFIED_T1_CONSOLIDATED,As col 3,SRC-167;SRC-155,"SRC-167 Sch 2 s.no.22 (p.746-747); footnote 4: 'Inserted entries 12 to 27 by Rule 11 of the MSIHC (Amendment) Rules, 1994 notified vide S.O.2882, dated 3.10.1994'",T1,1994-10-03,1994-10-03,HIGH,VERIFIED_T1_CONSOLIDATED,CORRECTION
V5-0161,msihc_t1_thresholds,S2-22,final_status,REQUIRES_OFFICIAL_CONFIRMATION,VERIFIED,Both columns VERIFIED_T1_CONSOLIDATED (brief Target 2 rule),SRC-167;SRC-155,"SRC-167 Sch 2 s.no.22 (p.746-747); footnote 4: 'Inserted entries 12 to 27 by Rule 11 of the MSIHC (Amendment) Rules, 1994 notified vide S.O.2882, dated 3.10.1994'",T1,1994-10-03,1994-10-03,HIGH,VERIFIED_T1_CONSOLIDATED,CORRECTION
V5-0162,msihc_t1_thresholds,S2-22,source_id,SRC-155;SRC-158,SRC-167;SRC-155,Central India Code consolidated text added,SRC-167;SRC-155,"SRC-167 Sch 2 s.no.22 (p.746-747); footnote 4: 'Inserted entries 12 to 27 by Rule 11 of the MSIHC (Amendment) Rules, 1994 notified vide S.O.2882, dated 3.10.1994'",T1,1994-10-03,1994-10-03,HIGH,VERIFIED_T1_CONSOLIDATED,CORRECTION
V5-0163,msihc_t1_thresholds,S2-22,exact_locator,Sch 2 s.no.22,"SRC-167 Sch 2 s.no.22 (p.746-747); footnote 4: 'Inserted entries 12 to 27 by Rule 11 of the MSIHC (Amendment) Rules, 1994 notified vide S.O.2882, dated 3.10.1994'",Exact locator with amendment footnote,SRC-167;SRC-155,"SRC-167 Sch 2 s.no.22 (p.746-747); footnote 4: 'Inserted entries 12 to 27 by Rule 11 of the MSIHC (Amendment) Rules, 1994 notified vide S.O.2882, dated 3.10.1994'",T1,1994-10-03,1994-10-03,HIGH,VERIFIED_T1_CONSOLIDATED,CORRECTION
V5-0164,msihc_t1_thresholds,S2-22,check_result,SINGLE LINEAGE (consolidated + same-compilation copy); 1994 gazette not obtained,T1 consolidated attribution (SRC-167 footnote 4) + identical value in SRC-155,v5 audit,SRC-167;SRC-155,"SRC-167 Sch 2 s.no.22 (p.746-747); footnote 4: 'Inserted entries 12 to 27 by Rule 11 of the MSIHC (Amendment) Rules, 1994 notified vide S.O.2882, dated 3.10.1994'",T1,1994-10-03,1994-10-03,HIGH,VERIFIED_T1_CONSOLIDATED,CORRECTION
V5-0165,msihc_t1_thresholds,S2-23,col3_status,REQUIRES_OFFICIAL_CONFIRMATION,VERIFIED_T1_CONSOLIDATED,T1 consolidated text attributes the entry unambiguously to the 1994 amendment; value unambiguous and identical in SRC-155,SRC-167;SRC-155,"SRC-167 Sch 2 s.no.23 (p.746-747); footnote 4: 'Inserted entries 12 to 27 by Rule 11 of the MSIHC (Amendment) Rules, 1994 notified vide S.O.2882, dated 3.10.1994'",T1,1994-10-03,1994-10-03,HIGH,VERIFIED_T1_CONSOLIDATED,CORRECTION
V5-0166,msihc_t1_thresholds,S2-23,col4_status,REQUIRES_OFFICIAL_CONFIRMATION,VERIFIED_T1_CONSOLIDATED,As col 3,SRC-167;SRC-155,"SRC-167 Sch 2 s.no.23 (p.746-747); footnote 4: 'Inserted entries 12 to 27 by Rule 11 of the MSIHC (Amendment) Rules, 1994 notified vide S.O.2882, dated 3.10.1994'",T1,1994-10-03,1994-10-03,HIGH,VERIFIED_T1_CONSOLIDATED,CORRECTION
V5-0167,msihc_t1_thresholds,S2-23,final_status,REQUIRES_OFFICIAL_CONFIRMATION,VERIFIED,Both columns VERIFIED_T1_CONSOLIDATED (brief Target 2 rule),SRC-167;SRC-155,"SRC-167 Sch 2 s.no.23 (p.746-747); footnote 4: 'Inserted entries 12 to 27 by Rule 11 of the MSIHC (Amendment) Rules, 1994 notified vide S.O.2882, dated 3.10.1994'",T1,1994-10-03,1994-10-03,HIGH,VERIFIED_T1_CONSOLIDATED,CORRECTION
V5-0168,msihc_t1_thresholds,S2-23,source_id,SRC-155;SRC-158,SRC-167;SRC-155,Central India Code consolidated text added,SRC-167;SRC-155,"SRC-167 Sch 2 s.no.23 (p.746-747); footnote 4: 'Inserted entries 12 to 27 by Rule 11 of the MSIHC (Amendment) Rules, 1994 notified vide S.O.2882, dated 3.10.1994'",T1,1994-10-03,1994-10-03,HIGH,VERIFIED_T1_CONSOLIDATED,CORRECTION
V5-0169,msihc_t1_thresholds,S2-23,exact_locator,Sch 2 s.no.23,"SRC-167 Sch 2 s.no.23 (p.746-747); footnote 4: 'Inserted entries 12 to 27 by Rule 11 of the MSIHC (Amendment) Rules, 1994 notified vide S.O.2882, dated 3.10.1994'",Exact locator with amendment footnote,SRC-167;SRC-155,"SRC-167 Sch 2 s.no.23 (p.746-747); footnote 4: 'Inserted entries 12 to 27 by Rule 11 of the MSIHC (Amendment) Rules, 1994 notified vide S.O.2882, dated 3.10.1994'",T1,1994-10-03,1994-10-03,HIGH,VERIFIED_T1_CONSOLIDATED,CORRECTION
V5-0170,msihc_t1_thresholds,S2-23,check_result,SINGLE LINEAGE (consolidated + same-compilation copy); 1994 gazette not obtained,T1 consolidated attribution (SRC-167 footnote 4) + identical value in SRC-155,v5 audit,SRC-167;SRC-155,"SRC-167 Sch 2 s.no.23 (p.746-747); footnote 4: 'Inserted entries 12 to 27 by Rule 11 of the MSIHC (Amendment) Rules, 1994 notified vide S.O.2882, dated 3.10.1994'",T1,1994-10-03,1994-10-03,HIGH,VERIFIED_T1_CONSOLIDATED,CORRECTION
V5-0171,msihc_t1_thresholds,S2-24,col3_status,REQUIRES_OFFICIAL_CONFIRMATION,VERIFIED_T1_CONSOLIDATED,T1 consolidated text attributes the entry unambiguously to the 1994 amendment; value unambiguous and identical in SRC-155,SRC-167;SRC-155,"SRC-167 Sch 2 s.no.24 (p.746-747); footnote 4: 'Inserted entries 12 to 27 by Rule 11 of the MSIHC (Amendment) Rules, 1994 notified vide S.O.2882, dated 3.10.1994'",T1,1994-10-03,1994-10-03,HIGH,VERIFIED_T1_CONSOLIDATED,CORRECTION
V5-0172,msihc_t1_thresholds,S2-24,col4_status,REQUIRES_OFFICIAL_CONFIRMATION,VERIFIED_T1_CONSOLIDATED,As col 3,SRC-167;SRC-155,"SRC-167 Sch 2 s.no.24 (p.746-747); footnote 4: 'Inserted entries 12 to 27 by Rule 11 of the MSIHC (Amendment) Rules, 1994 notified vide S.O.2882, dated 3.10.1994'",T1,1994-10-03,1994-10-03,HIGH,VERIFIED_T1_CONSOLIDATED,CORRECTION
V5-0173,msihc_t1_thresholds,S2-24,final_status,REQUIRES_OFFICIAL_CONFIRMATION,VERIFIED,Both columns VERIFIED_T1_CONSOLIDATED (brief Target 2 rule),SRC-167;SRC-155,"SRC-167 Sch 2 s.no.24 (p.746-747); footnote 4: 'Inserted entries 12 to 27 by Rule 11 of the MSIHC (Amendment) Rules, 1994 notified vide S.O.2882, dated 3.10.1994'",T1,1994-10-03,1994-10-03,HIGH,VERIFIED_T1_CONSOLIDATED,CORRECTION
V5-0174,msihc_t1_thresholds,S2-24,source_id,SRC-155;SRC-158,SRC-167;SRC-155,Central India Code consolidated text added,SRC-167;SRC-155,"SRC-167 Sch 2 s.no.24 (p.746-747); footnote 4: 'Inserted entries 12 to 27 by Rule 11 of the MSIHC (Amendment) Rules, 1994 notified vide S.O.2882, dated 3.10.1994'",T1,1994-10-03,1994-10-03,HIGH,VERIFIED_T1_CONSOLIDATED,CORRECTION
V5-0175,msihc_t1_thresholds,S2-24,exact_locator,Sch 2 s.no.24,"SRC-167 Sch 2 s.no.24 (p.746-747); footnote 4: 'Inserted entries 12 to 27 by Rule 11 of the MSIHC (Amendment) Rules, 1994 notified vide S.O.2882, dated 3.10.1994'",Exact locator with amendment footnote,SRC-167;SRC-155,"SRC-167 Sch 2 s.no.24 (p.746-747); footnote 4: 'Inserted entries 12 to 27 by Rule 11 of the MSIHC (Amendment) Rules, 1994 notified vide S.O.2882, dated 3.10.1994'",T1,1994-10-03,1994-10-03,HIGH,VERIFIED_T1_CONSOLIDATED,CORRECTION
V5-0176,msihc_t1_thresholds,S2-24,check_result,SINGLE LINEAGE (consolidated + same-compilation copy); 1994 gazette not obtained,T1 consolidated attribution (SRC-167 footnote 4) + identical value in SRC-155,v5 audit,SRC-167;SRC-155,"SRC-167 Sch 2 s.no.24 (p.746-747); footnote 4: 'Inserted entries 12 to 27 by Rule 11 of the MSIHC (Amendment) Rules, 1994 notified vide S.O.2882, dated 3.10.1994'",T1,1994-10-03,1994-10-03,HIGH,VERIFIED_T1_CONSOLIDATED,CORRECTION
V5-0177,msihc_t1_thresholds,S2-25,col3_status,REQUIRES_OFFICIAL_CONFIRMATION,VERIFIED_T1_CONSOLIDATED,T1 consolidated text attributes the entry unambiguously to the 1994 amendment; value unambiguous and identical in SRC-155,SRC-167;SRC-155,"SRC-167 Sch 2 s.no.25 (p.746-747); footnote 4: 'Inserted entries 12 to 27 by Rule 11 of the MSIHC (Amendment) Rules, 1994 notified vide S.O.2882, dated 3.10.1994'",T1,1994-10-03,1994-10-03,HIGH,VERIFIED_T1_CONSOLIDATED,CORRECTION
V5-0178,msihc_t1_thresholds,S2-25,col4_status,REQUIRES_OFFICIAL_CONFIRMATION,VERIFIED_T1_CONSOLIDATED,As col 3,SRC-167;SRC-155,"SRC-167 Sch 2 s.no.25 (p.746-747); footnote 4: 'Inserted entries 12 to 27 by Rule 11 of the MSIHC (Amendment) Rules, 1994 notified vide S.O.2882, dated 3.10.1994'",T1,1994-10-03,1994-10-03,HIGH,VERIFIED_T1_CONSOLIDATED,CORRECTION
V5-0179,msihc_t1_thresholds,S2-25,final_status,REQUIRES_OFFICIAL_CONFIRMATION,VERIFIED,Both columns VERIFIED_T1_CONSOLIDATED (brief Target 2 rule),SRC-167;SRC-155,"SRC-167 Sch 2 s.no.25 (p.746-747); footnote 4: 'Inserted entries 12 to 27 by Rule 11 of the MSIHC (Amendment) Rules, 1994 notified vide S.O.2882, dated 3.10.1994'",T1,1994-10-03,1994-10-03,HIGH,VERIFIED_T1_CONSOLIDATED,CORRECTION
V5-0180,msihc_t1_thresholds,S2-25,source_id,SRC-155;SRC-158,SRC-167;SRC-155,Central India Code consolidated text added,SRC-167;SRC-155,"SRC-167 Sch 2 s.no.25 (p.746-747); footnote 4: 'Inserted entries 12 to 27 by Rule 11 of the MSIHC (Amendment) Rules, 1994 notified vide S.O.2882, dated 3.10.1994'",T1,1994-10-03,1994-10-03,HIGH,VERIFIED_T1_CONSOLIDATED,CORRECTION
V5-0181,msihc_t1_thresholds,S2-25,exact_locator,Sch 2 s.no.25,"SRC-167 Sch 2 s.no.25 (p.746-747); footnote 4: 'Inserted entries 12 to 27 by Rule 11 of the MSIHC (Amendment) Rules, 1994 notified vide S.O.2882, dated 3.10.1994'",Exact locator with amendment footnote,SRC-167;SRC-155,"SRC-167 Sch 2 s.no.25 (p.746-747); footnote 4: 'Inserted entries 12 to 27 by Rule 11 of the MSIHC (Amendment) Rules, 1994 notified vide S.O.2882, dated 3.10.1994'",T1,1994-10-03,1994-10-03,HIGH,VERIFIED_T1_CONSOLIDATED,CORRECTION
V5-0182,msihc_t1_thresholds,S2-25,check_result,SINGLE LINEAGE (consolidated + same-compilation copy); 1994 gazette not obtained,T1 consolidated attribution (SRC-167 footnote 4) + identical value in SRC-155,v5 audit,SRC-167;SRC-155,"SRC-167 Sch 2 s.no.25 (p.746-747); footnote 4: 'Inserted entries 12 to 27 by Rule 11 of the MSIHC (Amendment) Rules, 1994 notified vide S.O.2882, dated 3.10.1994'",T1,1994-10-03,1994-10-03,HIGH,VERIFIED_T1_CONSOLIDATED,CORRECTION
V5-0183,msihc_t1_thresholds,S2-26,col3_status,REQUIRES_OFFICIAL_CONFIRMATION,VERIFIED_T1_CONSOLIDATED,T1 consolidated text attributes the entry unambiguously to the 1994 amendment; value unambiguous and identical in SRC-155,SRC-167;SRC-155,"SRC-167 Sch 2 s.no.26 (p.746-747); footnote 4: 'Inserted entries 12 to 27 by Rule 11 of the MSIHC (Amendment) Rules, 1994 notified vide S.O.2882, dated 3.10.1994'",T1,1994-10-03,1994-10-03,HIGH,VERIFIED_T1_CONSOLIDATED,CORRECTION
V5-0184,msihc_t1_thresholds,S2-26,col4_status,REQUIRES_OFFICIAL_CONFIRMATION,VERIFIED_T1_CONSOLIDATED,As col 3,SRC-167;SRC-155,"SRC-167 Sch 2 s.no.26 (p.746-747); footnote 4: 'Inserted entries 12 to 27 by Rule 11 of the MSIHC (Amendment) Rules, 1994 notified vide S.O.2882, dated 3.10.1994'",T1,1994-10-03,1994-10-03,HIGH,VERIFIED_T1_CONSOLIDATED,CORRECTION
V5-0185,msihc_t1_thresholds,S2-26,final_status,REQUIRES_OFFICIAL_CONFIRMATION,VERIFIED,Both columns VERIFIED_T1_CONSOLIDATED (brief Target 2 rule),SRC-167;SRC-155,"SRC-167 Sch 2 s.no.26 (p.746-747); footnote 4: 'Inserted entries 12 to 27 by Rule 11 of the MSIHC (Amendment) Rules, 1994 notified vide S.O.2882, dated 3.10.1994'",T1,1994-10-03,1994-10-03,HIGH,VERIFIED_T1_CONSOLIDATED,CORRECTION
V5-0186,msihc_t1_thresholds,S2-26,source_id,SRC-155;SRC-158,SRC-167;SRC-155,Central India Code consolidated text added,SRC-167;SRC-155,"SRC-167 Sch 2 s.no.26 (p.746-747); footnote 4: 'Inserted entries 12 to 27 by Rule 11 of the MSIHC (Amendment) Rules, 1994 notified vide S.O.2882, dated 3.10.1994'",T1,1994-10-03,1994-10-03,HIGH,VERIFIED_T1_CONSOLIDATED,CORRECTION
V5-0187,msihc_t1_thresholds,S2-26,exact_locator,Sch 2 s.no.26,"SRC-167 Sch 2 s.no.26 (p.746-747); footnote 4: 'Inserted entries 12 to 27 by Rule 11 of the MSIHC (Amendment) Rules, 1994 notified vide S.O.2882, dated 3.10.1994'",Exact locator with amendment footnote,SRC-167;SRC-155,"SRC-167 Sch 2 s.no.26 (p.746-747); footnote 4: 'Inserted entries 12 to 27 by Rule 11 of the MSIHC (Amendment) Rules, 1994 notified vide S.O.2882, dated 3.10.1994'",T1,1994-10-03,1994-10-03,HIGH,VERIFIED_T1_CONSOLIDATED,CORRECTION
V5-0188,msihc_t1_thresholds,S2-26,check_result,SINGLE LINEAGE (consolidated + same-compilation copy); 1994 gazette not obtained,T1 consolidated attribution (SRC-167 footnote 4) + identical value in SRC-155,v5 audit,SRC-167;SRC-155,"SRC-167 Sch 2 s.no.26 (p.746-747); footnote 4: 'Inserted entries 12 to 27 by Rule 11 of the MSIHC (Amendment) Rules, 1994 notified vide S.O.2882, dated 3.10.1994'",T1,1994-10-03,1994-10-03,HIGH,VERIFIED_T1_CONSOLIDATED,CORRECTION
V5-0189,msihc_t1_thresholds,S2-27,col3_status,REQUIRES_OFFICIAL_CONFIRMATION,VERIFIED_T1_CONSOLIDATED,T1 consolidated text attributes the entry unambiguously to the 1994 amendment; value unambiguous and identical in SRC-155,SRC-167;SRC-155,"SRC-167 Sch 2 s.no.27 (p.746-747); footnote 4: 'Inserted entries 12 to 27 by Rule 11 of the MSIHC (Amendment) Rules, 1994 notified vide S.O.2882, dated 3.10.1994'",T1,1994-10-03,1994-10-03,HIGH,VERIFIED_T1_CONSOLIDATED,CORRECTION
V5-0190,msihc_t1_thresholds,S2-27,col4_status,REQUIRES_OFFICIAL_CONFIRMATION,VERIFIED_T1_CONSOLIDATED,As col 3,SRC-167;SRC-155,"SRC-167 Sch 2 s.no.27 (p.746-747); footnote 4: 'Inserted entries 12 to 27 by Rule 11 of the MSIHC (Amendment) Rules, 1994 notified vide S.O.2882, dated 3.10.1994'",T1,1994-10-03,1994-10-03,HIGH,VERIFIED_T1_CONSOLIDATED,CORRECTION
V5-0191,msihc_t1_thresholds,S2-27,final_status,REQUIRES_OFFICIAL_CONFIRMATION,VERIFIED,Both columns VERIFIED_T1_CONSOLIDATED (brief Target 2 rule),SRC-167;SRC-155,"SRC-167 Sch 2 s.no.27 (p.746-747); footnote 4: 'Inserted entries 12 to 27 by Rule 11 of the MSIHC (Amendment) Rules, 1994 notified vide S.O.2882, dated 3.10.1994'",T1,1994-10-03,1994-10-03,HIGH,VERIFIED_T1_CONSOLIDATED,CORRECTION
V5-0192,msihc_t1_thresholds,S2-27,source_id,SRC-155;SRC-158,SRC-167;SRC-155,Central India Code consolidated text added,SRC-167;SRC-155,"SRC-167 Sch 2 s.no.27 (p.746-747); footnote 4: 'Inserted entries 12 to 27 by Rule 11 of the MSIHC (Amendment) Rules, 1994 notified vide S.O.2882, dated 3.10.1994'",T1,1994-10-03,1994-10-03,HIGH,VERIFIED_T1_CONSOLIDATED,CORRECTION
V5-0193,msihc_t1_thresholds,S2-27,exact_locator,Sch 2 s.no.27,"SRC-167 Sch 2 s.no.27 (p.746-747); footnote 4: 'Inserted entries 12 to 27 by Rule 11 of the MSIHC (Amendment) Rules, 1994 notified vide S.O.2882, dated 3.10.1994'",Exact locator with amendment footnote,SRC-167;SRC-155,"SRC-167 Sch 2 s.no.27 (p.746-747); footnote 4: 'Inserted entries 12 to 27 by Rule 11 of the MSIHC (Amendment) Rules, 1994 notified vide S.O.2882, dated 3.10.1994'",T1,1994-10-03,1994-10-03,HIGH,VERIFIED_T1_CONSOLIDATED,CORRECTION
V5-0194,msihc_t1_thresholds,S2-27,check_result,SINGLE LINEAGE (consolidated + same-compilation copy); 1994 gazette not obtained,T1 consolidated attribution (SRC-167 footnote 4) + identical value in SRC-155,v5 audit,SRC-167;SRC-155,"SRC-167 Sch 2 s.no.27 (p.746-747); footnote 4: 'Inserted entries 12 to 27 by Rule 11 of the MSIHC (Amendment) Rules, 1994 notified vide S.O.2882, dated 3.10.1994'",T1,1994-10-03,1994-10-03,HIGH,VERIFIED_T1_CONSOLIDATED,CORRECTION
V5-0195,msihc_t1_thresholds,S2-18,col3_status,REQUIRES_OFFICIAL_CONFIRMATION,VERIFIED_T1_CONSOLIDATED,T1 consolidated text attributes the entry unambiguously to the 1994 amendment; value unambiguous and identical in SRC-155,SRC-167;SRC-155,"SRC-167 Sch 2 s.no.18 (p.746-747); footnote 4: 'Inserted entries 12 to 27 by Rule 11 of the MSIHC (Amendment) Rules, 1994 notified vide S.O.2882, dated 3.10.1994'",T1,1994-10-03,1994-10-03,HIGH,PARTIAL,CORRECTION
V5-0196,msihc_t1_thresholds,S2-18,col4_status,REQUIRES_OFFICIAL_CONFIRMATION,REQUIRES_OFFICIAL_CONFIRMATION (printed '501' in SRC-167 and SRC-155; possible '50' + footnote marker - NOT repaired),Official text itself ambiguous,SRC-167;SRC-155,"SRC-167 Sch 2 s.no.18 (p.746-747); footnote 4: 'Inserted entries 12 to 27 by Rule 11 of the MSIHC (Amendment) Rules, 1994 notified vide S.O.2882, dated 3.10.1994'",T1,1994-10-03,1994-10-03,HIGH,PARTIAL,CORRECTION
V5-0197,msihc_t1_thresholds,S2-18,final_status,REQUIRES_OFFICIAL_CONFIRMATION,VERIFIED_CONDITIONAL,Col 3 verified; col 4 blocked,SRC-167;SRC-155,"SRC-167 Sch 2 s.no.18 (p.746-747); footnote 4: 'Inserted entries 12 to 27 by Rule 11 of the MSIHC (Amendment) Rules, 1994 notified vide S.O.2882, dated 3.10.1994'",T1,1994-10-03,1994-10-03,HIGH,PARTIAL,CORRECTION
V5-0198,msihc_t1_thresholds,S2-18,source_id,SRC-155;SRC-158,SRC-167;SRC-155,Central India Code consolidated text added,SRC-167;SRC-155,"SRC-167 Sch 2 s.no.18 (p.746-747); footnote 4: 'Inserted entries 12 to 27 by Rule 11 of the MSIHC (Amendment) Rules, 1994 notified vide S.O.2882, dated 3.10.1994'",T1,1994-10-03,1994-10-03,HIGH,PARTIAL,CORRECTION
V5-0199,msihc_t1_thresholds,S2-18,exact_locator,Sch 2 s.no.18,"SRC-167 Sch 2 s.no.18 (p.746-747); footnote 4: 'Inserted entries 12 to 27 by Rule 11 of the MSIHC (Amendment) Rules, 1994 notified vide S.O.2882, dated 3.10.1994'",Exact locator with amendment footnote,SRC-167;SRC-155,"SRC-167 Sch 2 s.no.18 (p.746-747); footnote 4: 'Inserted entries 12 to 27 by Rule 11 of the MSIHC (Amendment) Rules, 1994 notified vide S.O.2882, dated 3.10.1994'",T1,1994-10-03,1994-10-03,HIGH,PARTIAL,CORRECTION
V5-0200,msihc_t1_thresholds,S2-18,check_result,SINGLE LINEAGE (consolidated + same-compilation copy); 1994 gazette not obtained,T1 consolidated attribution (SRC-167 footnote 4) + identical value in SRC-155; col 4 ambiguous,v5 audit,SRC-167;SRC-155,"SRC-167 Sch 2 s.no.18 (p.746-747); footnote 4: 'Inserted entries 12 to 27 by Rule 11 of the MSIHC (Amendment) Rules, 1994 notified vide S.O.2882, dated 3.10.1994'",T1,1994-10-03,1994-10-03,HIGH,PARTIAL,CORRECTION
V5-0201,msihc_t1_thresholds,S3P1-101,col4_status,REQUIRES_OFFICIAL_CONFIRMATION (1994 gazette not obtained),VERIFIED_T1_CONSOLIDATED,Bracketed col-4 value attributed to Rule 14 of 1994 amendment in T1 consolidated text; value unambiguous,SRC-167;SRC-154;SRC-155,"SRC-167 Sch 3 Part I s.no.101 col 4 bracket '1[200 t]'; footnote 1 p.752: 'Inserted by Rule14 (a to h) of MSIHC (Amendment) Rules, 1994 ... S.O.2882, dated 3.10.1994'",T1,1994-10-03,1994-10-03,HIGH,VERIFIED_T1_CONSOLIDATED,CORRECTION
V5-0202,msihc_t1_thresholds,S3P1-101,final_status,VERIFIED_CONDITIONAL,VERIFIED,Col 3 already primary-verified; col 4 now VERIFIED_T1_CONSOLIDATED,SRC-167;SRC-154;SRC-155,"SRC-167 Sch 3 Part I s.no.101 col 4 bracket '1[200 t]'; footnote 1 p.752: 'Inserted by Rule14 (a to h) of MSIHC (Amendment) Rules, 1994 ... S.O.2882, dated 3.10.1994'",T1,1994-10-03,1994-10-03,HIGH,VERIFIED_T1_CONSOLIDATED,CORRECTION
V5-0203,msihc_t1_thresholds,S3P1-101,source_id,SRC-154;SRC-155,SRC-154;SRC-167;SRC-155,Central consolidated text added,SRC-167;SRC-154;SRC-155,"SRC-167 Sch 3 Part I s.no.101 col 4 bracket '1[200 t]'; footnote 1 p.752: 'Inserted by Rule14 (a to h) of MSIHC (Amendment) Rules, 1994 ... S.O.2882, dated 3.10.1994'",T1,1994-10-03,1994-10-03,HIGH,VERIFIED_T1_CONSOLIDATED,CORRECTION
V5-0204,msihc_t1_thresholds,S3P1-101,exact_locator,Sch 3 Part I s.no.101 (Gazette 27-11-1989 pp.33-38; consolidated pp.755-760),"SRC-167 Sch 3 Part I s.no.101 col 4 bracket '1[200 t]'; footnote 1 p.752: 'Inserted by Rule14 (a to h) of MSIHC (Amendment) Rules, 1994 ... S.O.2882, dated 3.10.1994'",Exact locator,SRC-167;SRC-154;SRC-155,"SRC-167 Sch 3 Part I s.no.101 col 4 bracket '1[200 t]'; footnote 1 p.752: 'Inserted by Rule14 (a to h) of MSIHC (Amendment) Rules, 1994 ... S.O.2882, dated 3.10.1994'",T1,1994-10-03,1994-10-03,HIGH,VERIFIED_T1_CONSOLIDATED,CORRECTION
V5-0205,msihc_t1_thresholds,S3P1-101,check_result,col 3 AGREE; col 4 only in consolidated text (1994 insertion),col 3 AGREE (gazette + consolidated); col 4 T1 consolidated attribution to S.O.2882,v5 audit,SRC-167;SRC-154;SRC-155,"SRC-167 Sch 3 Part I s.no.101 col 4 bracket '1[200 t]'; footnote 1 p.752: 'Inserted by Rule14 (a to h) of MSIHC (Amendment) Rules, 1994 ... S.O.2882, dated 3.10.1994'",T1,1994-10-03,1994-10-03,HIGH,VERIFIED_T1_CONSOLIDATED,CORRECTION
V5-0206,msihc_t1_thresholds,S3P1-106,col4_status,REQUIRES_OFFICIAL_CONFIRMATION (1994 gazette not obtained),VERIFIED_T1_CONSOLIDATED,Bracketed col-4 value attributed to Rule 14 of 1994 amendment in T1 consolidated text; value unambiguous,SRC-167;SRC-154;SRC-155,"SRC-167 Sch 3 Part I s.no.106 col 4 bracket '1[500 t]'; footnote 1 p.752: 'Inserted by Rule14 (a to h) of MSIHC (Amendment) Rules, 1994 ... S.O.2882, dated 3.10.1994'",T1,1994-10-03,1994-10-03,HIGH,VERIFIED_T1_CONSOLIDATED,CORRECTION
V5-0207,msihc_t1_thresholds,S3P1-106,final_status,VERIFIED_CONDITIONAL,VERIFIED,Col 3 already primary-verified; col 4 now VERIFIED_T1_CONSOLIDATED,SRC-167;SRC-154;SRC-155,"SRC-167 Sch 3 Part I s.no.106 col 4 bracket '1[500 t]'; footnote 1 p.752: 'Inserted by Rule14 (a to h) of MSIHC (Amendment) Rules, 1994 ... S.O.2882, dated 3.10.1994'",T1,1994-10-03,1994-10-03,HIGH,VERIFIED_T1_CONSOLIDATED,CORRECTION
V5-0208,msihc_t1_thresholds,S3P1-106,source_id,SRC-154;SRC-155,SRC-154;SRC-167;SRC-155,Central consolidated text added,SRC-167;SRC-154;SRC-155,"SRC-167 Sch 3 Part I s.no.106 col 4 bracket '1[500 t]'; footnote 1 p.752: 'Inserted by Rule14 (a to h) of MSIHC (Amendment) Rules, 1994 ... S.O.2882, dated 3.10.1994'",T1,1994-10-03,1994-10-03,HIGH,VERIFIED_T1_CONSOLIDATED,CORRECTION
V5-0209,msihc_t1_thresholds,S3P1-106,exact_locator,Sch 3 Part I s.no.106 (Gazette 27-11-1989 pp.33-38; consolidated pp.755-760),"SRC-167 Sch 3 Part I s.no.106 col 4 bracket '1[500 t]'; footnote 1 p.752: 'Inserted by Rule14 (a to h) of MSIHC (Amendment) Rules, 1994 ... S.O.2882, dated 3.10.1994'",Exact locator,SRC-167;SRC-154;SRC-155,"SRC-167 Sch 3 Part I s.no.106 col 4 bracket '1[500 t]'; footnote 1 p.752: 'Inserted by Rule14 (a to h) of MSIHC (Amendment) Rules, 1994 ... S.O.2882, dated 3.10.1994'",T1,1994-10-03,1994-10-03,HIGH,VERIFIED_T1_CONSOLIDATED,CORRECTION
V5-0210,msihc_t1_thresholds,S3P1-106,check_result,col 3 AGREE; col 4 only in consolidated text (1994 insertion),col 3 AGREE (gazette + consolidated); col 4 T1 consolidated attribution to S.O.2882,v5 audit,SRC-167;SRC-154;SRC-155,"SRC-167 Sch 3 Part I s.no.106 col 4 bracket '1[500 t]'; footnote 1 p.752: 'Inserted by Rule14 (a to h) of MSIHC (Amendment) Rules, 1994 ... S.O.2882, dated 3.10.1994'",T1,1994-10-03,1994-10-03,HIGH,VERIFIED_T1_CONSOLIDATED,CORRECTION
V5-0211,msihc_t1_thresholds,S3P1-109,col4_status,REQUIRES_OFFICIAL_CONFIRMATION (1994 gazette not obtained),VERIFIED_T1_CONSOLIDATED,Bracketed col-4 value attributed to Rule 14 of 1994 amendment in T1 consolidated text; value unambiguous,SRC-167;SRC-154;SRC-155,"SRC-167 Sch 3 Part I s.no.109 col 4 bracket '1[200 t]'; footnote 1 p.752: 'Inserted by Rule14 (a to h) of MSIHC (Amendment) Rules, 1994 ... S.O.2882, dated 3.10.1994'",T1,1994-10-03,1994-10-03,HIGH,VERIFIED_T1_CONSOLIDATED,CORRECTION
V5-0212,msihc_t1_thresholds,S3P1-109,final_status,VERIFIED_CONDITIONAL,VERIFIED,Col 3 already primary-verified; col 4 now VERIFIED_T1_CONSOLIDATED,SRC-167;SRC-154;SRC-155,"SRC-167 Sch 3 Part I s.no.109 col 4 bracket '1[200 t]'; footnote 1 p.752: 'Inserted by Rule14 (a to h) of MSIHC (Amendment) Rules, 1994 ... S.O.2882, dated 3.10.1994'",T1,1994-10-03,1994-10-03,HIGH,VERIFIED_T1_CONSOLIDATED,CORRECTION
V5-0213,msihc_t1_thresholds,S3P1-109,source_id,SRC-154;SRC-155,SRC-154;SRC-167;SRC-155,Central consolidated text added,SRC-167;SRC-154;SRC-155,"SRC-167 Sch 3 Part I s.no.109 col 4 bracket '1[200 t]'; footnote 1 p.752: 'Inserted by Rule14 (a to h) of MSIHC (Amendment) Rules, 1994 ... S.O.2882, dated 3.10.1994'",T1,1994-10-03,1994-10-03,HIGH,VERIFIED_T1_CONSOLIDATED,CORRECTION
V5-0214,msihc_t1_thresholds,S3P1-109,exact_locator,Sch 3 Part I s.no.109 (Gazette 27-11-1989 pp.33-38; consolidated pp.755-760),"SRC-167 Sch 3 Part I s.no.109 col 4 bracket '1[200 t]'; footnote 1 p.752: 'Inserted by Rule14 (a to h) of MSIHC (Amendment) Rules, 1994 ... S.O.2882, dated 3.10.1994'",Exact locator,SRC-167;SRC-154;SRC-155,"SRC-167 Sch 3 Part I s.no.109 col 4 bracket '1[200 t]'; footnote 1 p.752: 'Inserted by Rule14 (a to h) of MSIHC (Amendment) Rules, 1994 ... S.O.2882, dated 3.10.1994'",T1,1994-10-03,1994-10-03,HIGH,VERIFIED_T1_CONSOLIDATED,CORRECTION
V5-0215,msihc_t1_thresholds,S3P1-109,check_result,col 3 AGREE; col 4 only in consolidated text (1994 insertion),col 3 AGREE (gazette + consolidated); col 4 T1 consolidated attribution to S.O.2882,v5 audit,SRC-167;SRC-154;SRC-155,"SRC-167 Sch 3 Part I s.no.109 col 4 bracket '1[200 t]'; footnote 1 p.752: 'Inserted by Rule14 (a to h) of MSIHC (Amendment) Rules, 1994 ... S.O.2882, dated 3.10.1994'",T1,1994-10-03,1994-10-03,HIGH,VERIFIED_T1_CONSOLIDATED,CORRECTION
V5-0216,msihc_t1_thresholds,S3P1-110,col4_status,REQUIRES_OFFICIAL_CONFIRMATION (1994 gazette not obtained),VERIFIED_T1_CONSOLIDATED,Bracketed col-4 value attributed to Rule 14 of 1994 amendment in T1 consolidated text; value unambiguous,SRC-167;SRC-154;SRC-155,"SRC-167 Sch 3 Part I s.no.110 col 4 bracket '1[50 t]'; footnote 1 p.752: 'Inserted by Rule14 (a to h) of MSIHC (Amendment) Rules, 1994 ... S.O.2882, dated 3.10.1994'",T1,1994-10-03,1994-10-03,HIGH,VERIFIED_T1_CONSOLIDATED,CORRECTION
V5-0217,msihc_t1_thresholds,S3P1-110,final_status,VERIFIED_CONDITIONAL,VERIFIED,Col 3 already primary-verified; col 4 now VERIFIED_T1_CONSOLIDATED,SRC-167;SRC-154;SRC-155,"SRC-167 Sch 3 Part I s.no.110 col 4 bracket '1[50 t]'; footnote 1 p.752: 'Inserted by Rule14 (a to h) of MSIHC (Amendment) Rules, 1994 ... S.O.2882, dated 3.10.1994'",T1,1994-10-03,1994-10-03,HIGH,VERIFIED_T1_CONSOLIDATED,CORRECTION
V5-0218,msihc_t1_thresholds,S3P1-110,source_id,SRC-154;SRC-155,SRC-154;SRC-167;SRC-155,Central consolidated text added,SRC-167;SRC-154;SRC-155,"SRC-167 Sch 3 Part I s.no.110 col 4 bracket '1[50 t]'; footnote 1 p.752: 'Inserted by Rule14 (a to h) of MSIHC (Amendment) Rules, 1994 ... S.O.2882, dated 3.10.1994'",T1,1994-10-03,1994-10-03,HIGH,VERIFIED_T1_CONSOLIDATED,CORRECTION
V5-0219,msihc_t1_thresholds,S3P1-110,exact_locator,Sch 3 Part I s.no.110 (Gazette 27-11-1989 pp.33-38; consolidated pp.755-760),"SRC-167 Sch 3 Part I s.no.110 col 4 bracket '1[50 t]'; footnote 1 p.752: 'Inserted by Rule14 (a to h) of MSIHC (Amendment) Rules, 1994 ... S.O.2882, dated 3.10.1994'",Exact locator,SRC-167;SRC-154;SRC-155,"SRC-167 Sch 3 Part I s.no.110 col 4 bracket '1[50 t]'; footnote 1 p.752: 'Inserted by Rule14 (a to h) of MSIHC (Amendment) Rules, 1994 ... S.O.2882, dated 3.10.1994'",T1,1994-10-03,1994-10-03,HIGH,VERIFIED_T1_CONSOLIDATED,CORRECTION
V5-0220,msihc_t1_thresholds,S3P1-110,check_result,col 3 AGREE; col 4 only in consolidated text (1994 insertion),col 3 AGREE (gazette + consolidated); col 4 T1 consolidated attribution to S.O.2882,v5 audit,SRC-167;SRC-154;SRC-155,"SRC-167 Sch 3 Part I s.no.110 col 4 bracket '1[50 t]'; footnote 1 p.752: 'Inserted by Rule14 (a to h) of MSIHC (Amendment) Rules, 1994 ... S.O.2882, dated 3.10.1994'",T1,1994-10-03,1994-10-03,HIGH,VERIFIED_T1_CONSOLIDATED,CORRECTION
V5-0221,msihc_t1_thresholds,S3P1-112,col4_status,REQUIRES_OFFICIAL_CONFIRMATION (1994 gazette not obtained),VERIFIED_T1_CONSOLIDATED,Bracketed col-4 value attributed to Rule 14 of 1994 amendment in T1 consolidated text; value unambiguous,SRC-167;SRC-154;SRC-155,"SRC-167 Sch 3 Part I s.no.112 col 4 bracket '1[50 t]'; footnote 1 p.752: 'Inserted by Rule14 (a to h) of MSIHC (Amendment) Rules, 1994 ... S.O.2882, dated 3.10.1994'",T1,1994-10-03,1994-10-03,HIGH,VERIFIED_T1_CONSOLIDATED,CORRECTION
V5-0222,msihc_t1_thresholds,S3P1-112,final_status,VERIFIED_CONDITIONAL,VERIFIED,Col 3 already primary-verified; col 4 now VERIFIED_T1_CONSOLIDATED,SRC-167;SRC-154;SRC-155,"SRC-167 Sch 3 Part I s.no.112 col 4 bracket '1[50 t]'; footnote 1 p.752: 'Inserted by Rule14 (a to h) of MSIHC (Amendment) Rules, 1994 ... S.O.2882, dated 3.10.1994'",T1,1994-10-03,1994-10-03,HIGH,VERIFIED_T1_CONSOLIDATED,CORRECTION
V5-0223,msihc_t1_thresholds,S3P1-112,source_id,SRC-154;SRC-155,SRC-154;SRC-167;SRC-155,Central consolidated text added,SRC-167;SRC-154;SRC-155,"SRC-167 Sch 3 Part I s.no.112 col 4 bracket '1[50 t]'; footnote 1 p.752: 'Inserted by Rule14 (a to h) of MSIHC (Amendment) Rules, 1994 ... S.O.2882, dated 3.10.1994'",T1,1994-10-03,1994-10-03,HIGH,VERIFIED_T1_CONSOLIDATED,CORRECTION
V5-0224,msihc_t1_thresholds,S3P1-112,exact_locator,Sch 3 Part I s.no.112 (Gazette 27-11-1989 pp.33-38; consolidated pp.755-760),"SRC-167 Sch 3 Part I s.no.112 col 4 bracket '1[50 t]'; footnote 1 p.752: 'Inserted by Rule14 (a to h) of MSIHC (Amendment) Rules, 1994 ... S.O.2882, dated 3.10.1994'",Exact locator,SRC-167;SRC-154;SRC-155,"SRC-167 Sch 3 Part I s.no.112 col 4 bracket '1[50 t]'; footnote 1 p.752: 'Inserted by Rule14 (a to h) of MSIHC (Amendment) Rules, 1994 ... S.O.2882, dated 3.10.1994'",T1,1994-10-03,1994-10-03,HIGH,VERIFIED_T1_CONSOLIDATED,CORRECTION
V5-0225,msihc_t1_thresholds,S3P1-112,check_result,col 3 AGREE; col 4 only in consolidated text (1994 insertion),col 3 AGREE (gazette + consolidated); col 4 T1 consolidated attribution to S.O.2882,v5 audit,SRC-167;SRC-154;SRC-155,"SRC-167 Sch 3 Part I s.no.112 col 4 bracket '1[50 t]'; footnote 1 p.752: 'Inserted by Rule14 (a to h) of MSIHC (Amendment) Rules, 1994 ... S.O.2882, dated 3.10.1994'",T1,1994-10-03,1994-10-03,HIGH,VERIFIED_T1_CONSOLIDATED,CORRECTION
V5-0226,msihc_t1_thresholds,S3P1-117,col4_status,REQUIRES_OFFICIAL_CONFIRMATION (1994 gazette not obtained),VERIFIED_T1_CONSOLIDATED,Bracketed col-4 value attributed to Rule 14 of 1994 amendment in T1 consolidated text; value unambiguous,SRC-167;SRC-154;SRC-155,"SRC-167 Sch 3 Part I s.no.117 col 4 bracket '1[200 t]'; footnote 1 p.752: 'Inserted by Rule14 (a to h) of MSIHC (Amendment) Rules, 1994 ... S.O.2882, dated 3.10.1994'",T1,1994-10-03,1994-10-03,HIGH,VERIFIED_T1_CONSOLIDATED,CORRECTION
V5-0227,msihc_t1_thresholds,S3P1-117,final_status,VERIFIED_CONDITIONAL,VERIFIED,Col 3 already primary-verified; col 4 now VERIFIED_T1_CONSOLIDATED,SRC-167;SRC-154;SRC-155,"SRC-167 Sch 3 Part I s.no.117 col 4 bracket '1[200 t]'; footnote 1 p.752: 'Inserted by Rule14 (a to h) of MSIHC (Amendment) Rules, 1994 ... S.O.2882, dated 3.10.1994'",T1,1994-10-03,1994-10-03,HIGH,VERIFIED_T1_CONSOLIDATED,CORRECTION
V5-0228,msihc_t1_thresholds,S3P1-117,source_id,SRC-154;SRC-155,SRC-154;SRC-167;SRC-155,Central consolidated text added,SRC-167;SRC-154;SRC-155,"SRC-167 Sch 3 Part I s.no.117 col 4 bracket '1[200 t]'; footnote 1 p.752: 'Inserted by Rule14 (a to h) of MSIHC (Amendment) Rules, 1994 ... S.O.2882, dated 3.10.1994'",T1,1994-10-03,1994-10-03,HIGH,VERIFIED_T1_CONSOLIDATED,CORRECTION
V5-0229,msihc_t1_thresholds,S3P1-117,exact_locator,Sch 3 Part I s.no.117 (Gazette 27-11-1989 pp.33-38; consolidated pp.755-760),"SRC-167 Sch 3 Part I s.no.117 col 4 bracket '1[200 t]'; footnote 1 p.752: 'Inserted by Rule14 (a to h) of MSIHC (Amendment) Rules, 1994 ... S.O.2882, dated 3.10.1994'",Exact locator,SRC-167;SRC-154;SRC-155,"SRC-167 Sch 3 Part I s.no.117 col 4 bracket '1[200 t]'; footnote 1 p.752: 'Inserted by Rule14 (a to h) of MSIHC (Amendment) Rules, 1994 ... S.O.2882, dated 3.10.1994'",T1,1994-10-03,1994-10-03,HIGH,VERIFIED_T1_CONSOLIDATED,CORRECTION
V5-0230,msihc_t1_thresholds,S3P1-117,check_result,col 3 AGREE; col 4 only in consolidated text (1994 insertion),col 3 AGREE (gazette + consolidated); col 4 T1 consolidated attribution to S.O.2882,v5 audit,SRC-167;SRC-154;SRC-155,"SRC-167 Sch 3 Part I s.no.117 col 4 bracket '1[200 t]'; footnote 1 p.752: 'Inserted by Rule14 (a to h) of MSIHC (Amendment) Rules, 1994 ... S.O.2882, dated 3.10.1994'",T1,1994-10-03,1994-10-03,HIGH,VERIFIED_T1_CONSOLIDATED,CORRECTION
V5-0231,msihc_t1_thresholds,S3P1-122,col4_status,REQUIRES_OFFICIAL_CONFIRMATION (1994 gazette not obtained),VERIFIED_T1_CONSOLIDATED,Bracketed col-4 value attributed to Rule 14 of 1994 amendment in T1 consolidated text; value unambiguous,SRC-167;SRC-154;SRC-155,"SRC-167 Sch 3 Part I s.no.122 col 4 bracket '2[200 t]'; footnote 2 p.752: 'Inserted by Rule14 (a to h) of MSIHC (Amendment) Rules, 1994 ... S.O.2882, dated 3.10.1994'",T1,1994-10-03,1994-10-03,HIGH,VERIFIED_T1_CONSOLIDATED,CORRECTION
V5-0232,msihc_t1_thresholds,S3P1-122,final_status,VERIFIED_CONDITIONAL,VERIFIED,Col 3 already primary-verified; col 4 now VERIFIED_T1_CONSOLIDATED,SRC-167;SRC-154;SRC-155,"SRC-167 Sch 3 Part I s.no.122 col 4 bracket '2[200 t]'; footnote 2 p.752: 'Inserted by Rule14 (a to h) of MSIHC (Amendment) Rules, 1994 ... S.O.2882, dated 3.10.1994'",T1,1994-10-03,1994-10-03,HIGH,VERIFIED_T1_CONSOLIDATED,CORRECTION
V5-0233,msihc_t1_thresholds,S3P1-122,source_id,SRC-154;SRC-155,SRC-154;SRC-167;SRC-155,Central consolidated text added,SRC-167;SRC-154;SRC-155,"SRC-167 Sch 3 Part I s.no.122 col 4 bracket '2[200 t]'; footnote 2 p.752: 'Inserted by Rule14 (a to h) of MSIHC (Amendment) Rules, 1994 ... S.O.2882, dated 3.10.1994'",T1,1994-10-03,1994-10-03,HIGH,VERIFIED_T1_CONSOLIDATED,CORRECTION
V5-0234,msihc_t1_thresholds,S3P1-122,exact_locator,Sch 3 Part I s.no.122 (Gazette 27-11-1989 pp.33-38; consolidated pp.755-760),"SRC-167 Sch 3 Part I s.no.122 col 4 bracket '2[200 t]'; footnote 2 p.752: 'Inserted by Rule14 (a to h) of MSIHC (Amendment) Rules, 1994 ... S.O.2882, dated 3.10.1994'",Exact locator,SRC-167;SRC-154;SRC-155,"SRC-167 Sch 3 Part I s.no.122 col 4 bracket '2[200 t]'; footnote 2 p.752: 'Inserted by Rule14 (a to h) of MSIHC (Amendment) Rules, 1994 ... S.O.2882, dated 3.10.1994'",T1,1994-10-03,1994-10-03,HIGH,VERIFIED_T1_CONSOLIDATED,CORRECTION
V5-0235,msihc_t1_thresholds,S3P1-122,check_result,col 3 AGREE; col 4 only in consolidated text (1994 insertion),col 3 AGREE (gazette + consolidated); col 4 T1 consolidated attribution to S.O.2882,v5 audit,SRC-167;SRC-154;SRC-155,"SRC-167 Sch 3 Part I s.no.122 col 4 bracket '2[200 t]'; footnote 2 p.752: 'Inserted by Rule14 (a to h) of MSIHC (Amendment) Rules, 1994 ... S.O.2882, dated 3.10.1994'",T1,1994-10-03,1994-10-03,HIGH,VERIFIED_T1_CONSOLIDATED,CORRECTION
V5-0236,msihc_t1_thresholds,S3P1-123,col4_status,REQUIRES_OFFICIAL_CONFIRMATION (1994 gazette not obtained),VERIFIED_T1_CONSOLIDATED,Bracketed col-4 value attributed to Rule 14 of 1994 amendment in T1 consolidated text; value unambiguous,SRC-167;SRC-154;SRC-155,"SRC-167 Sch 3 Part I s.no.123 col 4 bracket '1[100 t]'; footnote 1 p.752: 'Inserted by Rule14 (a to h) of MSIHC (Amendment) Rules, 1994 ... S.O.2882, dated 3.10.1994'",T1,1994-10-03,1994-10-03,HIGH,VERIFIED_T1_CONSOLIDATED,CORRECTION
V5-0237,msihc_t1_thresholds,S3P1-123,final_status,VERIFIED_CONDITIONAL,VERIFIED,Col 3 already primary-verified; col 4 now VERIFIED_T1_CONSOLIDATED,SRC-167;SRC-154;SRC-155,"SRC-167 Sch 3 Part I s.no.123 col 4 bracket '1[100 t]'; footnote 1 p.752: 'Inserted by Rule14 (a to h) of MSIHC (Amendment) Rules, 1994 ... S.O.2882, dated 3.10.1994'",T1,1994-10-03,1994-10-03,HIGH,VERIFIED_T1_CONSOLIDATED,CORRECTION
V5-0238,msihc_t1_thresholds,S3P1-123,source_id,SRC-154;SRC-155,SRC-154;SRC-167;SRC-155,Central consolidated text added,SRC-167;SRC-154;SRC-155,"SRC-167 Sch 3 Part I s.no.123 col 4 bracket '1[100 t]'; footnote 1 p.752: 'Inserted by Rule14 (a to h) of MSIHC (Amendment) Rules, 1994 ... S.O.2882, dated 3.10.1994'",T1,1994-10-03,1994-10-03,HIGH,VERIFIED_T1_CONSOLIDATED,CORRECTION
V5-0239,msihc_t1_thresholds,S3P1-123,exact_locator,Sch 3 Part I s.no.123 (Gazette 27-11-1989 pp.33-38; consolidated pp.755-760),"SRC-167 Sch 3 Part I s.no.123 col 4 bracket '1[100 t]'; footnote 1 p.752: 'Inserted by Rule14 (a to h) of MSIHC (Amendment) Rules, 1994 ... S.O.2882, dated 3.10.1994'",Exact locator,SRC-167;SRC-154;SRC-155,"SRC-167 Sch 3 Part I s.no.123 col 4 bracket '1[100 t]'; footnote 1 p.752: 'Inserted by Rule14 (a to h) of MSIHC (Amendment) Rules, 1994 ... S.O.2882, dated 3.10.1994'",T1,1994-10-03,1994-10-03,HIGH,VERIFIED_T1_CONSOLIDATED,CORRECTION
V5-0240,msihc_t1_thresholds,S3P1-123,check_result,col 3 AGREE; col 4 only in consolidated text (1994 insertion),col 3 AGREE (gazette + consolidated); col 4 T1 consolidated attribution to S.O.2882,v5 audit,SRC-167;SRC-154;SRC-155,"SRC-167 Sch 3 Part I s.no.123 col 4 bracket '1[100 t]'; footnote 1 p.752: 'Inserted by Rule14 (a to h) of MSIHC (Amendment) Rules, 1994 ... S.O.2882, dated 3.10.1994'",T1,1994-10-03,1994-10-03,HIGH,VERIFIED_T1_CONSOLIDATED,CORRECTION
V5-0241,msihc_t1_thresholds,S3P1-144,col4_status,REQUIRES_OFFICIAL_CONFIRMATION (1994 gazette not obtained),VERIFIED_T1_CONSOLIDATED,Bracketed col-4 value attributed to Rule 14 of 1994 amendment in T1 consolidated text; value unambiguous,SRC-167;SRC-154;SRC-155,"SRC-167 Sch 3 Part I s.no.144 col 4 bracket '1[2000 t]'; footnote 1 p.752: 'Inserted by Rule14 (a to h) of MSIHC (Amendment) Rules, 1994 ... S.O.2882, dated 3.10.1994'",T1,1994-10-03,1994-10-03,HIGH,VERIFIED_T1_CONSOLIDATED,CORRECTION
V5-0242,msihc_t1_thresholds,S3P1-144,final_status,VERIFIED_CONDITIONAL,VERIFIED,Col 3 already primary-verified; col 4 now VERIFIED_T1_CONSOLIDATED,SRC-167;SRC-154;SRC-155,"SRC-167 Sch 3 Part I s.no.144 col 4 bracket '1[2000 t]'; footnote 1 p.752: 'Inserted by Rule14 (a to h) of MSIHC (Amendment) Rules, 1994 ... S.O.2882, dated 3.10.1994'",T1,1994-10-03,1994-10-03,HIGH,VERIFIED_T1_CONSOLIDATED,CORRECTION
V5-0243,msihc_t1_thresholds,S3P1-144,source_id,SRC-154;SRC-155,SRC-154;SRC-167;SRC-155,Central consolidated text added,SRC-167;SRC-154;SRC-155,"SRC-167 Sch 3 Part I s.no.144 col 4 bracket '1[2000 t]'; footnote 1 p.752: 'Inserted by Rule14 (a to h) of MSIHC (Amendment) Rules, 1994 ... S.O.2882, dated 3.10.1994'",T1,1994-10-03,1994-10-03,HIGH,VERIFIED_T1_CONSOLIDATED,CORRECTION
V5-0244,msihc_t1_thresholds,S3P1-144,exact_locator,Sch 3 Part I s.no.144 (Gazette 27-11-1989 pp.33-38; consolidated pp.755-760),"SRC-167 Sch 3 Part I s.no.144 col 4 bracket '1[2000 t]'; footnote 1 p.752: 'Inserted by Rule14 (a to h) of MSIHC (Amendment) Rules, 1994 ... S.O.2882, dated 3.10.1994'",Exact locator,SRC-167;SRC-154;SRC-155,"SRC-167 Sch 3 Part I s.no.144 col 4 bracket '1[2000 t]'; footnote 1 p.752: 'Inserted by Rule14 (a to h) of MSIHC (Amendment) Rules, 1994 ... S.O.2882, dated 3.10.1994'",T1,1994-10-03,1994-10-03,HIGH,VERIFIED_T1_CONSOLIDATED,CORRECTION
V5-0245,msihc_t1_thresholds,S3P1-144,check_result,col 3 AGREE; col 4 only in consolidated text (1994 insertion),col 3 AGREE (gazette + consolidated); col 4 T1 consolidated attribution to S.O.2882,v5 audit,SRC-167;SRC-154;SRC-155,"SRC-167 Sch 3 Part I s.no.144 col 4 bracket '1[2000 t]'; footnote 1 p.752: 'Inserted by Rule14 (a to h) of MSIHC (Amendment) Rules, 1994 ... S.O.2882, dated 3.10.1994'",T1,1994-10-03,1994-10-03,HIGH,VERIFIED_T1_CONSOLIDATED,CORRECTION
V5-0246,msihc_t1_thresholds,S3P1-148,col4_status,REQUIRES_OFFICIAL_CONFIRMATION (1994 gazette not obtained),VERIFIED_T1_CONSOLIDATED,Bracketed col-4 value attributed to Rule 14 of 1994 amendment in T1 consolidated text; value unambiguous,SRC-167;SRC-154;SRC-155,"SRC-167 Sch 3 Part I s.no.148 col 4 bracket '1[50 t]'; footnote 1 p.752: 'Inserted by Rule14 (a to h) of MSIHC (Amendment) Rules, 1994 ... S.O.2882, dated 3.10.1994'",T1,1994-10-03,1994-10-03,HIGH,VERIFIED_T1_CONSOLIDATED,CORRECTION
V5-0247,msihc_t1_thresholds,S3P1-148,final_status,VERIFIED_CONDITIONAL,VERIFIED,Col 3 already primary-verified; col 4 now VERIFIED_T1_CONSOLIDATED,SRC-167;SRC-154;SRC-155,"SRC-167 Sch 3 Part I s.no.148 col 4 bracket '1[50 t]'; footnote 1 p.752: 'Inserted by Rule14 (a to h) of MSIHC (Amendment) Rules, 1994 ... S.O.2882, dated 3.10.1994'",T1,1994-10-03,1994-10-03,HIGH,VERIFIED_T1_CONSOLIDATED,CORRECTION
V5-0248,msihc_t1_thresholds,S3P1-148,source_id,SRC-154;SRC-155,SRC-154;SRC-167;SRC-155,Central consolidated text added,SRC-167;SRC-154;SRC-155,"SRC-167 Sch 3 Part I s.no.148 col 4 bracket '1[50 t]'; footnote 1 p.752: 'Inserted by Rule14 (a to h) of MSIHC (Amendment) Rules, 1994 ... S.O.2882, dated 3.10.1994'",T1,1994-10-03,1994-10-03,HIGH,VERIFIED_T1_CONSOLIDATED,CORRECTION
V5-0249,msihc_t1_thresholds,S3P1-148,exact_locator,Sch 3 Part I s.no.148 (Gazette 27-11-1989 pp.33-38; consolidated pp.755-760),"SRC-167 Sch 3 Part I s.no.148 col 4 bracket '1[50 t]'; footnote 1 p.752: 'Inserted by Rule14 (a to h) of MSIHC (Amendment) Rules, 1994 ... S.O.2882, dated 3.10.1994'",Exact locator,SRC-167;SRC-154;SRC-155,"SRC-167 Sch 3 Part I s.no.148 col 4 bracket '1[50 t]'; footnote 1 p.752: 'Inserted by Rule14 (a to h) of MSIHC (Amendment) Rules, 1994 ... S.O.2882, dated 3.10.1994'",T1,1994-10-03,1994-10-03,HIGH,VERIFIED_T1_CONSOLIDATED,CORRECTION
V5-0250,msihc_t1_thresholds,S3P1-148,check_result,col 3 AGREE; col 4 only in consolidated text (1994 insertion),col 3 AGREE (gazette + consolidated); col 4 T1 consolidated attribution to S.O.2882,v5 audit,SRC-167;SRC-154;SRC-155,"SRC-167 Sch 3 Part I s.no.148 col 4 bracket '1[50 t]'; footnote 1 p.752: 'Inserted by Rule14 (a to h) of MSIHC (Amendment) Rules, 1994 ... S.O.2882, dated 3.10.1994'",T1,1994-10-03,1994-10-03,HIGH,VERIFIED_T1_CONSOLIDATED,CORRECTION
V5-0251,msihc_t1_thresholds,S3P1-099,col3_status,REQUIRES_OFFICIAL_CONFIRMATION,VERIFIED_PRIMARY_GAZETTE,"v5: central consolidated text prints 100 kg, agreeing with original gazette",SRC-154;SRC-167,SRC-154 Sch 3 Part I s.no.99; SRC-167 p.748-751 s.no.99 'Warfarin 100 kg 81-81-2',T1,1989-11-27,1989-11-27,HIGH,VERIFIED_PRIMARY_GAZETTE,CORRECTION
V5-0252,msihc_t1_thresholds,S3P1-099,final_status,REQUIRES_OFFICIAL_CONFIRMATION,VERIFIED,"v5: central consolidated text prints 100 kg, agreeing with original gazette",SRC-154;SRC-167,SRC-154 Sch 3 Part I s.no.99; SRC-167 p.748-751 s.no.99 'Warfarin 100 kg 81-81-2',T1,1989-11-27,1989-11-27,HIGH,VERIFIED_PRIMARY_GAZETTE,CORRECTION
V5-0253,msihc_t1_thresholds,S3P1-099,source_id,SRC-154;SRC-155,SRC-154;SRC-167;SRC-155,"v5: central consolidated text prints 100 kg, agreeing with original gazette",SRC-154;SRC-167,SRC-154 Sch 3 Part I s.no.99; SRC-167 p.748-751 s.no.99 'Warfarin 100 kg 81-81-2',T1,1989-11-27,1989-11-27,HIGH,VERIFIED_PRIMARY_GAZETTE,CORRECTION
V5-0254,msihc_t1_thresholds,S3P1-099,exact_locator,Sch 3 Part I s.no.99 (Gazette 27-11-1989 pp.33-38; consolidated pp.755-760),SRC-154 Sch 3 Part I s.no.99; SRC-167 p.748-751 s.no.99 'Warfarin 100 kg 81-81-2',"v5: central consolidated text prints 100 kg, agreeing with original gazette",SRC-154;SRC-167,SRC-154 Sch 3 Part I s.no.99; SRC-167 p.748-751 s.no.99 'Warfarin 100 kg 81-81-2',T1,1989-11-27,1989-11-27,HIGH,VERIFIED_PRIMARY_GAZETTE,CORRECTION
V5-0255,msihc_t1_thresholds,S3P1-099,check_result,DISAGREE,AGREE: original gazette and central consolidated text both 100 kg (CAS 81-81-2),"v5: central consolidated text prints 100 kg, agreeing with original gazette",SRC-154;SRC-167,SRC-154 Sch 3 Part I s.no.99; SRC-167 p.748-751 s.no.99 'Warfarin 100 kg 81-81-2',T1,1989-11-27,1989-11-27,HIGH,VERIFIED_PRIMARY_GAZETTE,CORRECTION
V5-0256,msihc_t1_thresholds,S3P1-049,chemical_name,4-Fluorobutyric acid,4-Fluorocrotonic acid (gazette name; consolidated text prints 4-Fluorobutyric acid - CON-026),v5: threshold identical in gazette and T1 consolidated; name conflict recorded separately,SRC-154;SRC-167,"SRC-154 Sch 3 Part I s.no.49 '4-Fluorocrotonic acid' 1 kg; SRC-167 s.no.49 '4-Fluorobutyric acid' 1 kg, CAS 37759-72-1",T1,1989-11-27,1989-11-27,HIGH,VERIFIED_PRIMARY_GAZETTE,CORRECTION
V5-0257,msihc_t1_thresholds,S3P1-049,col3_status,REQUIRES_OFFICIAL_CONFIRMATION,VERIFIED_PRIMARY_GAZETTE,v5: threshold identical in gazette and T1 consolidated; name conflict recorded separately,SRC-154;SRC-167,"SRC-154 Sch 3 Part I s.no.49 '4-Fluorocrotonic acid' 1 kg; SRC-167 s.no.49 '4-Fluorobutyric acid' 1 kg, CAS 37759-72-1",T1,1989-11-27,1989-11-27,HIGH,VERIFIED_PRIMARY_GAZETTE,CORRECTION
V5-0258,msihc_t1_thresholds,S3P1-049,final_status,REQUIRES_OFFICIAL_CONFIRMATION,VERIFIED,v5: threshold identical in gazette and T1 consolidated; name conflict recorded separately,SRC-154;SRC-167,"SRC-154 Sch 3 Part I s.no.49 '4-Fluorocrotonic acid' 1 kg; SRC-167 s.no.49 '4-Fluorobutyric acid' 1 kg, CAS 37759-72-1",T1,1989-11-27,1989-11-27,HIGH,VERIFIED_PRIMARY_GAZETTE,CORRECTION
V5-0259,msihc_t1_thresholds,S3P1-049,source_id,SRC-154;SRC-155,SRC-154;SRC-167;SRC-155,v5: threshold identical in gazette and T1 consolidated; name conflict recorded separately,SRC-154;SRC-167,"SRC-154 Sch 3 Part I s.no.49 '4-Fluorocrotonic acid' 1 kg; SRC-167 s.no.49 '4-Fluorobutyric acid' 1 kg, CAS 37759-72-1",T1,1989-11-27,1989-11-27,HIGH,VERIFIED_PRIMARY_GAZETTE,CORRECTION
V5-0260,msihc_t1_thresholds,S3P1-049,exact_locator,Sch 3 Part I s.no.49 (Gazette 27-11-1989 pp.33-38; consolidated pp.755-760),"SRC-154 Sch 3 Part I s.no.49 '4-Fluorocrotonic acid' 1 kg; SRC-167 s.no.49 '4-Fluorobutyric acid' 1 kg, CAS 37759-72-1",v5: threshold identical in gazette and T1 consolidated; name conflict recorded separately,SRC-154;SRC-167,"SRC-154 Sch 3 Part I s.no.49 '4-Fluorocrotonic acid' 1 kg; SRC-167 s.no.49 '4-Fluorobutyric acid' 1 kg, CAS 37759-72-1",T1,1989-11-27,1989-11-27,HIGH,VERIFIED_PRIMARY_GAZETTE,CORRECTION
V5-0261,msihc_t1_thresholds,S3P1-049,check_result,DISAGREE,Value AGREE (1 kg in both); NAME differs (CON-026) - gazette name and CAS used for matching,v5: threshold identical in gazette and T1 consolidated; name conflict recorded separately,SRC-154;SRC-167,"SRC-154 Sch 3 Part I s.no.49 '4-Fluorocrotonic acid' 1 kg; SRC-167 s.no.49 '4-Fluorobutyric acid' 1 kg, CAS 37759-72-1",T1,1989-11-27,1989-11-27,HIGH,VERIFIED_PRIMARY_GAZETTE,CORRECTION
V5-0262,msihc_t1_thresholds,S3P1-049,notes,Chemical name differs between original gazette ('4-Fluorocrotonic acid') and consolidated text ('4-Fluorobutyric acid') at this serial,Match by CAS 37759-72-1 and gazette name '4-Fluorocrotonic acid'; consolidated name '4-Fluorobutyric acid' not used for matching (CON-026),v5: threshold identical in gazette and T1 consolidated; name conflict recorded separately,SRC-154;SRC-167,"SRC-154 Sch 3 Part I s.no.49 '4-Fluorocrotonic acid' 1 kg; SRC-167 s.no.49 '4-Fluorobutyric acid' 1 kg, CAS 37759-72-1",T1,1989-11-27,1989-11-27,HIGH,VERIFIED_PRIMARY_GAZETTE,CORRECTION
V5-0263,msihc_t1_thresholds,S3P1-111,notes,Original gazette prints 50 t; consolidated text prints 5 t; no amendment footnote - conflict CON-023,SRC-167 also prints 5 t with no amendment footnote; original gazette 50 t; no amending instrument in the chain (SRC-168) touches it -> kept blocked (CON-023),v5 re-check,SRC-154;SRC-167;SRC-168,Sch 3 Part I s.no.111,T1;T2,1989-11-27,1989-11-27,HIGH,REQUIRES_OFFICIAL_CONFIRMATION,CORRECTION
V5-0264,msihc_t1_thresholds,S1-TOX,notes,,"SRC-167 p.740 prints Extremely toxic oral '>5', highly toxic inhalation '<0.5-2.0' - signs internally contradictory; official text ambiguous -> kept blocked, not repaired",v5 re-check,SRC-167,Sch 1 Part I (a) table,T1,2000-01-20,2000-01-20,HIGH,REQUIRES_OFFICIAL_CONFIRMATION,CORRECTION
V5-0265,conflicts,CON-026,(record),(did not exist in v4),ADDED,v5 MSIHC conflict record,SRC-154;SRC-167,Sch 3 Part I,T1,1989-11-27,1989-11-27,HIGH,VERIFIED_CONDITIONAL,ADDITION
V5-0266,conflicts,CON-027,(record),(did not exist in v4),ADDED,v5 MSIHC conflict record,SRC-154;SRC-167,Sch 3 Part I,T1,1989-11-27,1989-11-27,HIGH,VERIFIED,ADDITION
V5-0267,conflicts,CON-023,resolution,Hold; engine returns UNKNOWN for this entry,Hold; engine returns UNKNOWN for this entry. v5: SRC-167 repeats 5 t without footnote; amendment chain (SRC-168) has no instrument explaining it,v5 re-check,SRC-167;SRC-168,s.no.111,T1;T2,1989-11-27,1989-11-27,HIGH,REQUIRES_OFFICIAL_CONFIRMATION,CORRECTION
V5-0268,msihc_amendment_chain,(table),(table),(did not exist in v4),ADDED 6 rows,Target 3: MSIHC amendment chronology,SRC-167;SRC-168,p.734; affidavit,T1;T2,2024-09-16,-,HIGH,see final_status column,NEW_TABLE
V5-0269,msihc_value_chronology,(table),(table),(did not exist in v4),ADDED 221 rows,Target 2/3: substance -> threshold -> amendment -> effective date,SRC-167;SRC-154;SRC-156,Schedules 1-3,T1,-,-,HIGH,see final_status column,NEW_TABLE
V5-0270,rules,R-091,notes,Per-chemical thresholds: use msihc_t1_thresholds cells whose col3_status/col4_status start with VERIFIED; any REQUIRES_OFFICIAL_CONFIRMATION cell -> result UNKNOWN for that chemical; col 4 NOT_PRINTED -> rules 10-12/13-15 via that entry UNKNOWN (never FALSE),"Per-chemical thresholds from msihc_t1_thresholds / msihc_value_chronology; only cells with status VERIFIED / VERIFIED_PRIMARY_GAZETTE / VERIFIED_T1_CONSOLIDATED are used; blocked cells (S1-TOX, S2-18 col 4, S3P1-111) -> UNKNOWN for that chemical (never FALSE)",v5 MSIHC audit,SRC-167;SRC-154,Schedules 1-3,T1,-,-,HIGH,IMPLEMENT,CORRECTION
V5-0271,rules,R-020,notes,Col 4 per msihc_t1_thresholds; NOT_PRINTED or unconfirmed col 4 -> UNKNOWN (never FALSE),Col 4 per msihc_t1_thresholds (v5: 1994 col-4 values VERIFIED_T1_CONSOLIDATED); S2-18 col 4 and NOT_PRINTED col 4 -> UNKNOWN (never FALSE),v5 MSIHC audit,SRC-167,Sch 2/3 col 4,T1,1994-10-03,1994-10-03,HIGH,IMPLEMENT,CORRECTION
V5-0272,sector_specific_certificates,(table),(table),(did not exist in v4),ADDED 5 rows,Target 4: general fire approval vs sector-specific certificate,SRC-117;SRC-169;SRC-174,r.142/148; r.51/55; r.51/55,T1,-,-,HIGH,see final_status column,NEW_TABLE
V5-0273,fire_renewal_model,FR-03,logic,Engine returns UNKNOWN for F-FIR-20 when the unit holds a Petroleum Rules / Gas Cylinders Rules licence; no rule/sub-rule text requiring annual fire renewal was located,"v5: primary texts of Petroleum Rules 2002 (r.142, r.148), GCR 2016 (r.51, r.55) and SMPV 2016 (r.51, r.55) read - they set PESO licence validity/renewal only; no provision requiring renewal of an MFS fire approval located. F-FIR-20 := UNKNOWN unless a specific rule is cited.",v5 primary-text check,SRC-117;SRC-169;SRC-174;SRC-148,PR r.142/148; GCR r.51/55; SMPV r.51/55,T1;T2,-,-,HIGH,REQUIRES_CONFIRMATION,CORRECTION
V5-0274,conflicts,CON-024,value_B,No rule requiring annual fire-approval renewal located in text read,"Petroleum Rules 2002 r.142/148, GCR 2016 r.51/55, SMPV 2016 r.51/55 (T1): PESO licence validity 3/10/5 years; no rule requiring annual MFS fire renewal located",v5 primary texts,SRC-117;SRC-169;SRC-174,as stated,T1,2016-12-01,-,HIGH,REQUIRES_OFFICIAL_CONFIRMATION,CORRECTION
V5-0275,rules,R-100,(record),(did not exist in v4),ADDED,v5 new rule from primary text,SRC-117,r.142(2); r.148(1)-(2),T1,2002-03-18,2002-03-18,HIGH,VERIFIED_CONDITIONAL,ADDITION
V5-0276,rules,R-101,(record),(did not exist in v4),ADDED,v5 new rule from primary text,SRC-169,r.51(2); r.55(2),T1,2016-11-22,2016-11-22,HIGH,VERIFIED_CONDITIONAL,ADDITION
V5-0277,rules,R-102,(record),(did not exist in v4),ADDED,v5 new rule from primary text,SRC-174,r.51(1); r.55(2),T1,2016-12-01,2016-12-01,HIGH,VERIFIED_CONDITIONAL,ADDITION
V5-0278,rules,R-103,(record),(did not exist in v4),ADDED,v5 new rule from primary text,SRC-174;SRC-177,r.47(1); G.S.R. 448(E) rule 4,T1,2016-12-01,2016-12-01,HIGH,VERIFIED,ADDITION
V5-0279,rules,R-104,(record),(did not exist in v4),ADDED,v5 new rule from primary text,SRC-169;SRC-173,"r.48(1),(2),(3); G.S.R. 315(E) r.48(3)(b)",T1,2016-11-22,2016-11-22,HIGH,VERIFIED_CONDITIONAL,ADDITION
V5-0280,rules,R-033,source_id,SRC-093;SRC-019;SRC-018,SRC-169;SRC-173,v5 Target 9: primary GCR text,SRC-169,r.44,T1,2016-11-22,2016-11-22,HIGH,IMPLEMENT (LPG UNKNOWN),CORRECTION
V5-0281,rules,R-033,source_locator,Rule 44,"GCR 2016 r.44(a),(b)(i)-(iv) (Gazette G.S.R.1081(E)); r.44(c) LPG clause",v5 Target 9: primary GCR text,SRC-169,r.44,T1,2016-11-22,2016-11-22,HIGH,IMPLEMENT (LPG UNKNOWN),CORRECTION
V5-0282,rules,R-033,condition,"GCR_EXEMPT := own use AND not for sale AND for every gas group: flammable non-toxic cylinders <=25 AND gas <=200 kg (whichever less); non-flammable non-toxic cylinders <=200; toxic cylinders <=5; dissolved acetylene cylinders <=25 (r.44(b)); LPG <=100 kg per r.44(c) (clause wording ambiguous - see notes); gas group (toxic/flammable) is an input fact, never inferred",GCR_EXEMPT := own use AND not for sale/trading AND per gas group at a time: flammable non-toxic cylinders <=25 OR gas <=200 kg whichever less; non-flammable non-toxic cylinders <=200; toxic cylinders <=5; dissolved acetylene cylinders <=25 (r.44(b)(i)-(iv)); LPG -> UNKNOWN (r.44(c) wording ambiguous); group UNKNOWN -> INSUFFICIENT_DATA,v5 Target 9: primary GCR text,SRC-169,r.44,T1,2016-11-22,2016-11-22,HIGH,IMPLEMENT (LPG UNKNOWN),CORRECTION
V5-0283,rules,R-033,threshold,100,25 cyl / 200 kg; 200 cyl; 5 cyl; 25 cyl,v5 Target 9: primary GCR text,SRC-169,r.44,T1,2016-11-22,2016-11-22,HIGH,IMPLEMENT (LPG UNKNOWN),CORRECTION
V5-0284,rules,R-033,notes,"Text from T5-hosted copies; the Tier-1 PESO PDF was not retrieved, so status is REQUIRES_OFFICIAL_CONFIRMATION before deterministic use. Does not aggregate across gas groups (the rule does not say it does).","v5: official Gazette text read. Amendments 386(E) 2025, 839(E) 2025, 315(E) 2026 read - none amend r.44. 2018/2019/2022/225(E)/501(E) amendments not read -> VERIFIED_CONDITIONAL. No aggregation across gas groups (rule does not say so). Manifold LPG installations per IS 6044 Part-1 not obligatory to licence.",v5 Target 9: primary GCR text,SRC-169,r.44,T1,2016-11-22,2016-11-22,HIGH,IMPLEMENT (LPG UNKNOWN),CORRECTION
V5-0285,rules,R-033,final_status,DO_NOT_IMPLEMENT_YET,VERIFIED_CONDITIONAL,v5 Target 9: primary GCR text,SRC-169,r.44,T1,2016-11-22,2016-11-22,HIGH,IMPLEMENT (LPG UNKNOWN),CORRECTION
V5-0286,rules,R-034,source_id,SRC-094;SRC-020,SRC-174;SRC-177,v5 Target 9: primary SMPV text,SRC-174,"r.2, r.3",T1,2016-12-01,2016-12-01,HIGH,REQUIRES_CONFIRMATION,CORRECTION
V5-0287,rules,R-034,source_locator,SOP definition,SMPV(U) 2016 r.2(ix) compressed gas; r.2(xxxvii) pressure vessel (>1000 L water capacity + exclusion list); r.3 processing-plant exemption,v5 Target 9: primary SMPV text,SRC-174,"r.2, r.3",T1,2016-12-01,2016-12-01,HIGH,REQUIRES_CONFIRMATION,CORRECTION
V5-0288,rules,R-034,notes,Cryogenic <=1000 L also included per SOP,"v5: official Gazette text read (definitions). 2018/2019/2021/2025 (374(E), 422(E)) amendments not read; 2026 amendment (448(E)) read - does not alter definitions. Kept REQUIRES_OFFICIAL_CONFIRMATION until unread amendments checked.",v5 Target 9: primary SMPV text,SRC-174,"r.2, r.3",T1,2016-12-01,2016-12-01,HIGH,REQUIRES_CONFIRMATION,CORRECTION
V5-0289,peso_gating,Gas Cylinders Rules 2016 r.44 exemptions,primary_text_captured,NO (T5 copies only; 2026 draft amendment exists),YES (Gazette G.S.R.1081(E) via India Code; amendments 386(E)/839(E)/315(E) read),v5 Target 9,SRC-169;SRC-174;SRC-177,-,T1,-,-,HIGH,SEE gate,CORRECTION
V5-0290,peso_gating,Gas Cylinders Rules 2016 r.44 exemptions,gate,DO_NOT_IMPLEMENT_YET,VERIFIED_CONDITIONAL,v5 Target 9,SRC-169;SRC-174;SRC-177,-,T1,-,-,HIGH,SEE gate,CORRECTION
V5-0291,peso_gating,Gas Cylinders Rules 2016 r.44 exemptions,source_ids,SRC-093;SRC-118,SRC-169;SRC-170;SRC-171;SRC-173,v5 Target 9,SRC-169;SRC-174;SRC-177,-,T1,-,-,HIGH,SEE gate,CORRECTION
V5-0292,peso_gating,Gas Cylinders Rules 2016 r.44 exemptions,reason,Official GCR text not captured,"Primary text; some amendments (2018, 2019, 2022, 225(E), 501(E)) not read; LPG clause UNKNOWN",v5 Target 9,SRC-169;SRC-174;SRC-177,-,T1,-,-,HIGH,SEE gate,CORRECTION
V5-0293,peso_gating,SMPV(U) Rules 2016 definitions / processing-plant exclusion / r.47 NOC,primary_text_captured,NO (T5 copies; T3 SOP consistent),YES (PESO bilingual Gazette G.S.R.1109(E); 2026 amendment G.S.R.448(E) read),v5 Target 9,SRC-169;SRC-174;SRC-177,-,T1,-,-,HIGH,SEE gate,CORRECTION
V5-0294,peso_gating,SMPV(U) Rules 2016 definitions / processing-plant exclusion / r.47 NOC,source_ids,SRC-094;SRC-020,SRC-174;SRC-177,v5 Target 9,SRC-169;SRC-174;SRC-177,-,T1,-,-,HIGH,SEE gate,CORRECTION
V5-0295,peso_gating,SMPV(U) Rules 2016 definitions / processing-plant exclusion / r.47 NOC,reason,Official rule text not verified,Definitions primary but unread amendments -> R-034 ROC; r.47 NOC omitted w.e.f. 05-06-2026 (R-103 VERIFIED temporal rule),v5 Target 9,SRC-169;SRC-174;SRC-177,-,T1,-,-,HIGH,SEE gate,CORRECTION
V5-0296,peso_thresholds,(table),(table),(did not exist in v4),ADDED 14 rows,Target 9: PESO thresholds from primary text,SRC-169;SRC-174;SRC-117;SRC-177,as per rule_no,T1,-,-,HIGH,see final_status column,NEW_TABLE
V5-0297,mfs_industrial_order,MFS-OO-G-1-1,engine_note,Band thresholds VERIFIED_CONDITIONAL; per-column installation cells REQUIRES_OFFICIAL_CONFIRMATION (text-layer column alignment ambiguous),"Band thresholds VERIFIED_CONDITIONAL; per-column cells now in mfs_annexA_cells (visual read of the vector PDF pages 4-6, v5)",v5 Target 5: page images are clean vector renders; cells read column by column,SRC-149,Annexure A cols 3-15,T2,2014-09-10,2014-09-10,HIGH,VERIFIED_CONDITIONAL,CORRECTION
V5-0298,mfs_industrial_order,MFS-OO-G-1-2,engine_note,Band thresholds VERIFIED_CONDITIONAL; per-column installation cells REQUIRES_OFFICIAL_CONFIRMATION (text-layer column alignment ambiguous),"Band thresholds VERIFIED_CONDITIONAL; per-column cells now in mfs_annexA_cells (visual read of the vector PDF pages 4-6, v5)",v5 Target 5: page images are clean vector renders; cells read column by column,SRC-149,Annexure A cols 3-15,T2,2014-09-10,2014-09-10,HIGH,VERIFIED_CONDITIONAL,CORRECTION
V5-0299,mfs_industrial_order,MFS-OO-G-1-3,engine_note,Band thresholds VERIFIED_CONDITIONAL; per-column installation cells REQUIRES_OFFICIAL_CONFIRMATION (text-layer column alignment ambiguous),"Band thresholds VERIFIED_CONDITIONAL; per-column cells now in mfs_annexA_cells (visual read of the vector PDF pages 4-6, v5)",v5 Target 5: page images are clean vector renders; cells read column by column,SRC-149,Annexure A cols 3-15,T2,2014-09-10,2014-09-10,HIGH,VERIFIED_CONDITIONAL,CORRECTION
V5-0300,mfs_industrial_order,MFS-OO-G-1-4,engine_note,Band thresholds VERIFIED_CONDITIONAL; per-column installation cells REQUIRES_OFFICIAL_CONFIRMATION (text-layer column alignment ambiguous),"Band thresholds VERIFIED_CONDITIONAL; per-column cells now in mfs_annexA_cells (visual read of the vector PDF pages 4-6, v5)",v5 Target 5: page images are clean vector renders; cells read column by column,SRC-149,Annexure A cols 3-15,T2,2014-09-10,2014-09-10,HIGH,VERIFIED_CONDITIONAL,CORRECTION
V5-0301,mfs_industrial_order,MFS-OO-G-1-5,engine_note,Band thresholds VERIFIED_CONDITIONAL; per-column installation cells REQUIRES_OFFICIAL_CONFIRMATION (text-layer column alignment ambiguous),"Band thresholds VERIFIED_CONDITIONAL; per-column cells now in mfs_annexA_cells (visual read of the vector PDF pages 4-6, v5)",v5 Target 5: page images are clean vector renders; cells read column by column,SRC-149,Annexure A cols 3-15,T2,2014-09-10,2014-09-10,HIGH,VERIFIED_CONDITIONAL,CORRECTION
V5-0302,mfs_industrial_order,MFS-OO-G-1-6,engine_note,Band thresholds VERIFIED_CONDITIONAL; per-column installation cells REQUIRES_OFFICIAL_CONFIRMATION (text-layer column alignment ambiguous),"Band thresholds VERIFIED_CONDITIONAL; per-column cells now in mfs_annexA_cells (visual read of the vector PDF pages 4-6, v5)",v5 Target 5: page images are clean vector renders; cells read column by column,SRC-149,Annexure A cols 3-15,T2,2014-09-10,2014-09-10,HIGH,VERIFIED_CONDITIONAL,CORRECTION
V5-0303,mfs_industrial_order,MFS-OO-G-2-1,engine_note,Band thresholds VERIFIED_CONDITIONAL; per-column installation cells REQUIRES_OFFICIAL_CONFIRMATION (text-layer column alignment ambiguous),"Band thresholds VERIFIED_CONDITIONAL; per-column cells now in mfs_annexA_cells (visual read of the vector PDF pages 4-6, v5)",v5 Target 5: page images are clean vector renders; cells read column by column,SRC-149,Annexure A cols 3-15,T2,2014-09-10,2014-09-10,HIGH,VERIFIED_CONDITIONAL,CORRECTION
V5-0304,mfs_industrial_order,MFS-OO-G-2-2,engine_note,Band thresholds VERIFIED_CONDITIONAL; per-column installation cells REQUIRES_OFFICIAL_CONFIRMATION (text-layer column alignment ambiguous),"Band thresholds VERIFIED_CONDITIONAL; per-column cells now in mfs_annexA_cells (visual read of the vector PDF pages 4-6, v5)",v5 Target 5: page images are clean vector renders; cells read column by column,SRC-149,Annexure A cols 3-15,T2,2014-09-10,2014-09-10,HIGH,VERIFIED_CONDITIONAL,CORRECTION
V5-0305,mfs_industrial_order,MFS-OO-G-2-3,engine_note,Band thresholds VERIFIED_CONDITIONAL; per-column installation cells REQUIRES_OFFICIAL_CONFIRMATION (text-layer column alignment ambiguous),"Band thresholds VERIFIED_CONDITIONAL; per-column cells now in mfs_annexA_cells (visual read of the vector PDF pages 4-6, v5)",v5 Target 5: page images are clean vector renders; cells read column by column,SRC-149,Annexure A cols 3-15,T2,2014-09-10,2014-09-10,HIGH,VERIFIED_CONDITIONAL,CORRECTION
V5-0306,mfs_industrial_order,MFS-OO-G-2-4,engine_note,Band thresholds VERIFIED_CONDITIONAL; per-column installation cells REQUIRES_OFFICIAL_CONFIRMATION (text-layer column alignment ambiguous),"Band thresholds VERIFIED_CONDITIONAL; per-column cells now in mfs_annexA_cells (visual read of the vector PDF pages 4-6, v5)",v5 Target 5: page images are clean vector renders; cells read column by column,SRC-149,Annexure A cols 3-15,T2,2014-09-10,2014-09-10,HIGH,VERIFIED_CONDITIONAL,CORRECTION
V5-0307,mfs_industrial_order,MFS-OO-G-2-5,engine_note,Band thresholds VERIFIED_CONDITIONAL; per-column installation cells REQUIRES_OFFICIAL_CONFIRMATION (text-layer column alignment ambiguous),"Band thresholds VERIFIED_CONDITIONAL; per-column cells now in mfs_annexA_cells (visual read of the vector PDF pages 4-6, v5)",v5 Target 5: page images are clean vector renders; cells read column by column,SRC-149,Annexure A cols 3-15,T2,2014-09-10,2014-09-10,HIGH,VERIFIED_CONDITIONAL,CORRECTION
V5-0308,mfs_industrial_order,MFS-OO-G-3-1,engine_note,Band thresholds VERIFIED_CONDITIONAL; per-column installation cells REQUIRES_OFFICIAL_CONFIRMATION (text-layer column alignment ambiguous),"Band thresholds VERIFIED_CONDITIONAL; per-column cells now in mfs_annexA_cells (visual read of the vector PDF pages 4-6, v5)",v5 Target 5: page images are clean vector renders; cells read column by column,SRC-149,Annexure A cols 3-15,T2,2014-09-10,2014-09-10,HIGH,VERIFIED_CONDITIONAL,CORRECTION
V5-0309,mfs_industrial_order,MFS-OO-G-3-2,engine_note,Band thresholds VERIFIED_CONDITIONAL; per-column installation cells REQUIRES_OFFICIAL_CONFIRMATION (text-layer column alignment ambiguous),"Band thresholds VERIFIED_CONDITIONAL; per-column cells now in mfs_annexA_cells (visual read of the vector PDF pages 4-6, v5)",v5 Target 5: page images are clean vector renders; cells read column by column,SRC-149,Annexure A cols 3-15,T2,2014-09-10,2014-09-10,HIGH,VERIFIED_CONDITIONAL,CORRECTION
V5-0310,mfs_industrial_order,MFS-OO-G-3-3,engine_note,Band thresholds VERIFIED_CONDITIONAL; per-column installation cells REQUIRES_OFFICIAL_CONFIRMATION (text-layer column alignment ambiguous),"Band thresholds VERIFIED_CONDITIONAL; per-column cells now in mfs_annexA_cells (visual read of the vector PDF pages 4-6, v5)",v5 Target 5: page images are clean vector renders; cells read column by column,SRC-149,Annexure A cols 3-15,T2,2014-09-10,2014-09-10,HIGH,VERIFIED_CONDITIONAL,CORRECTION
V5-0311,mfs_industrial_order,MFS-OO-G-3-4,engine_note,Band thresholds VERIFIED_CONDITIONAL; per-column installation cells REQUIRES_OFFICIAL_CONFIRMATION (text-layer column alignment ambiguous),"Band thresholds VERIFIED_CONDITIONAL; per-column cells now in mfs_annexA_cells (visual read of the vector PDF pages 4-6, v5)",v5 Target 5: page images are clean vector renders; cells read column by column,SRC-149,Annexure A cols 3-15,T2,2014-09-10,2014-09-10,HIGH,VERIFIED_CONDITIONAL,CORRECTION
V5-0312,mfs_annexA_cells,(table),(table),(did not exist in v4),ADDED 15 rows,"Target 5: MFS OO 10-09-2014 Annexure A per-column cells (R=required, NR=not required; bracket = additional quantity per the cited note)",SRC-149,"Annexure A (PDF pp.4-6), notes 1-12 (p.7)",T2,2014-09-10,2014-09-10,HIGH,see final_status column,NEW_TABLE
V5-0313,mfs_industrial_order,MFS-OO-NOTE-12,(record),(did not exist in v4),ADDED,v5: note governing column interpretation,SRC-149,note 12,T2,2014-09-10,2014-09-10,HIGH,VERIFIED_CONDITIONAL,ADDITION
V5-0314,epr_regimes,EPR-BAT,current_instrument,"Battery Waste Management Rules 2022 (+ Amendment Rules 2025, S.O. 958(E) 24-02-2025 - NOT READ)",Battery Waste Management Rules 2022 as amended by S.O. 958(E) 24-02-2025 (read: marking amendments only),v5: amendment read,SRC-181,rules 1-2,T1,2025-02-24,2025-02-24,HIGH,VERIFIED_CONDITIONAL,CORRECTION
V5-0315,epr_regimes,EPR-BAT,source_ids,SRC-161,SRC-161;SRC-181,v5,SRC-181,-,T1,2025-02-24,2025-02-24,HIGH,VERIFIED_CONDITIONAL,CORRECTION
V5-0316,epr_regimes,EPR-TYRE,current_instrument,HOWM Rules 2016 Schedule IX (2022) - text not read in v4,HOWM Rules 2016 Schedule IX as inserted by G.S.R. 593(E) 21-07-2022,v5: Sch IX gazette text read,SRC-182,Sch IX,T1,2022-07-21,2022-07-21,HIGH,VERIFIED_CONDITIONAL,CORRECTION
V5-0317,epr_regimes,EPR-TYRE,applicability_trigger,Producer/importer of new tyres (per v3 lead),"Producer (6 limbs incl. importer of vehicles fitted with new tyres and importer of waste tyre), recycler of waste tyre, retreader",v5: Sch IX gazette text read,SRC-182,Sch IX,T1,2022-07-21,2022-07-21,HIGH,VERIFIED_CONDITIONAL,CORRECTION
V5-0318,epr_regimes,EPR-TYRE,obligated_entity,Producer / importer - UNKNOWN (not verified in v4),Producer; recycler; retreader (Sch IX para 2),v5: Sch IX gazette text read,SRC-182,Sch IX,T1,2022-07-21,2022-07-21,HIGH,VERIFIED_CONDITIONAL,CORRECTION
V5-0319,epr_regimes,EPR-TYRE,producer_role,UNKNOWN (not verified in v4),Obligated: manufactures & sells new tyre domestically; own-brand seller; seller of imported new tyre; importer of vehicles fitted with new tyres; automobile maker importing new tyres; importer of waste tyre (para 1(e)),v5: Sch IX gazette text read,SRC-182,Sch IX,T1,2022-07-21,2022-07-21,HIGH,VERIFIED_CONDITIONAL,CORRECTION
V5-0320,epr_regimes,EPR-TYRE,importer_role,UNKNOWN (not verified in v4),Obligated if importer of new tyres / vehicles with new tyres / waste tyre,v5: Sch IX gazette text read,SRC-182,Sch IX,T1,2022-07-21,2022-07-21,HIGH,VERIFIED_CONDITIONAL,CORRECTION
V5-0321,epr_regimes,EPR-TYRE,bulk_consumer_role,UNKNOWN (not verified in v4),Not a role under Sch IX,v5: Sch IX gazette text read,SRC-182,Sch IX,T1,2022-07-21,2022-07-21,HIGH,VERIFIED_CONDITIONAL,CORRECTION
V5-0322,epr_regimes,EPR-TYRE,manufacturer_role,UNKNOWN (not verified in v4),Obligated only as producer limb (i),v5: Sch IX gazette text read,SRC-182,Sch IX,T1,2022-07-21,2022-07-21,HIGH,VERIFIED_CONDITIONAL,CORRECTION
V5-0323,epr_regimes,EPR-TYRE,registration_requirement,Registration on CPCB tyre EPR portal - UNKNOWN (not verified in v4),Registration on CPCB portal; no business without registration; separate registration per category (para 3),v5: Sch IX gazette text read,SRC-182,Sch IX,T1,2022-07-21,2022-07-21,HIGH,VERIFIED_CONDITIONAL,CORRECTION
V5-0324,epr_regimes,EPR-TYRE,portal,https://eprtyres.cpcb.gov.in/,CPCB portal under para 9 (https://eprtyres.cpcb.gov.in/),v5: Sch IX gazette text read,SRC-182,Sch IX,T1,2022-07-21,2022-07-21,HIGH,VERIFIED_CONDITIONAL,CORRECTION
V5-0325,epr_regimes,EPR-TYRE,effective_date,2022 (UNKNOWN exact),2022-07-21,v5: Sch IX gazette text read,SRC-182,Sch IX,T1,2022-07-21,2022-07-21,HIGH,VERIFIED_CONDITIONAL,CORRECTION
V5-0326,epr_regimes,EPR-TYRE,source_ids,SRC-163,SRC-182;SRC-163,v5: Sch IX gazette text read,SRC-182,Sch IX,T1,2022-07-21,2022-07-21,HIGH,VERIFIED_CONDITIONAL,CORRECTION
V5-0327,epr_regimes,EPR-TYRE,exact_locator,-,"Sch IX paras 1(e), 2, 3, 9",v5: Sch IX gazette text read,SRC-182,Sch IX,T1,2022-07-21,2022-07-21,HIGH,VERIFIED_CONDITIONAL,CORRECTION
V5-0328,epr_regimes,EPR-TYRE,chemical_unit_result,DOES_NOT_APPLY unless tyre producer/importer - role input required,DOES_NOT_APPLY unless a Sch IX role is held; role UNKNOWN -> INSUFFICIENT_DATA,v5: Sch IX gazette text read,SRC-182,Sch IX,T1,2022-07-21,2022-07-21,HIGH,VERIFIED_CONDITIONAL,CORRECTION
V5-0329,epr_regimes,EPR-TYRE,final_status,REQUIRES_OFFICIAL_CONFIRMATION,VERIFIED_CONDITIONAL,v5: Sch IX gazette text read,SRC-182,Sch IX,T1,2022-07-21,2022-07-21,HIGH,VERIFIED_CONDITIONAL,CORRECTION
V5-0330,epr_regimes,EPR-OIL,current_instrument,HOWM Rules 2016 as amended (EPR for used oil per 2023 amendment; gazette not read in v4),"HOWM Rules 2016 as amended by HOWM (Second Amendment) Rules 2023, G.S.R. 677(E) 18-09-2023 (per CPCB portal; gazette not read)",v5: instrument identified from CPCB portal (T3) - gazette text still unread,SRC-184,home page,T3,2023-09-18,2024-04-01,MEDIUM,REQUIRES_CONFIRMATION,CORRECTION
V5-0331,epr_regimes,EPR-OIL,effective_date,2024-04-01 (as stated in v3 lead; amendment gazette not read),"2024-04-01 (per CPCB portal, T3)",v5: instrument identified from CPCB portal (T3) - gazette text still unread,SRC-184,home page,T3,2023-09-18,2024-04-01,MEDIUM,REQUIRES_CONFIRMATION,CORRECTION
V5-0332,epr_regimes,EPR-OIL,source_ids,SRC-162,SRC-162;SRC-184,v5: instrument identified from CPCB portal (T3) - gazette text still unread,SRC-184,home page,T3,2023-09-18,2024-04-01,MEDIUM,REQUIRES_CONFIRMATION,CORRECTION
V5-0333,epr_regimes,EPR-OTHER,regime,Other producer/importer duties (non-ferrous scrap EPR under HOWM; non-plastic packaging),Other producer duties - non-plastic packaging (non-ferrous now EPR-NFM),v5: non-ferrous scrap split into EPR-NFM,SRC-122,-,T3,-,-,HIGH,UNKNOWN,CORRECTION
V5-0334,epr_regimes,EPR-OTHER,current_instrument,Not read in v4,Not identified,v5: non-ferrous scrap split into EPR-NFM,SRC-122,-,T3,-,-,HIGH,UNKNOWN,CORRECTION
V5-0335,epr_regimes,EPR-OTHER,source_ids,SRC-162,SRC-122,v5: non-ferrous scrap split into EPR-NFM,SRC-122,-,T3,-,-,HIGH,UNKNOWN,CORRECTION
V5-0336,epr_regimes,EPR-NFM,(record),(did not exist in v4),ADDED,v5: gazette text read,SRC-183,"r.2, r.45, r.52",T1,2025-07-01,2026-04-01,HIGH,VERIFIED_CONDITIONAL,ADDITION
V5-0337,epr_role_screening,(table),(table),(did not exist in v4),ADDED 13 rows,Target 6: role-driven EPR screening layer,SRC-159;SRC-181;SRC-182;SRC-183;SRC-184,see rows,T1;T3,-,-,HIGH,see final_status column,NEW_TABLE
V5-0338,facts,F-PLN-02,(record),(did not exist in v4),ADDED,v5 Target 7: planning inputs,SRC-124,UDCPR Reg.1.4(iii),T2,-,-,HIGH,INPUT,ADDITION
V5-0339,facts,F-PLN-03,(record),(did not exist in v4),ADDED,v5 Target 7: planning inputs,SRC-124,UDCPR Reg.1.4(iii),T2,-,-,HIGH,INPUT,ADDITION
V5-0340,facts,F-PLN-04,(record),(did not exist in v4),ADDED,v5 Target 7: planning inputs,SRC-124,UDCPR Reg.1.4(iii),T2,-,-,HIGH,INPUT,ADDITION
V5-0341,rules,R-105,(record),(did not exist in v4),ADDED,v5 Target 7,SRC-123;SRC-124,as locator,T1;T2,-,-,HIGH,VERIFIED_CONDITIONAL,ADDITION
V5-0342,planning_steps,PS-02,timeline,UNKNOWN (zone tables not extracted),"AUTHORITY_SITE_DEPENDENT (R-105); inputs planning_authority, zone, proposed_use, existing_use",v5 Target 7 modelling,SRC-124,UDCPR 1.4(iii),T2,-,-,HIGH,REQUIRES_CONFIRMATION,CORRECTION
V5-0343,planning_steps,PS-07,timeline,UNKNOWN,"AUTHORITY_SITE_DEPENDENT (R-105); inputs planning_authority, zone, proposed_use, existing_use",v5 Target 7 modelling,SRC-124,UDCPR 1.4(iii),T2,-,-,HIGH,REQUIRES_CONFIRMATION,CORRECTION
V5-0344,rules,R-097,source_id,SRC-132;SRC-131,SRC-166;SRC-131;SRC-132,v5 Target 8,SRC-166,MWRRA Prohibition Order 31-07-2015 paras 1-4; watershed list p.2; village annexure 24-04-2015,T1,2015-07-31,2015-07-31,HIGH,REQUIRES_CONFIRMATION,CORRECTION
V5-0345,rules,R-097,source_locator,s.2 (deep well); s.8,"MWRRA Prohibition Order 31-07-2015 paras 1-4; watershed list p.2; village annexure 24-04-2015; Act s.2 (deep well), s.8(1)",v5 Target 8,SRC-166,MWRRA Prohibition Order 31-07-2015 paras 1-4; watershed list p.2; village annexure 24-04-2015,T1,2015-07-31,2015-07-31,HIGH,REQUIRES_CONFIRMATION,CORRECTION
V5-0346,rules,R-097,condition,"MH_GW_DEEP_WELL := F-GW-02 >= 60 m AND purpose IN {agriculture,industry} -> within scope of s.8 prohibition/regulation powers ; actual restriction depends on MWRRA notification/notified area (F-GW-03) ; procedure REQUIRES_OFFICIAL_CONFIRMATION (Rules 2018 draft)","MH_GW_DEEP_WELL_PROHIBITION := IF F-GW-02 > 60 m AND purpose IN {agriculture, industry} AND F-GW-03 (village in MWRRA 2015 annexure of 80 watersheds) == TRUE THEN APPLIES (prohibited; drinking-water exception via Sub-Divisional Officer) ; F-GW-03 FALSE -> DOES_NOT_APPLY for this order only ; any input UNKNOWN -> INSUFFICIENT_DATA",v5 Target 8,SRC-166,MWRRA Prohibition Order 31-07-2015 paras 1-4; watershed list p.2; village annexure 24-04-2015,T1,2015-07-31,2015-07-31,HIGH,REQUIRES_CONFIRMATION,CORRECTION
V5-0347,rules,R-097,effective_from,2014-06-01,2015-07-31,v5 Target 8,SRC-166,MWRRA Prohibition Order 31-07-2015 paras 1-4; watershed list p.2; village annexure 24-04-2015,T1,2015-07-31,2015-07-31,HIGH,REQUIRES_CONFIRMATION,CORRECTION
V5-0348,rules,R-097,notes,,v5: primary order located (T1). Order is 'until further orders'; no revocation/modification located but currency after 2015 and the complete village list are not confirmed -> REQUIRES_OFFICIAL_CONFIRMATION. CGWA NOC layer (GW-01) is separate and cumulative. Rules 2018 remain draft (GW-03).,v5 Target 8,SRC-166,MWRRA Prohibition Order 31-07-2015 paras 1-4; watershed list p.2; village annexure 24-04-2015,T1,2015-07-31,2015-07-31,HIGH,REQUIRES_CONFIRMATION,CORRECTION
V5-0349,groundwater_regulator_matrix,GW-02,approval_or_noc,Regulation/prohibition powers under s.8 (industry/agriculture deep wells),Prohibition of new deep wells >60 m for agriculture/industry in 80 notified watersheds (order 31-07-2015); drinking-water permission by Sub-Divisional Officer,v5 Target 8,SRC-166,MWRRA Prohibition Order 31-07-2015 paras 1-4; watershed list p.2; village annexure 24-04-2015,T1,2015-07-31,2015-07-31,HIGH,REQUIRES_CONFIRMATION,CORRECTION
V5-0350,groundwater_regulator_matrix,GW-02,threshold,Deep well >=60 m,>60 m depth,v5 Target 8,SRC-166,MWRRA Prohibition Order 31-07-2015 paras 1-4; watershed list p.2; village annexure 24-04-2015,T1,2015-07-31,2015-07-31,HIGH,REQUIRES_CONFIRMATION,CORRECTION
V5-0351,groundwater_regulator_matrix,GW-02,exemption,UNKNOWN,Drinking water (s.8(1) proviso) - permission by Sub-Divisional Officer on GSDA District Senior Geologist advice,v5 Target 8,SRC-166,MWRRA Prohibition Order 31-07-2015 paras 1-4; watershed list p.2; village annexure 24-04-2015,T1,2015-07-31,2015-07-31,HIGH,REQUIRES_CONFIRMATION,CORRECTION
V5-0352,groundwater_regulator_matrix,GW-02,geographic_trigger,Notified / non-notified areas per MWRRA (F-GW-03),Villages of 80 over-exploited/critical watersheds in 13 districts (annexure 24-04-2015; partial machine parse in v5 working files - not encoded),v5 Target 8,SRC-166,MWRRA Prohibition Order 31-07-2015 paras 1-4; watershed list p.2; village annexure 24-04-2015,T1,2015-07-31,2015-07-31,HIGH,REQUIRES_CONFIRMATION,CORRECTION
V5-0353,groundwater_regulator_matrix,GW-02,source_ids,SRC-131;SRC-132,SRC-166;SRC-131;SRC-132,v5 Target 8,SRC-166,MWRRA Prohibition Order 31-07-2015 paras 1-4; watershed list p.2; village annexure 24-04-2015,T1,2015-07-31,2015-07-31,HIGH,REQUIRES_CONFIRMATION,CORRECTION
V5-0354,rules,R-074,notes,UNK-010,"UNK-010. v5 official-source check: SC Vanashakti 05-08-2025 (Note 1 of 8(a) quashed - R-007), MoEF circular 06-02-2007 (committee routing only), OM 11-12-2025 (SAF/4(a)) - none resolves 5(f)+8(a). Dec-2025 'same category' OM seen only in secondary posts - not used. KEEP UNKNOWN.",v5 Target 10,SRC-001;SRC-178;SRC-179;SRC-180,5(f); 8(a),T1;T2,2026-07-13,-,HIGH,UNKNOWN (hard block),CORRECTION
V5-0355,rules,R-007,source_id,SRC-001,SRC-001;SRC-179,v5: add Supreme Court judgment as primary source for Note 1 quashing,SRC-179,operative directions,T1,2025-08-05,2025-08-05,HIGH,IMPLEMENT,CORRECTION
V5-0356,labour_classification,MH OSH (Factories and Other Ports) Rules 2026 and MH OSH (Labour) Rules 2026 - status on 26-09-2026,(record),(did not exist in v4),ADDED,v5 Target 11 status check,SRC-185,rows 3-4,T3,2026-05-06,-,MEDIUM,DRAFT,ADDITION
V5-0357,dsb_workflow,DSB-04,finding,UNKNOWN - no primary text showing portal forms updated; portal/FAQ legacy citations retained as PORTAL_LEGACY,"UNKNOWN - DSB acts page now lists Boilers Act 2025, Boiler Attendants Rules 2025 and BOE Rules 2025 alongside IBR 1950 / MH Boiler Rules 1962 (SRC-141); Labour Dept DSB page still lists Boilers Act 1923 (SRC-186); online services page cites only MRTPS Act 2015 (SRC-187). No evidence that LMS forms implement the 2025 Act -> PORTAL_LEGACY / WORKFLOW_CONFIRMATION_REQUIRED. Portal is NOT concluded to be legally invalid.",v5 Target 12,SRC-141;SRC-186;SRC-187,pages,T3,-,-,MEDIUM,WORKFLOW_CONFIRMATION_REQUIRED,CORRECTION
V5-0358,dsb_workflow,DSB-04,source_ids,SRC-165;SRC-141,SRC-165;SRC-141;SRC-186;SRC-187,v5,SRC-186,-,T3,-,-,MEDIUM,UNKNOWN,CORRECTION
V5-0359,dsb_workflow,DSB-06,(record),(did not exist in v4),ADDED,v5 portal evidence,SRC-187,rows 1-22,T3,-,-,MEDIUM,PORTAL_SERVICE_EXISTS,ADDITION
V5-0360,conflicts,CON-028,(record),(did not exist in v4),ADDED,v5 Target 12,SRC-034;SRC-141;SRC-186,pages,T1;T3,-,-,HIGH,VERIFIED_CONDITIONAL,ADDITION
V5-0361,maitri_integration_claims,(table),(table),(did not exist in v4),ADDED 6 rows,Target 13: integration claims require evidence; UNKNOWN never NO_INTEGRATION,SRC-142,page,T3,-,-,HIGH,UNKNOWN unless evidenced,NEW_TABLE
V5-0362,rules,R-036,final_status,VERIFIED_CONDITIONAL,REQUIRES_OFFICIAL_CONFIRMATION,v5 CHECK 05: only MIDC portal pages (SRC-043/044) support this legal requirement; portal evidence establishes PORTAL_SERVICE_EXISTS only; MIDC DCR text not captured,SRC-043;SRC-044,portal pages,T3,-,-,HIGH,REQUIRES_CONFIRMATION,CORRECTION
V5-0363,rules,R-036,notes,,Portal evidence only (PORTAL_SERVICE_EXISTS). Legal basis cited as 'MIDC DCR' but the regulation text is not in the source register.,v5 CHECK 05,SRC-043;SRC-044,-,T3,-,-,HIGH,REQUIRES_CONFIRMATION,CORRECTION
V5-0364,rules,R-037,final_status,VERIFIED_CONDITIONAL,REQUIRES_OFFICIAL_CONFIRMATION,v5 CHECK 05: only MIDC portal pages (SRC-043/044) support this legal requirement; portal evidence establishes PORTAL_SERVICE_EXISTS only; MIDC DCR text not captured,SRC-043;SRC-044,portal pages,T3,-,-,HIGH,REQUIRES_CONFIRMATION,CORRECTION
V5-0365,rules,R-037,notes,,Portal evidence only (PORTAL_SERVICE_EXISTS). Legal basis cited as 'MIDC DCR' but the regulation text is not in the source register.,v5 CHECK 05,SRC-043;SRC-044,-,T3,-,-,HIGH,REQUIRES_CONFIRMATION,CORRECTION
V5-0366,sources,SRC-095,source_type,OFFICIAL_PORTAL,OFFICIAL_CONSOLIDATED_RULES,Department of Consumer Affairs compilation of the rules with amendments = official consolidated text (v5 Tier 2),SRC-095,-,T3 (official compilation),-,-,HIGH,RETYPED,CORRECTION
V5-0367,sources,SRC-095,tier,T3 (official compilation),T2,Department of Consumer Affairs compilation of the rules with amendments = official consolidated text (v5 Tier 2),SRC-095,-,T3 (official compilation),-,-,HIGH,RETYPED,CORRECTION
V5-0368,sources,SRC-098,source_type,OFFICIAL_PORTAL,OFFICIAL_GUIDANCE,NACWC (national authority) declaration guidance = official explanatory document (v5 Tier 2),SRC-098,-,T3,-,-,HIGH,RETYPED,CORRECTION
V5-0369,sources,SRC-098,tier,T3,T2,NACWC (national authority) declaration guidance = official explanatory document (v5 Tier 2),SRC-098,-,T3,-,-,HIGH,RETYPED,CORRECTION
V5-0370,sources,SRC-099,source_type,OFFICIAL_PORTAL,OFFICIAL_LIST,CBN list of controlled substances under the RCS Order 2013 = official explanatory list (v5 Tier 2),SRC-099,-,T3,-,-,HIGH,RETYPED,CORRECTION
V5-0371,sources,SRC-099,tier,T3,T2,CBN list of controlled substances under the RCS Order 2013 = official explanatory list (v5 Tier 2),SRC-099,-,T3,-,-,HIGH,RETYPED,CORRECTION
V5-0372,rules,R-074,final_status,VERIFIED_CONDITIONAL,UNKNOWN,v5 Target 10: no primary clarification located -> KEEP UNKNOWN (v4 carried VERIFIED_CONDITIONAL for a rule whose only output is UNKNOWN),SRC-001;SRC-178;SRC-179;SRC-180,5(f); 8(a),T1;T2,2026-07-13,-,HIGH,REQUIRES_CONFIRMATION (engine returns INSUFFICIENT_DATA),CORRECTION
V5-0373,engine_state_contract,(table),(table),(did not exist in v4),ADDED 7 rows,v5 fail-closed four-state contract (APPLIES / DOES_NOT_APPLY / CONDITIONAL / INSUFFICIENT_DATA),SRC-122,-,T3,-,-,HIGH,CONTRACT,NEW_TABLE
V5-0374,closure_matrix,UNK-001,v5_closure,,PARTIALLY_CLOSED,No new primary evidence in v5 - v4 closure carried forward,SRC-122,-,T3,-,-,HIGH,PARTIALLY_CLOSED,CORRECTION
V5-0375,closure_matrix,UNK-002,v5_closure,,STILL_OPEN,No new primary evidence in v5 - v4 closure carried forward,SRC-122,-,T3,-,-,HIGH,STILL_OPEN,CORRECTION
V5-0376,closure_matrix,UNK-003,v5_closure,,PARTIALLY_CLOSED,No new primary evidence in v5 - v4 closure carried forward,SRC-122,-,T3,-,-,HIGH,PARTIALLY_CLOSED,CORRECTION
V5-0377,closure_matrix,UNK-004,v5_closure,,STILL_OPEN,No new primary evidence in v5 - v4 closure carried forward,SRC-122,-,T3,-,-,HIGH,STILL_OPEN,CORRECTION
V5-0378,closure_matrix,UNK-005,v5_closure,,STILL_OPEN,No new primary evidence in v5 - v4 closure carried forward,SRC-122,-,T3,-,-,HIGH,STILL_OPEN,CORRECTION
V5-0379,closure_matrix,UNK-006,v5_closure,,STILL_OPEN,No new primary evidence in v5 - v4 closure carried forward,SRC-122,-,T3,-,-,HIGH,STILL_OPEN,CORRECTION
V5-0380,closure_matrix,UNK-007,v5_closure,,CLOSED,v5: portal pages inconsistent (CON-028); PORTAL_LEGACY / WORKFLOW_CONFIRMATION_REQUIRED,SRC-167;SRC-166;SRC-169,-,T1,-,-,HIGH,CLOSED,CORRECTION
V5-0381,closure_matrix,UNK-008,v5_closure,,STILL_OPEN,MH OSH rules still DRAFT on 26-09-2026 (SRC-185),SRC-167;SRC-166;SRC-169,-,T1,-,-,HIGH,STILL_OPEN,CORRECTION
V5-0382,closure_matrix,UNK-009,v5_closure,,STILL_OPEN,maitri_integration_claims: all UNKNOWN except deep link,SRC-167;SRC-166;SRC-169,-,T1,-,-,HIGH,STILL_OPEN,CORRECTION
V5-0383,closure_matrix,UNK-010,v5_closure,,STILL_OPEN,"Official-source check (SC 05-08-2025, MoEF 06-02-2007, OM 11-12-2025) does not resolve; R-074 UNKNOWN",SRC-167;SRC-166;SRC-169,-,T1,-,-,HIGH,STILL_OPEN,CORRECTION
V5-0384,closure_matrix,UNK-011,v5_closure,,STILL_OPEN,No new primary evidence in v5 - v4 closure carried forward,SRC-122,-,T3,-,-,HIGH,STILL_OPEN,CORRECTION
V5-0385,closure_matrix,UNK-012,v5_closure,,PARTIALLY_CLOSED,MWRRA prohibition order 31-07-2015 located (SRC-166); currency and full village list unconfirmed; Rules 2018 still draft,SRC-167;SRC-166;SRC-169,-,T1,-,-,HIGH,PARTIALLY_CLOSED,CORRECTION
V5-0386,closure_matrix,UNK-013,v5_closure,,STILL_OPEN,No new primary evidence in v5 - v4 closure carried forward,SRC-122,-,T3,-,-,HIGH,STILL_OPEN,CORRECTION
V5-0387,closure_matrix,UNK-014,v5_closure,,STILL_OPEN,No new primary evidence in v5 - v4 closure carried forward,SRC-122,-,T3,-,-,HIGH,STILL_OPEN,CORRECTION
V5-0388,closure_matrix,UNK-015,v5_closure,,CLOSED,No new primary evidence in v5 - v4 closure carried forward,SRC-122,-,T3,-,-,HIGH,CLOSED,CORRECTION
V5-0389,closure_matrix,UNK-016,v5_closure,,CLOSED,Official GCR 2016 r.44 text read (SRC-169); LPG clause UNKNOWN,SRC-167;SRC-166;SRC-169,-,T1,-,-,HIGH,CLOSED,CORRECTION
V5-0390,closure_matrix,UNK-017,v5_closure,,CLOSED,No new primary evidence in v5 - v4 closure carried forward,SRC-122,-,T3,-,-,HIGH,CLOSED,CORRECTION
V5-0391,closure_matrix,UNK-018,v5_closure,,CLOSED,No new primary evidence in v5 - v4 closure carried forward,SRC-122,-,T3,-,-,HIGH,CLOSED,CORRECTION
V5-0392,closure_matrix,UNK-019,v5_closure,,CLOSED,No new primary evidence in v5 - v4 closure carried forward,SRC-122,-,T3,-,-,HIGH,CLOSED,CORRECTION
V5-0393,closure_matrix,UNK-020,v5_closure,,CLOSED,No new primary evidence in v5 - v4 closure carried forward,SRC-122,-,T3,-,-,HIGH,CLOSED,CORRECTION
V5-0394,closure_matrix,UNK-021,v5_closure,,CLOSED,No new primary evidence in v5 - v4 closure carried forward,SRC-122,-,T3,-,-,HIGH,CLOSED,CORRECTION
V5-0395,closure_matrix,UNK-022,v5_closure,,CLOSED,No new primary evidence in v5 - v4 closure carried forward,SRC-122,-,T3,-,-,HIGH,CLOSED,CORRECTION
V5-0396,closure_matrix,UNK-023,v5_closure,,CLOSED,No new primary evidence in v5 - v4 closure carried forward,SRC-122,-,T3,-,-,HIGH,CLOSED,CORRECTION
V5-0397,closure_matrix,UNK-024,v5_closure,,STILL_OPEN,No new primary evidence in v5 - v4 closure carried forward,SRC-122,-,T3,-,-,HIGH,STILL_OPEN,CORRECTION
V5-0398,closure_matrix,UNK-025,v5_closure,,STILL_OPEN,No new primary evidence in v5 - v4 closure carried forward,SRC-122,-,T3,-,-,HIGH,STILL_OPEN,CORRECTION
V5-0399,closure_matrix,UNK-026,v5_closure,,STILL_OPEN,No new primary evidence in v5 - v4 closure carried forward,SRC-122,-,T3,-,-,HIGH,STILL_OPEN,CORRECTION
V5-0400,closure_matrix,UNK-027,v5_closure,,STILL_OPEN,No new primary evidence in v5 - v4 closure carried forward,SRC-122,-,T3,-,-,HIGH,STILL_OPEN,CORRECTION
V5-0401,closure_matrix,UNK-028,v5_closure,,STILL_OPEN,No new primary evidence in v5 - v4 closure carried forward,SRC-122,-,T3,-,-,HIGH,STILL_OPEN,CORRECTION
V5-0402,closure_matrix,UNK-029,v5_closure,,STILL_OPEN,No new primary evidence in v5 - v4 closure carried forward,SRC-122,-,T3,-,-,HIGH,STILL_OPEN,CORRECTION
V5-0403,closure_matrix,UNK-030,v5_closure,,CLOSED,No new primary evidence in v5 - v4 closure carried forward,SRC-122,-,T3,-,-,HIGH,CLOSED,CORRECTION
V5-0404,closure_matrix,UNK-031,v5_closure,,STILL_OPEN,No new primary evidence in v5 - v4 closure carried forward,SRC-122,-,T3,-,-,HIGH,STILL_OPEN,CORRECTION
V5-0405,closure_matrix,UNK-032,v5_closure,,STILL_OPEN,No new primary evidence in v5 - v4 closure carried forward,SRC-122,-,T3,-,-,HIGH,STILL_OPEN,CORRECTION
V5-0406,closure_matrix,UNK-033,v5_closure,,STILL_OPEN,No new primary evidence in v5 - v4 closure carried forward,SRC-122,-,T3,-,-,HIGH,STILL_OPEN,CORRECTION
V5-0407,closure_matrix,UNK-034,v5_closure,,PARTIALLY_CLOSED,Central India Code consolidated text (SRC-167) + Ministry affidavit (SRC-168): no amendment after 2000 identified,SRC-167;SRC-166;SRC-169,-,T1,-,-,HIGH,PARTIALLY_CLOSED,CORRECTION
V5-0408,closure_matrix,UNK-035,v5_closure,,PARTIALLY_CLOSED,SRC-167 consolidated text with 1994/2000 footnotes; 1994 values verified; 3 cells blocked,SRC-167;SRC-166;SRC-169,-,T1,-,-,HIGH,PARTIALLY_CLOSED,CORRECTION
V5-0409,closure_matrix,UNK-036,v5_closure,,STILL_OPEN,No new primary evidence in v5 - v4 closure carried forward,SRC-122,-,T3,-,-,HIGH,STILL_OPEN,CORRECTION
V5-0410,closure_matrix,UNK-037,v5_closure,,CLOSED,No new primary evidence in v5 - v4 closure carried forward,SRC-122,-,T3,-,-,HIGH,CLOSED,CORRECTION
V5-0411,closure_matrix,UNK-038,v5_closure,,CLOSED,No new primary evidence in v5 - v4 closure carried forward,SRC-122,-,T3,-,-,HIGH,CLOSED,CORRECTION
V5-0412,closure_matrix,UNK-039,v5_closure,,NOT_APPLICABLE,No new primary evidence in v5 - v4 closure carried forward,SRC-122,-,T3,-,-,HIGH,NOT_APPLICABLE,CORRECTION
V5-0413,closure_matrix,UNK-040,v5_closure,,PARTIALLY_CLOSED,Role screening table (epr_role_screening); tyre and non-ferrous gazettes read; used-oil gazette unread,SRC-167;SRC-166;SRC-169,-,T1,-,-,HIGH,PARTIALLY_CLOSED,CORRECTION
V5-0414,closure_matrix,UNK-041,v5_closure,,CLOSED,No new primary evidence in v5 - v4 closure carried forward,SRC-122,-,T3,-,-,HIGH,CLOSED,CORRECTION
V5-0415,closure_matrix,UNK-042,v5_closure,,CLOSED,No new primary evidence in v5 - v4 closure carried forward,SRC-122,-,T3,-,-,HIGH,CLOSED,CORRECTION
V5-0416,closure_matrix,UNK-043,v5_closure,,CLOSED,No new primary evidence in v5 - v4 closure carried forward,SRC-122,-,T3,-,-,HIGH,CLOSED,CORRECTION
V5-0417,closure_matrix,UNK-044,v5_closure,,PARTIALLY_CLOSED,No new primary evidence in v5 - v4 closure carried forward,SRC-122,-,T3,-,-,HIGH,PARTIALLY_CLOSED,CORRECTION
V5-0418,authorities,AUT-001,authority_status,,VERIFIED,v5 authority_status field (brief: authorities must not be guessed),SRC-001,-,T1,-,-,HIGH,FIELD,CORRECTION
V5-0419,authorities,AUT-002,authority_status,,VERIFIED,v5 authority_status field (brief: authorities must not be guessed),SRC-001;SRC-002,-,T1,-,-,HIGH,FIELD,CORRECTION
V5-0420,authorities,AUT-003,authority_status,,VERIFIED,v5 authority_status field (brief: authorities must not be guessed),SRC-008;SRC-010;SRC-013,-,T1;T2,-,-,HIGH,FIELD,CORRECTION
V5-0421,authorities,AUT-004,authority_status,,VERIFIED,v5 authority_status field (brief: authorities must not be guessed),SRC-011;SRC-007,-,T3;T4,-,-,HIGH,FIELD,CORRECTION
V5-0422,authorities,AUT-005,authority_status,,VERIFIED,v5 authority_status field (brief: authorities must not be guessed),SRC-028;SRC-029;SRC-016,-,T1;T3,-,-,HIGH,FIELD,CORRECTION
V5-0423,authorities,AUT-006,authority_status,,VERIFIED,v5 authority_status field (brief: authorities must not be guessed),SRC-031;SRC-027,-,T3;T5 (T2 circular copy on private site),-,-,HIGH,FIELD,CORRECTION
V5-0424,authorities,AUT-007,authority_status,,VERIFIED,v5 authority_status field (brief: authorities must not be guessed),SRC-032;SRC-036,-,T1;T3,-,-,HIGH,FIELD,CORRECTION
V5-0425,authorities,AUT-008,authority_status,,VERIFIED,v5 authority_status field (brief: authorities must not be guessed),SRC-017;SRC-018;SRC-020,-,T3,-,-,HIGH,FIELD,CORRECTION
V5-0426,authorities,AUT-009,authority_status,,VERIFIED,v5 authority_status field (brief: authorities must not be guessed),SRC-017,-,T3,-,-,HIGH,FIELD,CORRECTION
V5-0427,authorities,AUT-010,authority_status,,VERIFIED,v5 authority_status field (brief: authorities must not be guessed),SRC-043;SRC-044,-,T3,-,-,HIGH,FIELD,CORRECTION
V5-0428,authorities,AUT-011,authority_status,,REQUIRES_CONFIRMATION (site/authority dependent; never defaulted),v5 authority_status field (brief: authorities must not be guessed),SRC-067,-,T2,-,-,HIGH,FIELD,CORRECTION
V5-0429,authorities,AUT-012,authority_status,,REQUIRES_CONFIRMATION (site/authority dependent; never defaulted),v5 authority_status field (brief: authorities must not be guessed),SRC-048;SRC-049,-,T2;T3,-,-,HIGH,FIELD,CORRECTION
V5-0430,authorities,AUT-013,authority_status,,VERIFIED,v5 authority_status field (brief: authorities must not be guessed),SRC-050;SRC-052,-,T1;T3,-,-,HIGH,FIELD,CORRECTION
V5-0431,authorities,AUT-014,authority_status,,REQUIRES_CONFIRMATION (site/authority dependent; never defaulted),v5 authority_status field (brief: authorities must not be guessed),SRC-053;SRC-054,-,T1 (DRAFT);T3,-,-,HIGH,FIELD,CORRECTION
V5-0432,authorities,AUT-015,authority_status,,REQUIRES_CONFIRMATION (site/authority dependent; never defaulted),v5 authority_status field (brief: authorities must not be guessed),SRC-055;SRC-056,-,T3,-,-,HIGH,FIELD,CORRECTION
V5-0433,authorities,AUT-016,authority_status,,VERIFIED,v5 authority_status field (brief: authorities must not be guessed),SRC-041;SRC-042,-,T1;T2,-,-,HIGH,FIELD,CORRECTION
V5-0434,authorities,AUT-017,authority_status,,VERIFIED,v5 authority_status field (brief: authorities must not be guessed),SRC-060;SRC-059;SRC-070,-,T1;T3,-,-,HIGH,FIELD,CORRECTION
V5-0435,authorities,AUT-018,authority_status,,VERIFIED,v5 authority_status field (brief: authorities must not be guessed),SRC-061;SRC-074,-,T1;T3,-,-,HIGH,FIELD,CORRECTION
V5-0436,authorities,AUT-019,authority_status,,REQUIRES_CONFIRMATION (site/authority dependent; never defaulted),v5 authority_status field (brief: authorities must not be guessed),SRC-062,-,T3,-,-,HIGH,FIELD,CORRECTION
V5-0437,authorities,AUT-020,authority_status,,VERIFIED,v5 authority_status field (brief: authorities must not be guessed),SRC-063,-,T3,-,-,HIGH,FIELD,CORRECTION
V5-0438,authorities,AUT-021,authority_status,,REQUIRES_CONFIRMATION (site/authority dependent; never defaulted),v5 authority_status field (brief: authorities must not be guessed),SRC-070,-,T3,-,-,HIGH,FIELD,CORRECTION
V5-0439,authorities,AUT-022,authority_status,,REQUIRES_CONFIRMATION (site/authority dependent; never defaulted),v5 authority_status field (brief: authorities must not be guessed),SRC-070,-,T3,-,-,HIGH,FIELD,CORRECTION
V5-0440,rule_register_v5,(table),(table),(did not exist in v4),ADDED 105 rows,v5 data model: one row per active rule with implementation class,SRC-122,-,T3,-,-,HIGH,see implementation_status,NEW_TABLE
V5-0441,implementation_safe_rules,EBWGR-SWM,(membership),(absent in v4 list),ADDED,v5 list regenerated from rule_register_v5 / MSIHC / EPR status,SRC-122,-,T3,-,-,HIGH,implementation_safe_rules,LIST_ADD
V5-0442,implementation_safe_rules,EPR-BAT,(membership),(absent in v4 list),ADDED,v5 list regenerated from rule_register_v5 / MSIHC / EPR status,SRC-122,-,T3,-,-,HIGH,implementation_safe_rules,LIST_ADD
V5-0443,implementation_safe_rules,EPR-EWASTE,(membership),(absent in v4 list),ADDED,v5 list regenerated from rule_register_v5 / MSIHC / EPR status,SRC-122,-,T3,-,-,HIGH,implementation_safe_rules,LIST_ADD
V5-0444,implementation_safe_rules,EPR-NFM,(membership),(absent in v4 list),ADDED,v5 list regenerated from rule_register_v5 / MSIHC / EPR status,SRC-122,-,T3,-,-,HIGH,implementation_safe_rules,LIST_ADD
V5-0445,implementation_safe_rules,EPR-PWM,(membership),(absent in v4 list),ADDED,v5 list regenerated from rule_register_v5 / MSIHC / EPR status,SRC-122,-,T3,-,-,HIGH,implementation_safe_rules,LIST_ADD
V5-0446,implementation_safe_rules,EPR-TYRE,(membership),(absent in v4 list),ADDED,v5 list regenerated from rule_register_v5 / MSIHC / EPR status,SRC-122,-,T3,-,-,HIGH,implementation_safe_rules,LIST_ADD
V5-0447,implementation_safe_rules,R-033,(membership),(absent in v4 list),ADDED,v5 list regenerated from rule_register_v5 / MSIHC / EPR status,SRC-122,-,T3,-,-,HIGH,implementation_safe_rules,LIST_ADD
V5-0448,implementation_safe_rules,R-100,(membership),(absent in v4 list),ADDED,v5 list regenerated from rule_register_v5 / MSIHC / EPR status,SRC-122,-,T3,-,-,HIGH,implementation_safe_rules,LIST_ADD
V5-0449,implementation_safe_rules,R-101,(membership),(absent in v4 list),ADDED,v5 list regenerated from rule_register_v5 / MSIHC / EPR status,SRC-122,-,T3,-,-,HIGH,implementation_safe_rules,LIST_ADD
V5-0450,implementation_safe_rules,R-102,(membership),(absent in v4 list),ADDED,v5 list regenerated from rule_register_v5 / MSIHC / EPR status,SRC-122,-,T3,-,-,HIGH,implementation_safe_rules,LIST_ADD
V5-0451,implementation_safe_rules,R-103,(membership),(absent in v4 list),ADDED,v5 list regenerated from rule_register_v5 / MSIHC / EPR status,SRC-122,-,T3,-,-,HIGH,implementation_safe_rules,LIST_ADD
V5-0452,implementation_safe_rules,R-104,(membership),(absent in v4 list),ADDED,v5 list regenerated from rule_register_v5 / MSIHC / EPR status,SRC-122,-,T3,-,-,HIGH,implementation_safe_rules,LIST_ADD
V5-0453,implementation_safe_rules,R-105,(membership),(absent in v4 list),ADDED,v5 list regenerated from rule_register_v5 / MSIHC / EPR status,SRC-122,-,T3,-,-,HIGH,implementation_safe_rules,LIST_ADD
V5-0454,implementation_safe_rules,R-036,(membership),(present in v4 list),REMOVED,v5 list regenerated: record reclassified (see its table),SRC-122,-,T3,-,-,HIGH,implementation_safe_rules,LIST_REMOVE
V5-0455,implementation_safe_rules,R-037,(membership),(present in v4 list),REMOVED,v5 list regenerated: record reclassified (see its table),SRC-122,-,T3,-,-,HIGH,implementation_safe_rules,LIST_REMOVE
V5-0456,implementation_safe_rules,R-074,(membership),(present in v4 list),REMOVED,v5 list regenerated: record reclassified (see its table),SRC-122,-,T3,-,-,HIGH,implementation_safe_rules,LIST_REMOVE
V5-0457,requires_confirmation,R-036,(membership),(absent in v4 list),ADDED,v5 list regenerated from rule_register_v5 / MSIHC / EPR status,SRC-122,-,T3,-,-,HIGH,requires_confirmation,LIST_ADD
V5-0458,requires_confirmation,R-037,(membership),(absent in v4 list),ADDED,v5 list regenerated from rule_register_v5 / MSIHC / EPR status,SRC-122,-,T3,-,-,HIGH,requires_confirmation,LIST_ADD
V5-0459,requires_confirmation,R-074,(membership),(absent in v4 list),ADDED,v5 list regenerated from rule_register_v5 / MSIHC / EPR status,SRC-122,-,T3,-,-,HIGH,requires_confirmation,LIST_ADD
V5-0460,requires_confirmation,EPR-TYRE,(membership),(present in v4 list),REMOVED,v5 list regenerated: record reclassified (see its table),SRC-122,-,T3,-,-,HIGH,requires_confirmation,LIST_REMOVE
V5-0461,requires_confirmation,S2-12,(membership),(present in v4 list),REMOVED,v5 list regenerated: record reclassified (see its table),SRC-122,-,T3,-,-,HIGH,requires_confirmation,LIST_REMOVE
V5-0462,requires_confirmation,S2-13,(membership),(present in v4 list),REMOVED,v5 list regenerated: record reclassified (see its table),SRC-122,-,T3,-,-,HIGH,requires_confirmation,LIST_REMOVE
V5-0463,requires_confirmation,S2-14,(membership),(present in v4 list),REMOVED,v5 list regenerated: record reclassified (see its table),SRC-122,-,T3,-,-,HIGH,requires_confirmation,LIST_REMOVE
V5-0464,requires_confirmation,S2-15,(membership),(present in v4 list),REMOVED,v5 list regenerated: record reclassified (see its table),SRC-122,-,T3,-,-,HIGH,requires_confirmation,LIST_REMOVE
V5-0465,requires_confirmation,S2-16,(membership),(present in v4 list),REMOVED,v5 list regenerated: record reclassified (see its table),SRC-122,-,T3,-,-,HIGH,requires_confirmation,LIST_REMOVE
V5-0466,requires_confirmation,S2-17,(membership),(present in v4 list),REMOVED,v5 list regenerated: record reclassified (see its table),SRC-122,-,T3,-,-,HIGH,requires_confirmation,LIST_REMOVE
V5-0467,requires_confirmation,S2-19,(membership),(present in v4 list),REMOVED,v5 list regenerated: record reclassified (see its table),SRC-122,-,T3,-,-,HIGH,requires_confirmation,LIST_REMOVE
V5-0468,requires_confirmation,S2-20,(membership),(present in v4 list),REMOVED,v5 list regenerated: record reclassified (see its table),SRC-122,-,T3,-,-,HIGH,requires_confirmation,LIST_REMOVE
V5-0469,requires_confirmation,S2-21,(membership),(present in v4 list),REMOVED,v5 list regenerated: record reclassified (see its table),SRC-122,-,T3,-,-,HIGH,requires_confirmation,LIST_REMOVE
V5-0470,requires_confirmation,S2-22,(membership),(present in v4 list),REMOVED,v5 list regenerated: record reclassified (see its table),SRC-122,-,T3,-,-,HIGH,requires_confirmation,LIST_REMOVE
V5-0471,requires_confirmation,S2-23,(membership),(present in v4 list),REMOVED,v5 list regenerated: record reclassified (see its table),SRC-122,-,T3,-,-,HIGH,requires_confirmation,LIST_REMOVE
V5-0472,requires_confirmation,S2-24,(membership),(present in v4 list),REMOVED,v5 list regenerated: record reclassified (see its table),SRC-122,-,T3,-,-,HIGH,requires_confirmation,LIST_REMOVE
V5-0473,requires_confirmation,S2-25,(membership),(present in v4 list),REMOVED,v5 list regenerated: record reclassified (see its table),SRC-122,-,T3,-,-,HIGH,requires_confirmation,LIST_REMOVE
V5-0474,requires_confirmation,S2-26,(membership),(present in v4 list),REMOVED,v5 list regenerated: record reclassified (see its table),SRC-122,-,T3,-,-,HIGH,requires_confirmation,LIST_REMOVE
V5-0475,requires_confirmation,S2-27,(membership),(present in v4 list),REMOVED,v5 list regenerated: record reclassified (see its table),SRC-122,-,T3,-,-,HIGH,requires_confirmation,LIST_REMOVE
V5-0476,requires_confirmation,S3P1-049,(membership),(present in v4 list),REMOVED,v5 list regenerated: record reclassified (see its table),SRC-122,-,T3,-,-,HIGH,requires_confirmation,LIST_REMOVE
V5-0477,requires_confirmation,S3P1-099,(membership),(present in v4 list),REMOVED,v5 list regenerated: record reclassified (see its table),SRC-122,-,T3,-,-,HIGH,requires_confirmation,LIST_REMOVE
V5-0478,requires_confirmation,S3P1-101,(membership),(present in v4 list),REMOVED,v5 list regenerated: record reclassified (see its table),SRC-122,-,T3,-,-,HIGH,requires_confirmation,LIST_REMOVE
V5-0479,requires_confirmation,S3P1-106,(membership),(present in v4 list),REMOVED,v5 list regenerated: record reclassified (see its table),SRC-122,-,T3,-,-,HIGH,requires_confirmation,LIST_REMOVE
V5-0480,requires_confirmation,S3P1-109,(membership),(present in v4 list),REMOVED,v5 list regenerated: record reclassified (see its table),SRC-122,-,T3,-,-,HIGH,requires_confirmation,LIST_REMOVE
V5-0481,requires_confirmation,S3P1-110,(membership),(present in v4 list),REMOVED,v5 list regenerated: record reclassified (see its table),SRC-122,-,T3,-,-,HIGH,requires_confirmation,LIST_REMOVE
V5-0482,requires_confirmation,S3P1-112,(membership),(present in v4 list),REMOVED,v5 list regenerated: record reclassified (see its table),SRC-122,-,T3,-,-,HIGH,requires_confirmation,LIST_REMOVE
V5-0483,requires_confirmation,S3P1-117,(membership),(present in v4 list),REMOVED,v5 list regenerated: record reclassified (see its table),SRC-122,-,T3,-,-,HIGH,requires_confirmation,LIST_REMOVE
V5-0484,requires_confirmation,S3P1-122,(membership),(present in v4 list),REMOVED,v5 list regenerated: record reclassified (see its table),SRC-122,-,T3,-,-,HIGH,requires_confirmation,LIST_REMOVE
V5-0485,requires_confirmation,S3P1-123,(membership),(present in v4 list),REMOVED,v5 list regenerated: record reclassified (see its table),SRC-122,-,T3,-,-,HIGH,requires_confirmation,LIST_REMOVE
V5-0486,requires_confirmation,S3P1-144,(membership),(present in v4 list),REMOVED,v5 list regenerated: record reclassified (see its table),SRC-122,-,T3,-,-,HIGH,requires_confirmation,LIST_REMOVE
V5-0487,requires_confirmation,S3P1-148,(membership),(present in v4 list),REMOVED,v5 list regenerated: record reclassified (see its table),SRC-122,-,T3,-,-,HIGH,requires_confirmation,LIST_REMOVE
V5-0488,do_not_implement,EPR-OTHER,(membership),(absent in v4 list),ADDED,v5 list regenerated from rule_register_v5 / MSIHC / EPR status,SRC-122,-,T3,-,-,HIGH,do_not_implement,LIST_ADD
V5-0489,do_not_implement,R-033,(membership),(present in v4 list),REMOVED,v5 list regenerated: record reclassified (see its table),SRC-122,-,T3,-,-,HIGH,do_not_implement,LIST_REMOVE
V5-0490,edge_tests,ET-v5-01,(record),(did not exist in v4),ADDED,v5 edge test,SRC-122,MCT-G-CTE,T3,-,-,HIGH,TEST,ADDITION
V5-0491,edge_tests,ET-v5-02,(record),(did not exist in v4),ADDED,v5 edge test,SRC-122,MCT,T3,-,-,HIGH,TEST,ADDITION
V5-0492,edge_tests,ET-v5-03,(record),(did not exist in v4),ADDED,v5 edge test,SRC-122,SRC-008,T3,-,-,HIGH,TEST,ADDITION
V5-0493,edge_tests,ET-v5-04,(record),(did not exist in v4),ADDED,v5 edge test,SRC-122,S3P1-106,T3,-,-,HIGH,TEST,ADDITION
V5-0494,edge_tests,ET-v5-05,(record),(did not exist in v4),ADDED,v5 edge test,SRC-122,S2-18,T3,-,-,HIGH,TEST,ADDITION
V5-0495,edge_tests,ET-v5-06,(record),(did not exist in v4),ADDED,v5 edge test,SRC-122,S2-14,T3,-,-,HIGH,TEST,ADDITION
V5-0496,edge_tests,ET-v5-07,(record),(did not exist in v4),ADDED,v5 edge test,SRC-122,S3P1-099,T3,-,-,HIGH,TEST,ADDITION
V5-0497,edge_tests,ET-v5-08,(record),(did not exist in v4),ADDED,v5 edge test,SRC-122,S3P1-049,T3,-,-,HIGH,TEST,ADDITION
V5-0498,edge_tests,ET-v5-09,(record),(did not exist in v4),ADDED,v5 edge test,SRC-122,msihc_value_chronology,T3,-,-,HIGH,TEST,ADDITION
V5-0499,edge_tests,ET-v5-10,(record),(did not exist in v4),ADDED,v5 edge test,SRC-122,SRC-177,T3,-,-,HIGH,TEST,ADDITION
V5-0500,edge_tests,ET-v5-11,(record),(did not exist in v4),ADDED,v5 edge test,SRC-122,SRC-174,T3,-,-,HIGH,TEST,ADDITION
V5-0501,edge_tests,ET-v5-12,(record),(did not exist in v4),ADDED,v5 edge test,SRC-122,R-103,T3,-,-,HIGH,TEST,ADDITION
V5-0502,edge_tests,ET-v5-13,(record),(did not exist in v4),ADDED,v5 edge test,SRC-122,PT-01,T3,-,-,HIGH,TEST,ADDITION
V5-0503,edge_tests,ET-v5-14,(record),(did not exist in v4),ADDED,v5 edge test,SRC-122,PT-01,T3,-,-,HIGH,TEST,ADDITION
V5-0504,edge_tests,ET-v5-15,(record),(did not exist in v4),ADDED,v5 edge test,SRC-122,PT-05,T3,-,-,HIGH,TEST,ADDITION
V5-0505,edge_tests,ET-v5-16,(record),(did not exist in v4),ADDED,v5 edge test,SRC-122,SSC-02/SSC-04,T3,-,-,HIGH,TEST,ADDITION
V5-0506,edge_tests,ET-v5-17,(record),(did not exist in v4),ADDED,v5 edge test,SRC-122,SSC-05,T3,-,-,HIGH,TEST,ADDITION
V5-0507,edge_tests,ET-v5-18,(record),(did not exist in v4),ADDED,v5 edge test,SRC-122,epr_role_screening,T3,-,-,HIGH,TEST,ADDITION
V5-0508,edge_tests,ET-v5-19,(record),(did not exist in v4),ADDED,v5 edge test,SRC-122,SRC-182,T3,-,-,HIGH,TEST,ADDITION
V5-0509,edge_tests,ET-v5-20,(record),(did not exist in v4),ADDED,v5 edge test,SRC-122,SRC-183,T3,-,-,HIGH,TEST,ADDITION
V5-0510,edge_tests,ET-v5-21,(record),(did not exist in v4),ADDED,v5 edge test,SRC-122,R-105,T3,-,-,HIGH,TEST,ADDITION
V5-0511,edge_tests,ET-v5-22,(record),(did not exist in v4),ADDED,v5 edge test,SRC-122,R-105,T3,-,-,HIGH,TEST,ADDITION
V5-0512,edge_tests,ET-v5-23,(record),(did not exist in v4),ADDED,v5 edge test,SRC-122,SRC-166,T3,-,-,HIGH,TEST,ADDITION
V5-0513,edge_tests,ET-v5-24,(record),(did not exist in v4),ADDED,v5 edge test,SRC-122,SRC-166,T3,-,-,HIGH,TEST,ADDITION
V5-0514,edge_tests,ET-v5-25,(record),(did not exist in v4),ADDED,v5 edge test,SRC-122,UR-06,T3,-,-,HIGH,TEST,ADDITION
V5-0515,edge_tests,ET-v5-26,(record),(did not exist in v4),ADDED,v5 edge test,SRC-122,mfs_annexA_cells,T3,-,-,HIGH,TEST,ADDITION
V5-0516,edge_tests,ET-v5-27,(record),(did not exist in v4),ADDED,v5 edge test,SRC-122,maitri_integration_claims,T3,-,-,HIGH,TEST,ADDITION
V5-0517,edge_tests,ET-v5-28,(record),(did not exist in v4),ADDED,v5 edge test,SRC-122,CHECK 05,T3,-,-,HIGH,TEST,ADDITION
V5-0518,unresolved_items,UR-01,v5_status,,PARTIAL,v5 status update,SRC-167;SRC-166;SRC-169;SRC-174;SRC-149,-,T1;T2,-,-,HIGH,PARTIAL,CORRECTION
V5-0519,unresolved_items,UR-01,exact_missing_fact,Exact 1994 gazette values,Sch 2 s.no.18 (ethylene oxide) col 4 printed '501' in both official texts,v5 status update,SRC-167;SRC-166;SRC-169;SRC-174;SRC-149,-,T1;T2,-,-,HIGH,PARTIAL,CORRECTION
V5-0520,unresolved_items,UR-01,exact_missing_source,"MSIHC (Amendment) Rules 1994, S.O. 2882(E) 03-10-1994 (Gazette copy)",Gazette copy of S.O.2882 (03-10-1994),v5 status update,SRC-167;SRC-166;SRC-169;SRC-174;SRC-149,-,T1;T2,-,-,HIGH,PARTIAL,CORRECTION
V5-0521,unresolved_items,UR-01,current_safe_engine_behaviour,Cell status REQUIRES_OFFICIAL_CONFIRMATION -> r.10-12 result UNKNOWN for those entries,R-020 via S2-18 -> UNKNOWN,v5 status update,SRC-167;SRC-166;SRC-169;SRC-174;SRC-149,-,T1;T2,-,-,HIGH,PARTIAL,CORRECTION
V5-0522,unresolved_items,UR-01,closing_evidence,Official S.O. 2882(E) gazette scan from egazette/MoEFCC,egazette/MoEFCC scan of S.O.2882,v5 status update,SRC-167;SRC-166;SRC-169;SRC-174;SRC-149,-,T1;T2,-,-,HIGH,PARTIAL,CORRECTION
V5-0523,unresolved_items,UR-02,v5_status,,PARTIAL,v5 status update,SRC-167;SRC-166;SRC-169;SRC-174;SRC-149,-,T1;T2,-,-,HIGH,PARTIAL,CORRECTION
V5-0524,unresolved_items,UR-02,exact_missing_fact,Correct value/name,"s.no.111 Ethyleneimine 50 t (gazette) vs 5 t (consolidated); s.no.49 name (CON-026, value verified)",v5 status update,SRC-167;SRC-166;SRC-169;SRC-174;SRC-149,-,T1;T2,-,-,HIGH,PARTIAL,CORRECTION
V5-0525,unresolved_items,UR-02,exact_missing_source,Any post-1989 amending instrument or MoEFCC clarification,MoEFCC clarification or amending instrument,v5 status update,SRC-167;SRC-166;SRC-169;SRC-174;SRC-149,-,T1;T2,-,-,HIGH,PARTIAL,CORRECTION
V5-0526,unresolved_items,UR-02,current_safe_engine_behaviour,UNKNOWN for those entries (CON-023),s.no.111 -> UNKNOWN; s.no.49 matched by CAS,v5 status update,SRC-167;SRC-166;SRC-169;SRC-174;SRC-149,-,T1;T2,-,-,HIGH,PARTIAL,CORRECTION
V5-0527,unresolved_items,UR-02,closing_evidence,MoEFCC gazette / official consolidated version,MoEFCC HSMD confirmation,v5 status update,SRC-167;SRC-166;SRC-169;SRC-174;SRC-149,-,T1;T2,-,-,HIGH,PARTIAL,CORRECTION
V5-0528,unresolved_items,UR-03,v5_status,,PARTIAL,v5 status update,SRC-167;SRC-166;SRC-169;SRC-174;SRC-149,-,T1;T2,-,-,HIGH,PARTIAL,CORRECTION
V5-0529,unresolved_items,UR-03,exact_missing_fact,Whether any later amendment changed Schedules,Amendments 16-09-2024 to 26-09-2026; content of 1990 amendments,v5 status update,SRC-167;SRC-166;SRC-169;SRC-174;SRC-149,-,T1;T2,-,-,HIGH,PARTIAL,CORRECTION
V5-0530,unresolved_items,UR-03,exact_missing_source,MoEFCC notification list for MSIHC after 2000,MoEFCC notification list,v5 status update,SRC-167;SRC-166;SRC-169;SRC-174;SRC-149,-,T1;T2,-,-,HIGH,PARTIAL,CORRECTION
V5-0531,unresolved_items,UR-03,current_safe_engine_behaviour,Values applied with effective_date; UNK-035 open,Values applied with effective dates; MSIHC-AM-5 VERIFIED_CONDITIONAL,v5 status update,SRC-167;SRC-166;SRC-169;SRC-174;SRC-149,-,T1;T2,-,-,HIGH,PARTIAL,CORRECTION
V5-0532,unresolved_items,UR-03,closing_evidence,MoEFCC HSMD notification list,"egazette search S.O. 'Manufacture, Storage and Import of Hazardous Chemical'",v5 status update,SRC-167;SRC-166;SRC-169;SRC-174;SRC-149,-,T1;T2,-,-,HIGH,PARTIAL,CORRECTION
V5-0533,unresolved_items,UR-04,v5_status,,PARTIAL,v5 status update,SRC-167;SRC-166;SRC-169;SRC-174;SRC-149,-,T1;T2,-,-,HIGH,PARTIAL,CORRECTION
V5-0534,unresolved_items,UR-04,exact_missing_fact,Rule/sub-rule requiring fire-approval renewal,Rule requiring MFS fire renewal for PESO licensees (none found in PR/GCR/SMPV texts),v5 status update,SRC-167;SRC-166;SRC-169;SRC-174;SRC-149,-,T1;T2,-,-,HIGH,PARTIAL,CORRECTION
V5-0535,unresolved_items,UR-04,exact_missing_source,Petroleum Rules 2002 / Gas Cylinders Rules 2016 text + amendments,Unread amendments; MFS citation of a rule,v5 status update,SRC-167;SRC-166;SRC-169;SRC-174;SRC-149,-,T1;T2,-,-,HIGH,PARTIAL,CORRECTION
V5-0536,unresolved_items,UR-04,current_safe_engine_behaviour,R-099 returns UNKNOWN when F-FIR-20 UNKNOWN,F-FIR-20 UNKNOWN -> R-099 UNKNOWN; PESO licence renewal separately R-100..R-102,v5 status update,SRC-167;SRC-166;SRC-169;SRC-174;SRC-149,-,T1;T2,-,-,HIGH,PARTIAL,CORRECTION
V5-0537,unresolved_items,UR-04,closing_evidence,PESO T1 rule text or MFS clarification citing the rule,MFS clarification citing a rule,v5 status update,SRC-167;SRC-166;SRC-169;SRC-174;SRC-149,-,T1;T2,-,-,HIGH,PARTIAL,CORRECTION
V5-0538,unresolved_items,UR-05,v5_status,,OPEN (carried from v4),v5 status update,SRC-122,-,T3,-,-,HIGH,OPEN (carried from v4),CORRECTION
V5-0539,unresolved_items,UR-06,v5_status,,OPEN,v5 status update,SRC-167;SRC-166;SRC-169;SRC-174;SRC-149,-,T1;T2,-,-,HIGH,OPEN,CORRECTION
V5-0540,unresolved_items,UR-06,exact_missing_fact,Authoritative statement whether a 5(f) project also needs separate 8(a) EC,Authoritative statement on 5(f)+8(a),v5 status update,SRC-167;SRC-166;SRC-169;SRC-174;SRC-149,-,T1;T2,-,-,HIGH,OPEN,CORRECTION
V5-0541,unresolved_items,UR-06,exact_missing_source,MoEFCC OM / notification / court order (none located in consolidated EIA Jan & Jul 2026),MoEFCC OM/notification/court order,v5 status update,SRC-167;SRC-166;SRC-169;SRC-174;SRC-149,-,T1;T2,-,-,HIGH,OPEN,CORRECTION
V5-0542,unresolved_items,UR-06,current_safe_engine_behaviour,R-074 returns UNKNOWN,R-074 UNKNOWN,v5 status update,SRC-167;SRC-166;SRC-169;SRC-174;SRC-149,-,T1;T2,-,-,HIGH,OPEN,CORRECTION
V5-0543,unresolved_items,UR-06,closing_evidence,"MoEFCC OM text (incl. Dec-2025 OM on 5(f) same-category changes, not yet read)",MoEFCC OM text,v5 status update,SRC-167;SRC-166;SRC-169;SRC-174;SRC-149,-,T1;T2,-,-,HIGH,OPEN,CORRECTION
V5-0544,unresolved_items,UR-07,v5_status,,OPEN (carried from v4),v5 status update,SRC-122,-,T3,-,-,HIGH,OPEN (carried from v4),CORRECTION
V5-0545,unresolved_items,UR-08,v5_status,,PARTIAL,v5 status update,SRC-167;SRC-166;SRC-169;SRC-174;SRC-149,-,T1;T2,-,-,HIGH,PARTIAL,CORRECTION
V5-0546,unresolved_items,UR-08,exact_missing_fact,"Thresholds, exemptions, bulk-consumer roles",Used-oil EPR gazette G.S.R.677(E) wording; non-ferrous Sch XI targets; battery refurbisher/recycler duties,v5 status update,SRC-167;SRC-166;SRC-169;SRC-174;SRC-149,-,T1;T2,-,-,HIGH,PARTIAL,CORRECTION
V5-0547,unresolved_items,UR-08,exact_missing_source,HOWM amendment gazettes (2022 Sch IX; 2023 used oil); BWM Amendment Rules 2025 S.O. 958(E),Gazette texts,v5 status update,SRC-167;SRC-166;SRC-169;SRC-174;SRC-149,-,T1;T2,-,-,HIGH,PARTIAL,CORRECTION
V5-0548,unresolved_items,UR-08,current_safe_engine_behaviour,Role-based CONDITIONAL; unknown role -> UNKNOWN,Role-based CONDITIONAL; role UNKNOWN -> INSUFFICIENT_DATA,v5 status update,SRC-167;SRC-166;SRC-169;SRC-174;SRC-149,-,T1;T2,-,-,HIGH,PARTIAL,CORRECTION
V5-0549,unresolved_items,UR-08,closing_evidence,Gazette texts,egazette G.S.R.677(E) 18-09-2023,v5 status update,SRC-167;SRC-166;SRC-169;SRC-174;SRC-149,-,T1;T2,-,-,HIGH,PARTIAL,CORRECTION
V5-0550,unresolved_items,UR-09,v5_status,,OPEN,v5 status update,SRC-167;SRC-166;SRC-169;SRC-174;SRC-149,-,T1;T2,-,-,HIGH,OPEN,CORRECTION
V5-0551,unresolved_items,UR-09,exact_missing_fact,Portal forms/notifications under 2025 Act,LMS workflow under Boilers Act 2025,v5 status update,SRC-167;SRC-166;SRC-169;SRC-174;SRC-149,-,T1;T2,-,-,HIGH,OPEN,CORRECTION
V5-0552,unresolved_items,UR-09,exact_missing_source,DSB notification or LMS form set citing 2025 Act,DSB notification/forms under 2025 Act,v5 status update,SRC-167;SRC-166;SRC-169;SRC-174;SRC-149,-,T1;T2,-,-,HIGH,OPEN,CORRECTION
V5-0553,unresolved_items,UR-09,current_safe_engine_behaviour,PORTAL_LEGACY label retained; statute = Boilers Act 2025,PORTAL_LEGACY; WORKFLOW_CONFIRMATION_REQUIRED (CON-028),v5 status update,SRC-167;SRC-166;SRC-169;SRC-174;SRC-149,-,T1;T2,-,-,HIGH,OPEN,CORRECTION
V5-0554,unresolved_items,UR-09,closing_evidence,Maharashtra notification/rules under Boilers Act 2025,DSB notification,v5 status update,SRC-167;SRC-166;SRC-169;SRC-174;SRC-149,-,T1;T2,-,-,HIGH,OPEN,CORRECTION
V5-0555,unresolved_items,UR-10,v5_status,,PARTIAL,v5 status update,SRC-167;SRC-166;SRC-169;SRC-174;SRC-149,-,T1;T2,-,-,HIGH,PARTIAL,CORRECTION
V5-0556,unresolved_items,UR-10,exact_missing_fact,Exact rule/sub-rule/schedule values,Unread GCR amendments (2018/2019/2022/225(E)/501(E) 2025) and SMPV amendments (2018/2019/2021/374(E)/422(E) 2025); r.44(c) LPG,v5 status update,SRC-167;SRC-166;SRC-169;SRC-174;SRC-149,-,T1;T2,-,-,HIGH,PARTIAL,CORRECTION
V5-0557,unresolved_items,UR-10,exact_missing_source,PESO official GCR 2016 / SMPV(U) 2016 text + 2026 amendments,PESO gazette PDFs,v5 status update,SRC-167;SRC-166;SRC-169;SRC-174;SRC-149,-,T1;T2,-,-,HIGH,PARTIAL,CORRECTION
V5-0558,unresolved_items,UR-10,current_safe_engine_behaviour,peso_gating unchanged; non-T1 rules DO_NOT_IMPLEMENT_YET,R-033 VERIFIED_CONDITIONAL; R-034 ROC; LPG UNKNOWN,v5 status update,SRC-167;SRC-166;SRC-169;SRC-174;SRC-149,-,T1;T2,-,-,HIGH,PARTIAL,CORRECTION
V5-0559,unresolved_items,UR-10,closing_evidence,peso.gov.in rule PDFs,peso.gov.in acts & rules page,v5 status update,SRC-167;SRC-166;SRC-169;SRC-174;SRC-149,-,T1;T2,-,-,HIGH,PARTIAL,CORRECTION
V5-0560,unresolved_items,UR-11,v5_status,,OPEN (carried from v4),v5 status update,SRC-122,-,T3,-,-,HIGH,OPEN (carried from v4),CORRECTION
V5-0561,unresolved_items,UR-12,v5_status,,OPEN,v5 status update,SRC-167;SRC-166;SRC-169;SRC-174;SRC-149,-,T1;T2,-,-,HIGH,OPEN,CORRECTION
V5-0562,unresolved_items,UR-12,exact_missing_fact,Final State rules,Final MH OSH rules,v5 status update,SRC-167;SRC-166;SRC-169;SRC-174;SRC-149,-,T1;T2,-,-,HIGH,OPEN,CORRECTION
V5-0563,unresolved_items,UR-12,exact_missing_source,Maharashtra OSH Rules (final),Gazette (only drafts of 06-05-2026 listed),v5 status update,SRC-167;SRC-166;SRC-169;SRC-174;SRC-149,-,T1;T2,-,-,HIGH,OPEN,CORRECTION
V5-0564,unresolved_items,UR-12,current_safe_engine_behaviour,DRAFT/PORTAL_LEGACY labels retained,DRAFT labels retained,v5 status update,SRC-167;SRC-166;SRC-169;SRC-174;SRC-149,-,T1;T2,-,-,HIGH,OPEN,CORRECTION
V5-0565,unresolved_items,UR-12,closing_evidence,Final State rules gazette,Final State rules,v5 status update,SRC-167;SRC-166;SRC-169;SRC-174;SRC-149,-,T1;T2,-,-,HIGH,OPEN,CORRECTION
V5-0566,unresolved_items,UR-13,v5_status,,OPEN,v5 status update,SRC-167;SRC-166;SRC-169;SRC-174;SRC-149,-,T1;T2,-,-,HIGH,OPEN,CORRECTION
V5-0567,unresolved_items,UR-13,exact_missing_fact,"Service IDs, upload/status/API evidence",MAITRI per-service integration evidence,v5 status update,SRC-167;SRC-166;SRC-169;SRC-174;SRC-149,-,T1;T2,-,-,HIGH,OPEN,CORRECTION
V5-0568,unresolved_items,UR-13,exact_missing_source,MAITRI service specs,MAITRI service specs/API docs,v5 status update,SRC-167;SRC-166;SRC-169;SRC-174;SRC-149,-,T1;T2,-,-,HIGH,OPEN,CORRECTION
V5-0569,unresolved_items,UR-13,current_safe_engine_behaviour,UNKNOWN (never NO_INTEGRATION),INTEGRATION_STATUS UNKNOWN,v5 status update,SRC-167;SRC-166;SRC-169;SRC-174;SRC-149,-,T1;T2,-,-,HIGH,OPEN,CORRECTION
V5-0570,unresolved_items,UR-13,closing_evidence,MAITRI 2.0 service list with specs,MAITRI 2.0 service specifications,v5 status update,SRC-167;SRC-166;SRC-169;SRC-174;SRC-149,-,T1;T2,-,-,HIGH,OPEN,CORRECTION
V5-0571,unresolved_items,UR-14,v5_status,,CLOSED_AS_SITE_DEPENDENT,v5 status update,SRC-167;SRC-166;SRC-169;SRC-174;SRC-149,-,T1;T2,-,-,HIGH,CLOSED_AS_SITE_DEPENDENT,CORRECTION
V5-0572,unresolved_items,UR-14,exact_missing_fact,Zone tables; fire RTS limits,Zone permissibility is decided per planning authority and site,v5 status update,SRC-167;SRC-166;SRC-169;SRC-174;SRC-149,-,T1;T2,-,-,HIGH,CLOSED_AS_SITE_DEPENDENT,CORRECTION
V5-0573,unresolved_items,UR-14,exact_missing_source,UDCPR Chapter 4 zone tables; municipal RTS notifications,-,v5 status update,SRC-167;SRC-166;SRC-169;SRC-174;SRC-149,-,T1;T2,-,-,HIGH,CLOSED_AS_SITE_DEPENDENT,CORRECTION
V5-0574,unresolved_items,UR-14,current_safe_engine_behaviour,PS-02/PS-07 REQUIRES_OFFICIAL_CONFIRMATION,R-105 INSUFFICIENT_DATA until 4 inputs; then CONDITIONAL,v5 status update,SRC-167;SRC-166;SRC-169;SRC-174;SRC-149,-,T1;T2,-,-,HIGH,CLOSED_AS_SITE_DEPENDENT,CORRECTION
V5-0575,unresolved_items,UR-14,closing_evidence,UDCPR zone provisions; RTS notifications of the planning authority,Planning authority decision per site,v5 status update,SRC-167;SRC-166;SRC-169;SRC-174;SRC-149,-,T1;T2,-,-,HIGH,CLOSED_AS_SITE_DEPENDENT,CORRECTION
V5-0576,unresolved_items,UR-15,v5_status,,PARTIAL,v5 status update,SRC-167;SRC-166;SRC-169;SRC-174;SRC-149,-,T1;T2,-,-,HIGH,PARTIAL,CORRECTION
V5-0577,unresolved_items,UR-15,exact_missing_fact,Final rules; notified area list,Currency of MWRRA order 31-07-2015 and complete village list; final Rules,v5 status update,SRC-167;SRC-166;SRC-169;SRC-174;SRC-149,-,T1;T2,-,-,HIGH,PARTIAL,CORRECTION
V5-0578,unresolved_items,UR-15,exact_missing_source,Gazette,MWRRA confirmation / later orders,v5 status update,SRC-167;SRC-166;SRC-169;SRC-174;SRC-149,-,T1;T2,-,-,HIGH,PARTIAL,CORRECTION
V5-0579,unresolved_items,UR-15,current_safe_engine_behaviour,GW-02 REQUIRES_OFFICIAL_CONFIRMATION; GW-03 DO_NOT_IMPLEMENT_YET,R-097 REQUIRES_CONFIRMATION; unmatched village -> INSUFFICIENT_DATA,v5 status update,SRC-167;SRC-166;SRC-169;SRC-174;SRC-149,-,T1;T2,-,-,HIGH,PARTIAL,CORRECTION
V5-0580,unresolved_items,UR-15,closing_evidence,Final rules + MWRRA notifications,MWRRA current notified-area list,v5 status update,SRC-167;SRC-166;SRC-169;SRC-174;SRC-149,-,T1;T2,-,-,HIGH,PARTIAL,CORRECTION
V5-0581,unresolved_items,UR-16,v5_status,,CLOSED,v5 status update,SRC-167;SRC-166;SRC-169;SRC-174;SRC-149,-,T1;T2,-,-,HIGH,CLOSED,CORRECTION
V5-0582,unresolved_items,UR-16,exact_missing_fact,Cell alignment of Annexure A,Per-column cells read from clean vector pages (mfs_annexA_cells),v5 status update,SRC-167;SRC-166;SRC-169;SRC-174;SRC-149,-,T1;T2,-,-,HIGH,CLOSED,CORRECTION
V5-0583,unresolved_items,UR-16,exact_missing_source,Clean copy of Annexure A,-,v5 status update,SRC-167;SRC-166;SRC-169;SRC-174;SRC-149,-,T1;T2,-,-,HIGH,CLOSED,CORRECTION
V5-0584,unresolved_items,UR-16,current_safe_engine_behaviour,Bands used; installation list shown as 'as printed' with confirmation flag,Cells VERIFIED_CONDITIONAL; note 12 overlay with Annexure A-1,v5 status update,SRC-167;SRC-166;SRC-169;SRC-174;SRC-149,-,T1;T2,-,-,HIGH,CLOSED,CORRECTION
V5-0585,unresolved_items,UR-16,closing_evidence,Official clean copy / CFO confirmation,-,v5 status update,SRC-167;SRC-166;SRC-169;SRC-174;SRC-149,-,T1;T2,-,-,HIGH,CLOSED,CORRECTION
V5-0586,unresolved_items,UR-17,(record),(did not exist in v4),ADDED,v5 new unresolved item,SRC-122,-,T3,-,-,HIGH,OPEN,ADDITION
V5-0587,unresolved_items,UR-18,(record),(did not exist in v4),ADDED,v5 new unresolved item,SRC-122,-,T3,-,-,HIGH,OPEN,ADDITION
V5-0588,unresolved_items,UR-19,(record),(did not exist in v4),ADDED,v5 new unresolved item,SRC-122,-,T3,-,-,HIGH,OPEN,ADDITION
V5-0589,automated_checks,(table),(table),(did not exist in v4),ADDED 20 rows,v5 CHECK 01-20 (computed),SRC-122,-,T3,-,-,HIGH,COMPUTED,NEW_TABLE
V5-0590,readiness_abcd,(table),(table),(did not exist in v4),ADDED 21 rows,v5 readiness,SRC-122,-,T3,-,-,HIGH,SEE bucket,NEW_TABLE
V5-0591,machine_summary_v5,(table),(table),(did not exist in v4),ADDED 15 rows,v5 machine-readable summary (computed),SRC-122,-,T3,-,-,HIGH,COMPUTED,NEW_TABLE
