entry_id,chemical_name,name_in_original_gazette,schedule,part,group,serial,cas,col3_threshold,col3_status,col4_threshold,col4_status,column_meaning,rule_reference,footnote,aggregation_rule,effective_date,check_1_original_gazette,check_2_consolidated,check_result,source_id,exact_locator,notes,final_status
S1-FG,Flammable gas,(1989 definitions superseded),Schedule 1,Part I,(b),-,,"gas at 20 C and 101.3 kPa: ignitable in mixture <=13% by volume with air, OR flammable range >=12 percentage points (ISO 10156:1990 / IS 1446:1985)",VERIFIED,-,-,classification criterion,"MSIHC r.2(e)(i), Sch 1","Schedule 1 substituted by rule 9, S.O. 57(E) 19-01-2000",-,2000-01-20,n/a,"gas at 20 C and 101.3 kPa: ignitable in mixture <=13% by volume with air, OR flammable range >=12 percentage points (ISO 10156:1990 / IS 1446:1985)",AGREE (SRC-156 gazette; SRC-157; SRC-155),SRC-156;SRC-157;SRC-155,Sch 1 Part I (b),,VERIFIED
S1-EFL,Extremely flammable liquid,(1989 definitions superseded),Schedule 1,Part I,(b),-,,flash point <=23 C AND boiling point <35 C,VERIFIED,-,-,classification criterion,"MSIHC r.2(e)(i), Sch 1","Schedule 1 substituted by rule 9, S.O. 57(E) 19-01-2000",-,2000-01-20,n/a,flash point <=23 C AND boiling point <35 C,AGREE (SRC-156 gazette; SRC-157; SRC-155),SRC-156;SRC-157;SRC-155,Sch 1 Part I (b),,VERIFIED
S1-VHFL,Very highly flammable liquid,(1989 definitions superseded),Schedule 1,Part I,(b),-,,flash point <=23 C AND initial boiling point >35 C,VERIFIED,-,-,classification criterion,"MSIHC r.2(e)(i), Sch 1","Schedule 1 substituted by rule 9, S.O. 57(E) 19-01-2000",-,2000-01-20,n/a,flash point <=23 C AND initial boiling point >35 C,AGREE (SRC-156 gazette; SRC-157; SRC-155),SRC-156;SRC-157;SRC-155,Sch 1 Part I (b),,VERIFIED
S1-HFL,Highly flammable liquid,(1989 definitions superseded),Schedule 1,Part I,(b),-,,23 C < flash point <=60 C,VERIFIED,-,-,classification criterion,"MSIHC r.2(e)(i), Sch 1","Schedule 1 substituted by rule 9, S.O. 57(E) 19-01-2000",-,2000-01-20,n/a,23 C < flash point <=60 C,AGREE (SRC-156 gazette; SRC-157; SRC-155),SRC-156;SRC-157;SRC-155,Sch 1 Part I (b),,VERIFIED
S1-FL,Flammable liquid,(1989 definitions superseded),Schedule 1,Part I,(b),-,,60 C < flash point <90 C,VERIFIED,-,-,classification criterion,"MSIHC r.2(e)(i), Sch 1","Schedule 1 substituted by rule 9, S.O. 57(E) 19-01-2000",-,2000-01-20,n/a,60 C < flash point <90 C,AGREE (SRC-156 gazette; SRC-157; SRC-155),SRC-156;SRC-157;SRC-155,Sch 1 Part I (b),,VERIFIED
S1-TOX,Toxic classes,(1989 definitions superseded),Schedule 1,Part I,(a),-,,"Extremely toxic / highly toxic / toxic by oral LD50, dermal LD50, inhalation LC50 bands as printed in Sch 1 Part I(a) (see source; OCR of band signs unreliable - bands not encoded)",REQUIRES_OFFICIAL_CONFIRMATION,-,-,classification criterion,"MSIHC r.2(e)(i), Sch 1","Schedule 1 substituted by rule 9, S.O. 57(E) 19-01-2000",-,2000-01-20,n/a,"Extremely toxic / highly toxic / toxic by oral LD50, dermal LD50, inhalation LC50 bands as printed in Sch 1 Part I(a) (see source; OCR of band signs unreliable - bands not encoded)",bands not encoded,SRC-156;SRC-157;SRC-155,Sch 1 Part I (a),"SRC-167 p.740 prints Extremely toxic oral '>5', highly toxic inhalation '<0.5-2.0' - signs internally contradictory; official text ambiguous -> kept blocked, not repaired",REQUIRES_OFFICIAL_CONFIRMATION
S2-01,Acrylonitrile,Acrylonitrile,Schedule 2,-,-,1,,350 t,VERIFIED,"5,000 t",VERIFIED,"col 3 -> rules 4, 5, 7-9 and 13-15; col 4 -> rules 10-12 (headings substituted by S.O. 57(E) r.10(i))","MSIHC r.2(e)(ii), 4-15 (isolated storage)",,Sch 2 note (b): pipeline/other site within 500 m; storage vehicles (not transport),1989-11-27,"350 / 5,000","350 / 5,000",AGREE (original gazette p.32 visual+OCR; consolidated),SRC-154;SRC-155,Sch 2 s.no.1,,VERIFIED
S2-02,Ammonia,Ammonia,Schedule 2,-,-,2,,60 t,VERIFIED,600 t,VERIFIED,"col 3 -> rules 4, 5, 7-9 and 13-15; col 4 -> rules 10-12 (headings substituted by S.O. 57(E) r.10(i))","MSIHC r.2(e)(ii), 4-15 (isolated storage)",,Sch 2 note (b): pipeline/other site within 500 m; storage vehicles (not transport),1989-11-27,60 / 600,60 / 600,AGREE (original gazette p.32 visual+OCR; consolidated),SRC-154;SRC-155,Sch 2 s.no.2,,VERIFIED
S2-03,Ammonium nitrate (note a),Ammonium nitrate (note a),Schedule 2,-,-,3,,350 t,VERIFIED,"2,500 t",VERIFIED,"col 3 -> rules 4, 5, 7-9 and 13-15; col 4 -> rules 10-12 (headings substituted by S.O. 57(E) r.10(i))","MSIHC r.2(e)(ii), 4-15 (isolated storage)",,Sch 2 note (b): pipeline/other site within 500 m; storage vehicles (not transport),1989-11-27,"350 / 2,500","350 / 2,500",AGREE (original gazette p.32 visual+OCR; consolidated),SRC-154;SRC-155,Sch 2 s.no.3,,VERIFIED
S2-04,Ammonium nitrate fertilizers (note b),Ammonium nitrate fertilizers (note b),Schedule 2,-,-,4,,"1,250 t",VERIFIED,"10,000 t",VERIFIED,"col 3 -> rules 4, 5, 7-9 and 13-15; col 4 -> rules 10-12 (headings substituted by S.O. 57(E) r.10(i))","MSIHC r.2(e)(ii), 4-15 (isolated storage)",,Sch 2 note (b): pipeline/other site within 500 m; storage vehicles (not transport),1989-11-27,"1,250 / 10,000","1,250 / 10,000",AGREE (original gazette p.32 visual+OCR; consolidated),SRC-154;SRC-155,Sch 2 s.no.4,,VERIFIED
S2-05,Chlorine,Chlorine,Schedule 2,-,-,5,,10 t,VERIFIED,25 t,VERIFIED,"col 3 -> rules 4, 5, 7-9 and 13-15; col 4 -> rules 10-12 (headings substituted by S.O. 57(E) r.10(i))","MSIHC r.2(e)(ii), 4-15 (isolated storage)",,Sch 2 note (b): pipeline/other site within 500 m; storage vehicles (not transport),1989-11-27,10 / 25,10 / 25,AGREE (original gazette p.32 visual+OCR; consolidated),SRC-154;SRC-155,Sch 2 s.no.5,,VERIFIED
S2-06,Flammable gases as defined in Sch 1 para (b)(i),Flammable gases as defined in Sch 1 para (b)(i),Schedule 2,-,-,6,,50 t,VERIFIED,300 t,VERIFIED,"col 3 -> rules 4, 5, 7-9 and 13-15; col 4 -> rules 10-12 (headings substituted by S.O. 57(E) r.10(i))","MSIHC r.2(e)(ii), 4-15 (isolated storage)",,Sch 2 note (b): pipeline/other site within 500 m; storage vehicles (not transport),1989-11-27,50 / 300,50 / 300,AGREE (original gazette p.32 visual+OCR; consolidated),SRC-154;SRC-155,Sch 2 s.no.6,,VERIFIED
S2-07,Extremely flammable liquids as defined in Sch 1 para (b)(ii),Highly flammable liquids (b)(ii) [pre-2000 wording],Schedule 2,-,-,7,,"5,000 t",VERIFIED,"50,000 t",VERIFIED,"col 3 -> rules 4, 5, 7-9 and 13-15; col 4 -> rules 10-12 (headings substituted by S.O. 57(E) r.10(i))","MSIHC r.2(e)(ii), 4-15 (isolated storage)","Substituted (s.no.7) / inserted (28-30) by rule 10, S.O. 57(E) 19-01-2000",Sch 2 note (b): pipeline/other site within 500 m; storage vehicles (not transport),2000-01-20,"10,000 / 10,0000 [pre-2000 'highly flammable liquids']","5,000 / 50,000",AGREE (S.O.57(E) gazette; FAOLEX copy; consolidated),SRC-156;SRC-157;SRC-155,Sch 2 s.no.7,,VERIFIED
S2-08,Liquid oxygen,Liquid oxygen,Schedule 2,-,-,8,,200 t,VERIFIED,"2,000 t",VERIFIED,"col 3 -> rules 4, 5, 7-9 and 13-15; col 4 -> rules 10-12 (headings substituted by S.O. 57(E) r.10(i))","MSIHC r.2(e)(ii), 4-15 (isolated storage)",,Sch 2 note (b): pipeline/other site within 500 m; storage vehicles (not transport),1989-11-27,"200 / 2,000","200 / 2,000",AGREE (original gazette p.32 visual+OCR; consolidated),SRC-154;SRC-155,Sch 2 s.no.8,,VERIFIED
S2-09,Sodium chlorate,Sodium chlorate,Schedule 2,-,-,9,,25 t,VERIFIED,250 t,VERIFIED,"col 3 -> rules 4, 5, 7-9 and 13-15; col 4 -> rules 10-12 (headings substituted by S.O. 57(E) r.10(i))","MSIHC r.2(e)(ii), 4-15 (isolated storage)",,Sch 2 note (b): pipeline/other site within 500 m; storage vehicles (not transport),1989-11-27,25 / 250,25 / 250,AGREE (original gazette p.32 visual+OCR; consolidated),SRC-154;SRC-155,Sch 2 s.no.9,,VERIFIED
S2-10,Sulphur dioxide,Sulphur dioxide,Schedule 2,-,-,10,,20 t,VERIFIED,500 t,VERIFIED,"col 3 -> rules 4, 5, 7-9 and 13-15; col 4 -> rules 10-12 (headings substituted by S.O. 57(E) r.10(i))","MSIHC r.2(e)(ii), 4-15 (isolated storage)",,Sch 2 note (b): pipeline/other site within 500 m; storage vehicles (not transport),1989-11-27,20 / 500,20 / 500,AGREE (original gazette p.32 visual+OCR; consolidated),SRC-154;SRC-155,Sch 2 s.no.10,,VERIFIED
S2-11,Sulphur trioxide,Sulphur trioxide,Schedule 2,-,-,11,,15 t,VERIFIED,100 t,VERIFIED,"col 3 -> rules 4, 5, 7-9 and 13-15; col 4 -> rules 10-12 (headings substituted by S.O. 57(E) r.10(i))","MSIHC r.2(e)(ii), 4-15 (isolated storage)",,Sch 2 note (b): pipeline/other site within 500 m; storage vehicles (not transport),1989-11-27,15 / 100,15 / 100,AGREE (original gazette p.32 visual+OCR; consolidated),SRC-154;SRC-155,Sch 2 s.no.11,,VERIFIED
S2-12,Carbonyl chloride,-,Schedule 2,-,-,12,,0.750 t,VERIFIED_T1_CONSOLIDATED,0.750 t,VERIFIED_T1_CONSOLIDATED,"col 3 -> rules 4, 5, 7-9 and 13-15; col 4 -> rules 10-12 (headings substituted by S.O. 57(E) r.10(i))","MSIHC r.2(e)(ii), 4-15 (isolated storage)","Inserted by MSIHC (Amendment) Rules 1994, S.O. 2882(E) 03-10-1994 (consolidated footnote)",Sch 2 note (b): pipeline/other site within 500 m; storage vehicles (not transport),1994-10-03,(not in 1989 text),0.750 / 0.750,T1 consolidated attribution (SRC-167 footnote 4) + identical value in SRC-155,SRC-167;SRC-155,"SRC-167 Sch 2 s.no.12 (p.746-747); footnote 4: 'Inserted entries 12 to 27 by Rule 11 of the MSIHC (Amendment) Rules, 1994 notified vide S.O.2882, dated 3.10.1994'",,VERIFIED
S2-13,Hydrogen sulphide,-,Schedule 2,-,-,13,,5 t,VERIFIED_T1_CONSOLIDATED,50 t,VERIFIED_T1_CONSOLIDATED,"col 3 -> rules 4, 5, 7-9 and 13-15; col 4 -> rules 10-12 (headings substituted by S.O. 57(E) r.10(i))","MSIHC r.2(e)(ii), 4-15 (isolated storage)","Inserted by MSIHC (Amendment) Rules 1994, S.O. 2882(E) 03-10-1994 (consolidated footnote)",Sch 2 note (b): pipeline/other site within 500 m; storage vehicles (not transport),1994-10-03,(not in 1989 text),5 / 50,T1 consolidated attribution (SRC-167 footnote 4) + identical value in SRC-155,SRC-167;SRC-155,"SRC-167 Sch 2 s.no.13 (p.746-747); footnote 4: 'Inserted entries 12 to 27 by Rule 11 of the MSIHC (Amendment) Rules, 1994 notified vide S.O.2882, dated 3.10.1994'",,VERIFIED
S2-14,Hydrogen fluoride,-,Schedule 2,-,-,14,,5 t,VERIFIED_T1_CONSOLIDATED,50 t,VERIFIED_T1_CONSOLIDATED,"col 3 -> rules 4, 5, 7-9 and 13-15; col 4 -> rules 10-12 (headings substituted by S.O. 57(E) r.10(i))","MSIHC r.2(e)(ii), 4-15 (isolated storage)","Inserted by MSIHC (Amendment) Rules 1994, S.O. 2882(E) 03-10-1994 (consolidated footnote)",Sch 2 note (b): pipeline/other site within 500 m; storage vehicles (not transport),1994-10-03,(not in 1989 text),5 / 50,T1 consolidated attribution (SRC-167 footnote 4) + identical value in SRC-155,SRC-167;SRC-155,"SRC-167 Sch 2 s.no.14 (p.746-747); footnote 4: 'Inserted entries 12 to 27 by Rule 11 of the MSIHC (Amendment) Rules, 1994 notified vide S.O.2882, dated 3.10.1994'",,VERIFIED
S2-15,Hydrogen cyanide,-,Schedule 2,-,-,15,,5 t,VERIFIED_T1_CONSOLIDATED,50 t,VERIFIED_T1_CONSOLIDATED,"col 3 -> rules 4, 5, 7-9 and 13-15; col 4 -> rules 10-12 (headings substituted by S.O. 57(E) r.10(i))","MSIHC r.2(e)(ii), 4-15 (isolated storage)","Inserted by MSIHC (Amendment) Rules 1994, S.O. 2882(E) 03-10-1994 (consolidated footnote)",Sch 2 note (b): pipeline/other site within 500 m; storage vehicles (not transport),1994-10-03,(not in 1989 text),5 / 50,T1 consolidated attribution (SRC-167 footnote 4) + identical value in SRC-155,SRC-167;SRC-155,"SRC-167 Sch 2 s.no.15 (p.746-747); footnote 4: 'Inserted entries 12 to 27 by Rule 11 of the MSIHC (Amendment) Rules, 1994 notified vide S.O.2882, dated 3.10.1994'",,VERIFIED
S2-16,Carbon disulphide,-,Schedule 2,-,-,16,,20 t,VERIFIED_T1_CONSOLIDATED,200 t,VERIFIED_T1_CONSOLIDATED,"col 3 -> rules 4, 5, 7-9 and 13-15; col 4 -> rules 10-12 (headings substituted by S.O. 57(E) r.10(i))","MSIHC r.2(e)(ii), 4-15 (isolated storage)","Inserted by MSIHC (Amendment) Rules 1994, S.O. 2882(E) 03-10-1994 (consolidated footnote)",Sch 2 note (b): pipeline/other site within 500 m; storage vehicles (not transport),1994-10-03,(not in 1989 text),20 / 200,T1 consolidated attribution (SRC-167 footnote 4) + identical value in SRC-155,SRC-167;SRC-155,"SRC-167 Sch 2 s.no.16 (p.746-747); footnote 4: 'Inserted entries 12 to 27 by Rule 11 of the MSIHC (Amendment) Rules, 1994 notified vide S.O.2882, dated 3.10.1994'",,VERIFIED
S2-17,Bromine,-,Schedule 2,-,-,17,,50 t,VERIFIED_T1_CONSOLIDATED,500 t,VERIFIED_T1_CONSOLIDATED,"col 3 -> rules 4, 5, 7-9 and 13-15; col 4 -> rules 10-12 (headings substituted by S.O. 57(E) r.10(i))","MSIHC r.2(e)(ii), 4-15 (isolated storage)","Inserted by MSIHC (Amendment) Rules 1994, S.O. 2882(E) 03-10-1994 (consolidated footnote)",Sch 2 note (b): pipeline/other site within 500 m; storage vehicles (not transport),1994-10-03,(not in 1989 text),50 / 500,T1 consolidated attribution (SRC-167 footnote 4) + identical value in SRC-155,SRC-167;SRC-155,"SRC-167 Sch 2 s.no.17 (p.746-747); footnote 4: 'Inserted entries 12 to 27 by Rule 11 of the MSIHC (Amendment) Rules, 1994 notified vide S.O.2882, dated 3.10.1994'",,VERIFIED
S2-18,Ethylene oxide,-,Schedule 2,-,-,18,,5 t,VERIFIED_T1_CONSOLIDATED,'501' as printed (probable typo for 50),REQUIRES_OFFICIAL_CONFIRMATION (printed '501' in SRC-167 and SRC-155; possible '50' + footnote marker - NOT repaired),"col 3 -> rules 4, 5, 7-9 and 13-15; col 4 -> rules 10-12 (headings substituted by S.O. 57(E) r.10(i))","MSIHC r.2(e)(ii), 4-15 (isolated storage)","Inserted by MSIHC (Amendment) Rules 1994, S.O. 2882(E) 03-10-1994 (consolidated footnote)",Sch 2 note (b): pipeline/other site within 500 m; storage vehicles (not transport),1994-10-03,(not in 1989 text),5 / '501' as printed (probable typo for 50),T1 consolidated attribution (SRC-167 footnote 4) + identical value in SRC-155; col 4 ambiguous,SRC-167;SRC-155,"SRC-167 Sch 2 s.no.18 (p.746-747); footnote 4: 'Inserted entries 12 to 27 by Rule 11 of the MSIHC (Amendment) Rules, 1994 notified vide S.O.2882, dated 3.10.1994'",EO col 4 printed '501' - engine must not use until confirmed,VERIFIED_CONDITIONAL
S2-19,Propylene oxide,-,Schedule 2,-,-,19,,5 t,VERIFIED_T1_CONSOLIDATED,50 t,VERIFIED_T1_CONSOLIDATED,"col 3 -> rules 4, 5, 7-9 and 13-15; col 4 -> rules 10-12 (headings substituted by S.O. 57(E) r.10(i))","MSIHC r.2(e)(ii), 4-15 (isolated storage)","Inserted by MSIHC (Amendment) Rules 1994, S.O. 2882(E) 03-10-1994 (consolidated footnote)",Sch 2 note (b): pipeline/other site within 500 m; storage vehicles (not transport),1994-10-03,(not in 1989 text),5 / 50,T1 consolidated attribution (SRC-167 footnote 4) + identical value in SRC-155,SRC-167;SRC-155,"SRC-167 Sch 2 s.no.19 (p.746-747); footnote 4: 'Inserted entries 12 to 27 by Rule 11 of the MSIHC (Amendment) Rules, 1994 notified vide S.O.2882, dated 3.10.1994'",,VERIFIED
S2-20,Acrolein,-,Schedule 2,-,-,20,,20 t,VERIFIED_T1_CONSOLIDATED,200 t,VERIFIED_T1_CONSOLIDATED,"col 3 -> rules 4, 5, 7-9 and 13-15; col 4 -> rules 10-12 (headings substituted by S.O. 57(E) r.10(i))","MSIHC r.2(e)(ii), 4-15 (isolated storage)","Inserted by MSIHC (Amendment) Rules 1994, S.O. 2882(E) 03-10-1994 (consolidated footnote)",Sch 2 note (b): pipeline/other site within 500 m; storage vehicles (not transport),1994-10-03,(not in 1989 text),20 / 200,T1 consolidated attribution (SRC-167 footnote 4) + identical value in SRC-155,SRC-167;SRC-155,"SRC-167 Sch 2 s.no.20 (p.746-747); footnote 4: 'Inserted entries 12 to 27 by Rule 11 of the MSIHC (Amendment) Rules, 1994 notified vide S.O.2882, dated 3.10.1994'",,VERIFIED
S2-21,Methyl bromide,-,Schedule 2,-,-,21,,20 t,VERIFIED_T1_CONSOLIDATED,200 t,VERIFIED_T1_CONSOLIDATED,"col 3 -> rules 4, 5, 7-9 and 13-15; col 4 -> rules 10-12 (headings substituted by S.O. 57(E) r.10(i))","MSIHC r.2(e)(ii), 4-15 (isolated storage)","Inserted by MSIHC (Amendment) Rules 1994, S.O. 2882(E) 03-10-1994 (consolidated footnote)",Sch 2 note (b): pipeline/other site within 500 m; storage vehicles (not transport),1994-10-03,(not in 1989 text),20 / 200,T1 consolidated attribution (SRC-167 footnote 4) + identical value in SRC-155,SRC-167;SRC-155,"SRC-167 Sch 2 s.no.21 (p.746-747); footnote 4: 'Inserted entries 12 to 27 by Rule 11 of the MSIHC (Amendment) Rules, 1994 notified vide S.O.2882, dated 3.10.1994'",,VERIFIED
S2-22,Methyl isocyanate,-,Schedule 2,-,-,22,,0.150 t,VERIFIED_T1_CONSOLIDATED,0.150 t,VERIFIED_T1_CONSOLIDATED,"col 3 -> rules 4, 5, 7-9 and 13-15; col 4 -> rules 10-12 (headings substituted by S.O. 57(E) r.10(i))","MSIHC r.2(e)(ii), 4-15 (isolated storage)","Inserted by MSIHC (Amendment) Rules 1994, S.O. 2882(E) 03-10-1994 (consolidated footnote)",Sch 2 note (b): pipeline/other site within 500 m; storage vehicles (not transport),1994-10-03,(not in 1989 text),0.150 / 0.150,T1 consolidated attribution (SRC-167 footnote 4) + identical value in SRC-155,SRC-167;SRC-155,"SRC-167 Sch 2 s.no.22 (p.746-747); footnote 4: 'Inserted entries 12 to 27 by Rule 11 of the MSIHC (Amendment) Rules, 1994 notified vide S.O.2882, dated 3.10.1994'",,VERIFIED
S2-23,Tetraethyl lead or tetramethyl lead,-,Schedule 2,-,-,23,,5 t,VERIFIED_T1_CONSOLIDATED,50 t,VERIFIED_T1_CONSOLIDATED,"col 3 -> rules 4, 5, 7-9 and 13-15; col 4 -> rules 10-12 (headings substituted by S.O. 57(E) r.10(i))","MSIHC r.2(e)(ii), 4-15 (isolated storage)","Inserted by MSIHC (Amendment) Rules 1994, S.O. 2882(E) 03-10-1994 (consolidated footnote)",Sch 2 note (b): pipeline/other site within 500 m; storage vehicles (not transport),1994-10-03,(not in 1989 text),5 / 50,T1 consolidated attribution (SRC-167 footnote 4) + identical value in SRC-155,SRC-167;SRC-155,"SRC-167 Sch 2 s.no.23 (p.746-747); footnote 4: 'Inserted entries 12 to 27 by Rule 11 of the MSIHC (Amendment) Rules, 1994 notified vide S.O.2882, dated 3.10.1994'",,VERIFIED
S2-24,"1,2-Dibromoethane (Ethylene dibromide)",-,Schedule 2,-,-,24,,5 t,VERIFIED_T1_CONSOLIDATED,50 t,VERIFIED_T1_CONSOLIDATED,"col 3 -> rules 4, 5, 7-9 and 13-15; col 4 -> rules 10-12 (headings substituted by S.O. 57(E) r.10(i))","MSIHC r.2(e)(ii), 4-15 (isolated storage)","Inserted by MSIHC (Amendment) Rules 1994, S.O. 2882(E) 03-10-1994 (consolidated footnote)",Sch 2 note (b): pipeline/other site within 500 m; storage vehicles (not transport),1994-10-03,(not in 1989 text),5 / 50,T1 consolidated attribution (SRC-167 footnote 4) + identical value in SRC-155,SRC-167;SRC-155,"SRC-167 Sch 2 s.no.24 (p.746-747); footnote 4: 'Inserted entries 12 to 27 by Rule 11 of the MSIHC (Amendment) Rules, 1994 notified vide S.O.2882, dated 3.10.1994'",,VERIFIED
S2-25,Hydrogen chloride (liquefied gas),-,Schedule 2,-,-,25,,25 t,VERIFIED_T1_CONSOLIDATED,250 t,VERIFIED_T1_CONSOLIDATED,"col 3 -> rules 4, 5, 7-9 and 13-15; col 4 -> rules 10-12 (headings substituted by S.O. 57(E) r.10(i))","MSIHC r.2(e)(ii), 4-15 (isolated storage)","Inserted by MSIHC (Amendment) Rules 1994, S.O. 2882(E) 03-10-1994 (consolidated footnote)",Sch 2 note (b): pipeline/other site within 500 m; storage vehicles (not transport),1994-10-03,(not in 1989 text),25 / 250,T1 consolidated attribution (SRC-167 footnote 4) + identical value in SRC-155,SRC-167;SRC-155,"SRC-167 Sch 2 s.no.25 (p.746-747); footnote 4: 'Inserted entries 12 to 27 by Rule 11 of the MSIHC (Amendment) Rules, 1994 notified vide S.O.2882, dated 3.10.1994'",,VERIFIED
S2-26,Diphenyl methane di-isocyanate (MDI),-,Schedule 2,-,-,26,,20 t,VERIFIED_T1_CONSOLIDATED,200 t,VERIFIED_T1_CONSOLIDATED,"col 3 -> rules 4, 5, 7-9 and 13-15; col 4 -> rules 10-12 (headings substituted by S.O. 57(E) r.10(i))","MSIHC r.2(e)(ii), 4-15 (isolated storage)","Inserted by MSIHC (Amendment) Rules 1994, S.O. 2882(E) 03-10-1994 (consolidated footnote)",Sch 2 note (b): pipeline/other site within 500 m; storage vehicles (not transport),1994-10-03,(not in 1989 text),20 / 200,T1 consolidated attribution (SRC-167 footnote 4) + identical value in SRC-155,SRC-167;SRC-155,"SRC-167 Sch 2 s.no.26 (p.746-747); footnote 4: 'Inserted entries 12 to 27 by Rule 11 of the MSIHC (Amendment) Rules, 1994 notified vide S.O.2882, dated 3.10.1994'",,VERIFIED
S2-27,Toluene di-isocyanate (TDI),-,Schedule 2,-,-,27,,10 t,VERIFIED_T1_CONSOLIDATED,100 t,VERIFIED_T1_CONSOLIDATED,"col 3 -> rules 4, 5, 7-9 and 13-15; col 4 -> rules 10-12 (headings substituted by S.O. 57(E) r.10(i))","MSIHC r.2(e)(ii), 4-15 (isolated storage)","Inserted by MSIHC (Amendment) Rules 1994, S.O. 2882(E) 03-10-1994 (consolidated footnote)",Sch 2 note (b): pipeline/other site within 500 m; storage vehicles (not transport),1994-10-03,(not in 1989 text),10 / 100,T1 consolidated attribution (SRC-167 footnote 4) + identical value in SRC-155,SRC-167;SRC-155,"SRC-167 Sch 2 s.no.27 (p.746-747); footnote 4: 'Inserted entries 12 to 27 by Rule 11 of the MSIHC (Amendment) Rules, 1994 notified vide S.O.2882, dated 3.10.1994'",,VERIFIED
S2-28,Very highly flammable liquids as defined in Sch 1 para (b)(iii),-,Schedule 2,-,-,28,,"7,000 t",VERIFIED,"7,000 t",VERIFIED,"col 3 -> rules 4, 5, 7-9 and 13-15; col 4 -> rules 10-12 (headings substituted by S.O. 57(E) r.10(i))","MSIHC r.2(e)(ii), 4-15 (isolated storage)","Substituted (s.no.7) / inserted (28-30) by rule 10, S.O. 57(E) 19-01-2000",Sch 2 note (b): pipeline/other site within 500 m; storage vehicles (not transport),2000-01-20,(not in 1989 text),"7,000 / 7,000",AGREE (S.O.57(E) gazette; FAOLEX copy; consolidated),SRC-156;SRC-157;SRC-155,Sch 2 s.no.28,,VERIFIED
S2-29,Highly flammable liquids as defined in Sch 1 para (b)(iv),-,Schedule 2,-,-,29,,"10,000 t",VERIFIED,"10,000 t",VERIFIED,"col 3 -> rules 4, 5, 7-9 and 13-15; col 4 -> rules 10-12 (headings substituted by S.O. 57(E) r.10(i))","MSIHC r.2(e)(ii), 4-15 (isolated storage)","Substituted (s.no.7) / inserted (28-30) by rule 10, S.O. 57(E) 19-01-2000",Sch 2 note (b): pipeline/other site within 500 m; storage vehicles (not transport),2000-01-20,(not in 1989 text),"10,000 / 10,000",AGREE (S.O.57(E) gazette; FAOLEX copy; consolidated),SRC-156;SRC-157;SRC-155,Sch 2 s.no.29,,VERIFIED
S2-30,Flammable liquids as defined in Sch 1 para (b)(v),-,Schedule 2,-,-,30,,"15,000 t",VERIFIED,"1,00,000 t",VERIFIED,"col 3 -> rules 4, 5, 7-9 and 13-15; col 4 -> rules 10-12 (headings substituted by S.O. 57(E) r.10(i))","MSIHC r.2(e)(ii), 4-15 (isolated storage)","Substituted (s.no.7) / inserted (28-30) by rule 10, S.O. 57(E) 19-01-2000",Sch 2 note (b): pipeline/other site within 500 m; storage vehicles (not transport),2000-01-20,(not in 1989 text),"15,000 / 1,00,000",AGREE (S.O.57(E) gazette; FAOLEX copy; consolidated),SRC-156;SRC-157;SRC-155,Sch 2 s.no.30,,VERIFIED
S3P1-001,Aldicarb,2. 3. 4. 5. GROUP 1-TOXIC SUBSTANCES 1. Aldicarb,Schedule 3,Part I,Group 1 - Toxic,1,116-06-3,100 kg,VERIFIED,NOT_PRINTED,VERIFIED (not printed),"col 3 -> rules 5, 7-9; col 4 -> rules 10-12 and 13-15 (column headings as printed)","MSIHC r.2(e)(iii), 5, 7-15",,Sch 3 note (a)-(b): installations of same occupier <500 m apart; connected pipeline within 500 m; other site within 500 m; storage vehicles/vessels (not transport),1989-11-27,100 kg,100 kg,AGREE,SRC-154;SRC-155,Sch 3 Part I s.no.1 (Gazette 27-11-1989 pp.33-38; consolidated pp.755-760),,VERIFIED
S3P1-002,4-Aminodiphenyl,4-Arninodiphonyl lkg 96-67-1,Schedule 3,Part I,Group 1 - Toxic,2,96-67-1,1 kg,VERIFIED,NOT_PRINTED,VERIFIED (not printed),"col 3 -> rules 5, 7-9; col 4 -> rules 10-12 and 13-15 (column headings as printed)","MSIHC r.2(e)(iii), 5, 7-15",,Sch 3 note (a)-(b): installations of same occupier <500 m apart; connected pipeline within 500 m; other site within 500 m; storage vehicles/vessels (not transport),1989-11-27,1 kg,1 kg,AGREE,SRC-154;SRC-155,Sch 3 Part I s.no.2 (Gazette 27-11-1989 pp.33-38; consolidated pp.755-760),,VERIFIED
S3P1-003,Amiton,Amiton lkg 78-53-5,Schedule 3,Part I,Group 1 - Toxic,3,78-53-5,1 kg,VERIFIED,NOT_PRINTED,VERIFIED (not printed),"col 3 -> rules 5, 7-9; col 4 -> rules 10-12 and 13-15 (column headings as printed)","MSIHC r.2(e)(iii), 5, 7-15",,Sch 3 note (a)-(b): installations of same occupier <500 m apart; connected pipeline within 500 m; other site within 500 m; storage vehicles/vessels (not transport),1989-11-27,1 kg,1 kg,AGREE,SRC-154;SRC-155,Sch 3 Part I s.no.3 (Gazette 27-11-1989 pp.33-38; consolidated pp.755-760),,VERIFIED
S3P1-004,Anabasine,Anabasine,Schedule 3,Part I,Group 1 - Toxic,4,494-52-0,100 kg,VERIFIED,NOT_PRINTED,VERIFIED (not printed),"col 3 -> rules 5, 7-9; col 4 -> rules 10-12 and 13-15 (column headings as printed)","MSIHC r.2(e)(iii), 5, 7-15",,Sch 3 note (a)-(b): installations of same occupier <500 m apart; connected pipeline within 500 m; other site within 500 m; storage vehicles/vessels (not transport),1989-11-27,100 kg,100 kg,AGREE,SRC-154;SRC-155,Sch 3 Part I s.no.4 (Gazette 27-11-1989 pp.33-38; consolidated pp.755-760),,VERIFIED
S3P1-005,"Arseinc pentoxide, Arsenic (V) acid & salts","Arse lie pettemde, Arsenic (V) acid &",Schedule 3,Part I,Group 1 - Toxic,5,,500 kg,VERIFIED,NOT_PRINTED,VERIFIED (not printed),"col 3 -> rules 5, 7-9; col 4 -> rules 10-12 and 13-15 (column headings as printed)","MSIHC r.2(e)(iii), 5, 7-15",,Sch 3 note (a)-(b): installations of same occupier <500 m apart; connected pipeline within 500 m; other site within 500 m; storage vehicles/vessels (not transport),1989-11-27,500 kg,500 kg,AGREE,SRC-154;SRC-155,Sch 3 Part I s.no.5 (Gazette 27-11-1989 pp.33-38; consolidated pp.755-760),,VERIFIED
S3P1-006,"Arsenic trioxide, Arsenic (III) acid & salts","A'-seT.o trioxide, Arsemous (III) acid &",Schedule 3,Part I,Group 1 - Toxic,6,,100 kg,VERIFIED,NOT_PRINTED,VERIFIED (not printed),"col 3 -> rules 5, 7-9; col 4 -> rules 10-12 and 13-15 (column headings as printed)","MSIHC r.2(e)(iii), 5, 7-15",,Sch 3 note (a)-(b): installations of same occupier <500 m apart; connected pipeline within 500 m; other site within 500 m; storage vehicles/vessels (not transport),1989-11-27,100 kg,100 kg,AGREE,SRC-154;SRC-155,Sch 3 Part I s.no.6 (Gazette 27-11-1989 pp.33-38; consolidated pp.755-760),,VERIFIED
S3P1-007,Arsine (Arsenic hydride),Arshn (Arsenic hydride),Schedule 3,Part I,Group 1 - Toxic,7,7784-42-1,10 kg,VERIFIED,NOT_PRINTED,VERIFIED (not printed),"col 3 -> rules 5, 7-9; col 4 -> rules 10-12 and 13-15 (column headings as printed)","MSIHC r.2(e)(iii), 5, 7-15",,Sch 3 note (a)-(b): installations of same occupier <500 m apart; connected pipeline within 500 m; other site within 500 m; storage vehicles/vessels (not transport),1989-11-27,10 kg,10 kg,AGREE,SRC-154;SRC-155,Sch 3 Part I s.no.7 (Gazette 27-11-1989 pp.33-38; consolidated pp.755-760),,VERIFIED
S3P1-008,Azinphos-ethyl,Azinphos-ethyl,Schedule 3,Part I,Group 1 - Toxic,8,2642-71-9,100 kg,VERIFIED,NOT_PRINTED,VERIFIED (not printed),"col 3 -> rules 5, 7-9; col 4 -> rules 10-12 and 13-15 (column headings as printed)","MSIHC r.2(e)(iii), 5, 7-15",,Sch 3 note (a)-(b): installations of same occupier <500 m apart; connected pipeline within 500 m; other site within 500 m; storage vehicles/vessels (not transport),1989-11-27,100 kg,100 kg,AGREE,SRC-154;SRC-155,Sch 3 Part I s.no.8 (Gazette 27-11-1989 pp.33-38; consolidated pp.755-760),,VERIFIED
S3P1-009,Azinphos-methyl,Azinphos-methyl,Schedule 3,Part I,Group 1 - Toxic,9,86-50-0,100 kg,VERIFIED,NOT_PRINTED,VERIFIED (not printed),"col 3 -> rules 5, 7-9; col 4 -> rules 10-12 and 13-15 (column headings as printed)","MSIHC r.2(e)(iii), 5, 7-15",,Sch 3 note (a)-(b): installations of same occupier <500 m apart; connected pipeline within 500 m; other site within 500 m; storage vehicles/vessels (not transport),1989-11-27,100 kg,100 kg,AGREE,SRC-154;SRC-155,Sch 3 Part I s.no.9 (Gazette 27-11-1989 pp.33-38; consolidated pp.755-760),,VERIFIED
S3P1-010,Benzidine,Benzidine lkg 92-87-5,Schedule 3,Part I,Group 1 - Toxic,10,92-87-5,1 kg,VERIFIED,NOT_PRINTED,VERIFIED (not printed),"col 3 -> rules 5, 7-9; col 4 -> rules 10-12 and 13-15 (column headings as printed)","MSIHC r.2(e)(iii), 5, 7-15",,Sch 3 note (a)-(b): installations of same occupier <500 m apart; connected pipeline within 500 m; other site within 500 m; storage vehicles/vessels (not transport),1989-11-27,1 kg,1 kg,AGREE,SRC-154;SRC-155,Sch 3 Part I s.no.10 (Gazette 27-11-1989 pp.33-38; consolidated pp.755-760),,VERIFIED
S3P1-011,Bezidine salts,Bsiizidino salts lkg,Schedule 3,Part I,Group 1 - Toxic,11,,1 kg,VERIFIED,NOT_PRINTED,VERIFIED (not printed),"col 3 -> rules 5, 7-9; col 4 -> rules 10-12 and 13-15 (column headings as printed)","MSIHC r.2(e)(iii), 5, 7-15",,Sch 3 note (a)-(b): installations of same occupier <500 m apart; connected pipeline within 500 m; other site within 500 m; storage vehicles/vessels (not transport),1989-11-27,1 kg,1 kg,AGREE,SRC-154;SRC-155,Sch 3 Part I s.no.11 (Gazette 27-11-1989 pp.33-38; consolidated pp.755-760),,VERIFIED
S3P1-012,"Beryllium (powders, compounds)",Beryllium (powders compounds),Schedule 3,Part I,Group 1 - Toxic,12,,10 kg,VERIFIED,NOT_PRINTED,VERIFIED (not printed),"col 3 -> rules 5, 7-9; col 4 -> rules 10-12 and 13-15 (column headings as printed)","MSIHC r.2(e)(iii), 5, 7-15",,Sch 3 note (a)-(b): installations of same occupier <500 m apart; connected pipeline within 500 m; other site within 500 m; storage vehicles/vessels (not transport),1989-11-27,10 kg,10 kg,AGREE,SRC-154;SRC-155,Sch 3 Part I s.no.12 (Gazette 27-11-1989 pp.33-38; consolidated pp.755-760),,VERIFIED
S3P1-013,Bis (2-chloroethyl) sulphide,Bis (2-chloroethyl) sulphide lkg 505-60-2,Schedule 3,Part I,Group 1 - Toxic,13,505-60-2,1 kg,VERIFIED,NOT_PRINTED,VERIFIED (not printed),"col 3 -> rules 5, 7-9; col 4 -> rules 10-12 and 13-15 (column headings as printed)","MSIHC r.2(e)(iii), 5, 7-15",,Sch 3 note (a)-(b): installations of same occupier <500 m apart; connected pipeline within 500 m; other site within 500 m; storage vehicles/vessels (not transport),1989-11-27,1 kg,1 kg,AGREE,SRC-154;SRC-155,Sch 3 Part I s.no.13 (Gazette 27-11-1989 pp.33-38; consolidated pp.755-760),,VERIFIED
S3P1-014,Bis (chloromethyl) ether,Bis (cMoromsthyl) ether lkg 542-88-1,Schedule 3,Part I,Group 1 - Toxic,14,542-88-1,1 kg,VERIFIED,NOT_PRINTED,VERIFIED (not printed),"col 3 -> rules 5, 7-9; col 4 -> rules 10-12 and 13-15 (column headings as printed)","MSIHC r.2(e)(iii), 5, 7-15",,Sch 3 note (a)-(b): installations of same occupier <500 m apart; connected pipeline within 500 m; other site within 500 m; storage vehicles/vessels (not transport),1989-11-27,1 kg,1 kg,AGREE,SRC-154;SRC-155,Sch 3 Part I s.no.14 (Gazette 27-11-1989 pp.33-38; consolidated pp.755-760),,VERIFIED
S3P1-015,Carbophuran,Carbofurau,Schedule 3,Part I,Group 1 - Toxic,15,1563-66-2,100 kg,VERIFIED,NOT_PRINTED,VERIFIED (not printed),"col 3 -> rules 5, 7-9; col 4 -> rules 10-12 and 13-15 (column headings as printed)","MSIHC r.2(e)(iii), 5, 7-15",,Sch 3 note (a)-(b): installations of same occupier <500 m apart; connected pipeline within 500 m; other site within 500 m; storage vehicles/vessels (not transport),1989-11-27,100 kg,100 kg,AGREE,SRC-154;SRC-155,Sch 3 Part I s.no.15 (Gazette 27-11-1989 pp.33-38; consolidated pp.755-760),,VERIFIED
S3P1-016,Carbophenothion,Carbophsnothion,Schedule 3,Part I,Group 1 - Toxic,16,786-19-6,100 kg,VERIFIED,NOT_PRINTED,VERIFIED (not printed),"col 3 -> rules 5, 7-9; col 4 -> rules 10-12 and 13-15 (column headings as printed)","MSIHC r.2(e)(iii), 5, 7-15",,Sch 3 note (a)-(b): installations of same occupier <500 m apart; connected pipeline within 500 m; other site within 500 m; storage vehicles/vessels (not transport),1989-11-27,100 kg,100 kg,AGREE,SRC-154;SRC-155,Sch 3 Part I s.no.16 (Gazette 27-11-1989 pp.33-38; consolidated pp.755-760),,VERIFIED
S3P1-017,Chlorefenvinphos,Chlorfenviuphos,Schedule 3,Part I,Group 1 - Toxic,17,470-90-6,100 kg,VERIFIED,NOT_PRINTED,VERIFIED (not printed),"col 3 -> rules 5, 7-9; col 4 -> rules 10-12 and 13-15 (column headings as printed)","MSIHC r.2(e)(iii), 5, 7-15",,Sch 3 note (a)-(b): installations of same occupier <500 m apart; connected pipeline within 500 m; other site within 500 m; storage vehicles/vessels (not transport),1989-11-27,100 kg,100 kg,AGREE,SRC-154;SRC-155,Sch 3 Part I s.no.17 (Gazette 27-11-1989 pp.33-38; consolidated pp.755-760),,VERIFIED
S3P1-018,4-(Chloroformyl) morpholine,4-(Chloroformyl) morpholine lkg 1515940-7,Schedule 3,Part I,Group 1 - Toxic,18,15159-40-7,1 kg,VERIFIED,NOT_PRINTED,VERIFIED (not printed),"col 3 -> rules 5, 7-9; col 4 -> rules 10-12 and 13-15 (column headings as printed)","MSIHC r.2(e)(iii), 5, 7-15",,Sch 3 note (a)-(b): installations of same occupier <500 m apart; connected pipeline within 500 m; other site within 500 m; storage vehicles/vessels (not transport),1989-11-27,1 kg,1 kg,AGREE,SRC-154;SRC-155,Sch 3 Part I s.no.18 (Gazette 27-11-1989 pp.33-38; consolidated pp.755-760),,VERIFIED
S3P1-019,Chloromethyl methyl ether,Chloromethyl methyl ether lkg 107-30-2,Schedule 3,Part I,Group 1 - Toxic,19,107-30-2,1 kg,VERIFIED,NOT_PRINTED,VERIFIED (not printed),"col 3 -> rules 5, 7-9; col 4 -> rules 10-12 and 13-15 (column headings as printed)","MSIHC r.2(e)(iii), 5, 7-15",,Sch 3 note (a)-(b): installations of same occupier <500 m apart; connected pipeline within 500 m; other site within 500 m; storage vehicles/vessels (not transport),1989-11-27,1 kg,1 kg,AGREE,SRC-154;SRC-155,Sch 3 Part I s.no.19 (Gazette 27-11-1989 pp.33-38; consolidated pp.755-760),,VERIFIED
S3P1-020,"Cobalt (metal, oxide, carbonates, sulphides, as powders)","Cobalt (mjtal, oxides,carbonates, sul-",Schedule 3,Part I,Group 1 - Toxic,20,,1 t,VERIFIED,NOT_PRINTED,VERIFIED (not printed),"col 3 -> rules 5, 7-9; col 4 -> rules 10-12 and 13-15 (column headings as printed)","MSIHC r.2(e)(iii), 5, 7-15",,Sch 3 note (a)-(b): installations of same occupier <500 m apart; connected pipeline within 500 m; other site within 500 m; storage vehicles/vessels (not transport),1989-11-27,(no value parsed),1 t,AGREE (manual comparison; parser artefact),SRC-154;SRC-155,Sch 3 Part I s.no.20 (Gazette 27-11-1989 pp.33-38; consolidated pp.755-760),,VERIFIED
S3P1-021,Crimidine,Crimidine,Schedule 3,Part I,Group 1 - Toxic,21,535-89-7,100 kg,VERIFIED,NOT_PRINTED,VERIFIED (not printed),"col 3 -> rules 5, 7-9; col 4 -> rules 10-12 and 13-15 (column headings as printed)","MSIHC r.2(e)(iii), 5, 7-15",,Sch 3 note (a)-(b): installations of same occupier <500 m apart; connected pipeline within 500 m; other site within 500 m; storage vehicles/vessels (not transport),1989-11-27,100 kg,100 kg,AGREE,SRC-154;SRC-155,Sch 3 Part I s.no.21 (Gazette 27-11-1989 pp.33-38; consolidated pp.755-760),,VERIFIED
S3P1-022,Cynthoate,Cyanthoate,Schedule 3,Part I,Group 1 - Toxic,22,3734-95-0,100 kg,VERIFIED,NOT_PRINTED,VERIFIED (not printed),"col 3 -> rules 5, 7-9; col 4 -> rules 10-12 and 13-15 (column headings as printed)","MSIHC r.2(e)(iii), 5, 7-15",,Sch 3 note (a)-(b): installations of same occupier <500 m apart; connected pipeline within 500 m; other site within 500 m; storage vehicles/vessels (not transport),1989-11-27,100 kg / 34 t,100 kg,AGREE (manual comparison; parser artefact),SRC-154;SRC-155,Sch 3 Part I s.no.22 (Gazette 27-11-1989 pp.33-38; consolidated pp.755-760),,VERIFIED
S3P1-023,Cycloheximide,Cyclohsximide,Schedule 3,Part I,Group 1 - Toxic,23,66-81-9,100 kg,VERIFIED,NOT_PRINTED,VERIFIED (not printed),"col 3 -> rules 5, 7-9; col 4 -> rules 10-12 and 13-15 (column headings as printed)","MSIHC r.2(e)(iii), 5, 7-15",,Sch 3 note (a)-(b): installations of same occupier <500 m apart; connected pipeline within 500 m; other site within 500 m; storage vehicles/vessels (not transport),1989-11-27,100 kg,100 kg,AGREE,SRC-154;SRC-155,Sch 3 Part I s.no.23 (Gazette 27-11-1989 pp.33-38; consolidated pp.755-760),,VERIFIED
S3P1-024,Demeton,Demeton,Schedule 3,Part I,Group 1 - Toxic,24,8065-48-3,100 kg,VERIFIED,NOT_PRINTED,VERIFIED (not printed),"col 3 -> rules 5, 7-9; col 4 -> rules 10-12 and 13-15 (column headings as printed)","MSIHC r.2(e)(iii), 5, 7-15",,Sch 3 note (a)-(b): installations of same occupier <500 m apart; connected pipeline within 500 m; other site within 500 m; storage vehicles/vessels (not transport),1989-11-27,100 kg,100 kg,AGREE,SRC-154;SRC-155,Sch 3 Part I s.no.24 (Gazette 27-11-1989 pp.33-38; consolidated pp.755-760),,VERIFIED
S3P1-025,Dialifos,Dialifos,Schedule 3,Part I,Group 1 - Toxic,25,10311-84-9,100 kg,VERIFIED,NOT_PRINTED,VERIFIED (not printed),"col 3 -> rules 5, 7-9; col 4 -> rules 10-12 and 13-15 (column headings as printed)","MSIHC r.2(e)(iii), 5, 7-15",,Sch 3 note (a)-(b): installations of same occupier <500 m apart; connected pipeline within 500 m; other site within 500 m; storage vehicles/vessels (not transport),1989-11-27,100 kg,100 kg,AGREE,SRC-154;SRC-155,Sch 3 Part I s.no.25 (Gazette 27-11-1989 pp.33-38; consolidated pp.755-760),,VERIFIED
S3P1-026,OO-Diethyl S-ethylsulphinylmethyl phosphorothiate,OO-Diethyl S-ethylsulphinylmethyl phos-,Schedule 3,Part I,Group 1 - Toxic,26,2588-05-8,100 kg,VERIFIED,NOT_PRINTED,VERIFIED (not printed),"col 3 -> rules 5, 7-9; col 4 -> rules 10-12 and 13-15 (column headings as printed)","MSIHC r.2(e)(iii), 5, 7-15",,Sch 3 note (a)-(b): installations of same occupier <500 m apart; connected pipeline within 500 m; other site within 500 m; storage vehicles/vessels (not transport),1989-11-27,100 kg,100 kg,AGREE,SRC-154;SRC-155,Sch 3 Part I s.no.26 (Gazette 27-11-1989 pp.33-38; consolidated pp.755-760),,VERIFIED
S3P1-027,OO-Diethyl S-ethylsulphonylmethyl phosphorothiate,OO-Diethyl S-ethylsulphonylmethyl pho sphoro thioa te,Schedule 3,Part I,Group 1 - Toxic,27,2588-06-9,100 kg,VERIFIED,NOT_PRINTED,VERIFIED (not printed),"col 3 -> rules 5, 7-9; col 4 -> rules 10-12 and 13-15 (column headings as printed)","MSIHC r.2(e)(iii), 5, 7-15",,Sch 3 note (a)-(b): installations of same occupier <500 m apart; connected pipeline within 500 m; other site within 500 m; storage vehicles/vessels (not transport),1989-11-27,100 kg,100 kg,AGREE,SRC-154;SRC-155,Sch 3 Part I s.no.27 (Gazette 27-11-1989 pp.33-38; consolidated pp.755-760),,VERIFIED
S3P1-028,OO-Diethyl S-ethylthiomethyl Phosphorothioate,OO-Diethyl S-ethylthiomethyl Phosphorothioate,Schedule 3,Part I,Group 1 - Toxic,28,2600-69-3,100 kg,VERIFIED,NOT_PRINTED,VERIFIED (not printed),"col 3 -> rules 5, 7-9; col 4 -> rules 10-12 and 13-15 (column headings as printed)","MSIHC r.2(e)(iii), 5, 7-15",,Sch 3 note (a)-(b): installations of same occupier <500 m apart; connected pipeline within 500 m; other site within 500 m; storage vehicles/vessels (not transport),1989-11-27,100 kg,100 kg,AGREE,SRC-154;SRC-155,Sch 3 Part I s.no.28 (Gazette 27-11-1989 pp.33-38; consolidated pp.755-760),,VERIFIED
S3P1-029,OO-Diethyl S-isoprophylthiomethyl phosphorothiate,OO-Diethyl S-isopropylthiomethyl phosphorodithioate,Schedule 3,Part I,Group 1 - Toxic,29,78-52-4,100 kg,VERIFIED,NOT_PRINTED,VERIFIED (not printed),"col 3 -> rules 5, 7-9; col 4 -> rules 10-12 and 13-15 (column headings as printed)","MSIHC r.2(e)(iii), 5, 7-15",,Sch 3 note (a)-(b): installations of same occupier <500 m apart; connected pipeline within 500 m; other site within 500 m; storage vehicles/vessels (not transport),1989-11-27,100 kg / 100 kg,100 kg,AGREE (manual comparison; parser artefact),SRC-154;SRC-155,Sch 3 Part I s.no.29 (Gazette 27-11-1989 pp.33-38; consolidated pp.755-760),,VERIFIED
S3P1-030,OO-Diethyl S-isopropylthiomethyl phosphorodithioate,,Schedule 3,Part I,Group 1 - Toxic,30,3309-68-0,100 kg,VERIFIED,NOT_PRINTED,VERIFIED (not printed),"col 3 -> rules 5, 7-9; col 4 -> rules 10-12 and 13-15 (column headings as printed)","MSIHC r.2(e)(iii), 5, 7-15",,Sch 3 note (a)-(b): installations of same occupier <500 m apart; connected pipeline within 500 m; other site within 500 m; storage vehicles/vessels (not transport),1989-11-27,(no value parsed),100 kg,AGREE (manual comparison; parser artefact),SRC-154;SRC-155,Sch 3 Part I s.no.30 (Gazette 27-11-1989 pp.33-38; consolidated pp.755-760),,VERIFIED
S3P1-031,Dimefox,Dimefox,Schedule 3,Part I,Group 1 - Toxic,31,115-26-4,100 kg,VERIFIED,NOT_PRINTED,VERIFIED (not printed),"col 3 -> rules 5, 7-9; col 4 -> rules 10-12 and 13-15 (column headings as printed)","MSIHC r.2(e)(iii), 5, 7-15",,Sch 3 note (a)-(b): installations of same occupier <500 m apart; connected pipeline within 500 m; other site within 500 m; storage vehicles/vessels (not transport),1989-11-27,100 kg,100 kg,AGREE,SRC-154;SRC-155,Sch 3 Part I s.no.31 (Gazette 27-11-1989 pp.33-38; consolidated pp.755-760),,VERIFIED
S3P1-032,Dimethylcarbamoyl chloride,Dirmthylcarbamoyl chloride lkg 79-44-7,Schedule 3,Part I,Group 1 - Toxic,32,79-44-7,1 kg,VERIFIED,NOT_PRINTED,VERIFIED (not printed),"col 3 -> rules 5, 7-9; col 4 -> rules 10-12 and 13-15 (column headings as printed)","MSIHC r.2(e)(iii), 5, 7-15",,Sch 3 note (a)-(b): installations of same occupier <500 m apart; connected pipeline within 500 m; other site within 500 m; storage vehicles/vessels (not transport),1989-11-27,1 kg,1 kg,AGREE,SRC-154;SRC-155,Sch 3 Part I s.no.32 (Gazette 27-11-1989 pp.33-38; consolidated pp.755-760),,VERIFIED
S3P1-033,Dimethylnitrosamine,Dimothylnitrosamiue lkg 62-75-9,Schedule 3,Part I,Group 1 - Toxic,33,62-75-9,1 kg,VERIFIED,NOT_PRINTED,VERIFIED (not printed),"col 3 -> rules 5, 7-9; col 4 -> rules 10-12 and 13-15 (column headings as printed)","MSIHC r.2(e)(iii), 5, 7-15",,Sch 3 note (a)-(b): installations of same occupier <500 m apart; connected pipeline within 500 m; other site within 500 m; storage vehicles/vessels (not transport),1989-11-27,1 kg,1 kg,AGREE,SRC-154;SRC-155,Sch 3 Part I s.no.33 (Gazette 27-11-1989 pp.33-38; consolidated pp.755-760),,VERIFIED
S3P1-034,Dimethyl phosphoromidocynicidic acid,Dimethyl phosphoramidocyanidic acid,Schedule 3,Part I,Group 1 - Toxic,34,63917-41-9,1 t,VERIFIED,NOT_PRINTED,VERIFIED (not printed),"col 3 -> rules 5, 7-9; col 4 -> rules 10-12 and 13-15 (column headings as printed)","MSIHC r.2(e)(iii), 5, 7-15",,Sch 3 note (a)-(b): installations of same occupier <500 m apart; connected pipeline within 500 m; other site within 500 m; storage vehicles/vessels (not transport),1989-11-27,1 t,1 t,AGREE,SRC-154;SRC-155,Sch 3 Part I s.no.34 (Gazette 27-11-1989 pp.33-38; consolidated pp.755-760),,VERIFIED
S3P1-035,Diphacinone,Diphacinonc,Schedule 3,Part I,Group 1 - Toxic,35,82-66-6,100 kg,VERIFIED,NOT_PRINTED,VERIFIED (not printed),"col 3 -> rules 5, 7-9; col 4 -> rules 10-12 and 13-15 (column headings as printed)","MSIHC r.2(e)(iii), 5, 7-15",,Sch 3 note (a)-(b): installations of same occupier <500 m apart; connected pipeline within 500 m; other site within 500 m; storage vehicles/vessels (not transport),1989-11-27,100 kg,100 kg,AGREE,SRC-154;SRC-155,Sch 3 Part I s.no.35 (Gazette 27-11-1989 pp.33-38; consolidated pp.755-760),,VERIFIED
S3P1-036,Disulfoton,Disulfoton,Schedule 3,Part I,Group 1 - Toxic,36,298-04-4,100 kg,VERIFIED,NOT_PRINTED,VERIFIED (not printed),"col 3 -> rules 5, 7-9; col 4 -> rules 10-12 and 13-15 (column headings as printed)","MSIHC r.2(e)(iii), 5, 7-15",,Sch 3 note (a)-(b): installations of same occupier <500 m apart; connected pipeline within 500 m; other site within 500 m; storage vehicles/vessels (not transport),1989-11-27,100 kg,100 kg,AGREE,SRC-154;SRC-155,Sch 3 Part I s.no.36 (Gazette 27-11-1989 pp.33-38; consolidated pp.755-760),,VERIFIED
S3P1-037,EPN,EPN,Schedule 3,Part I,Group 1 - Toxic,37,2104-64-5,100 kg,VERIFIED,NOT_PRINTED,VERIFIED (not printed),"col 3 -> rules 5, 7-9; col 4 -> rules 10-12 and 13-15 (column headings as printed)","MSIHC r.2(e)(iii), 5, 7-15",,Sch 3 note (a)-(b): installations of same occupier <500 m apart; connected pipeline within 500 m; other site within 500 m; storage vehicles/vessels (not transport),1989-11-27,100 kg,100 kg,AGREE,SRC-154;SRC-155,Sch 3 Part I s.no.37 (Gazette 27-11-1989 pp.33-38; consolidated pp.755-760),,VERIFIED
S3P1-038,Ethion,Ethion,Schedule 3,Part I,Group 1 - Toxic,38,563-12-2,100 kg,VERIFIED,NOT_PRINTED,VERIFIED (not printed),"col 3 -> rules 5, 7-9; col 4 -> rules 10-12 and 13-15 (column headings as printed)","MSIHC r.2(e)(iii), 5, 7-15",,Sch 3 note (a)-(b): installations of same occupier <500 m apart; connected pipeline within 500 m; other site within 500 m; storage vehicles/vessels (not transport),1989-11-27,100 kg,100 kg,AGREE,SRC-154;SRC-155,Sch 3 Part I s.no.38 (Gazette 27-11-1989 pp.33-38; consolidated pp.755-760),,VERIFIED
S3P1-039,Fensulfothion,Fensulfothion,Schedule 3,Part I,Group 1 - Toxic,39,115-90-2,100 kg,VERIFIED,NOT_PRINTED,VERIFIED (not printed),"col 3 -> rules 5, 7-9; col 4 -> rules 10-12 and 13-15 (column headings as printed)","MSIHC r.2(e)(iii), 5, 7-15",,Sch 3 note (a)-(b): installations of same occupier <500 m apart; connected pipeline within 500 m; other site within 500 m; storage vehicles/vessels (not transport),1989-11-27,100 kg,100 kg,AGREE,SRC-154;SRC-155,Sch 3 Part I s.no.39 (Gazette 27-11-1989 pp.33-38; consolidated pp.755-760),,VERIFIED
S3P1-040,Fluenetil,Fluenetil,Schedule 3,Part I,Group 1 - Toxic,40,4301-50-2,100 kg,VERIFIED,NOT_PRINTED,VERIFIED (not printed),"col 3 -> rules 5, 7-9; col 4 -> rules 10-12 and 13-15 (column headings as printed)","MSIHC r.2(e)(iii), 5, 7-15",,Sch 3 note (a)-(b): installations of same occupier <500 m apart; connected pipeline within 500 m; other site within 500 m; storage vehicles/vessels (not transport),1989-11-27,100 kg,100 kg,AGREE,SRC-154;SRC-155,Sch 3 Part I s.no.40 (Gazette 27-11-1989 pp.33-38; consolidated pp.755-760),,VERIFIED
S3P1-041,Fluoroacetic acid,Fluroacetic acid lkg 144-49-0,Schedule 3,Part I,Group 1 - Toxic,41,144-49-0,1 kg,VERIFIED,NOT_PRINTED,VERIFIED (not printed),"col 3 -> rules 5, 7-9; col 4 -> rules 10-12 and 13-15 (column headings as printed)","MSIHC r.2(e)(iii), 5, 7-15",,Sch 3 note (a)-(b): installations of same occupier <500 m apart; connected pipeline within 500 m; other site within 500 m; storage vehicles/vessels (not transport),1989-11-27,1 kg,1 kg,AGREE,SRC-154;SRC-155,Sch 3 Part I s.no.41 (Gazette 27-11-1989 pp.33-38; consolidated pp.755-760),,VERIFIED
S3P1-042,"Fluoroacetic acid, salts","Fluoroaoetic acid, salts lkg",Schedule 3,Part I,Group 1 - Toxic,42,,1 kg,VERIFIED,NOT_PRINTED,VERIFIED (not printed),"col 3 -> rules 5, 7-9; col 4 -> rules 10-12 and 13-15 (column headings as printed)","MSIHC r.2(e)(iii), 5, 7-15",,Sch 3 note (a)-(b): installations of same occupier <500 m apart; connected pipeline within 500 m; other site within 500 m; storage vehicles/vessels (not transport),1989-11-27,1 kg,1 kg,AGREE,SRC-154;SRC-155,Sch 3 Part I s.no.42 (Gazette 27-11-1989 pp.33-38; consolidated pp.755-760),,VERIFIED
S3P1-043,"Fluoroacetic acid, esters","Fluoroacetic acid, esters lkg",Schedule 3,Part I,Group 1 - Toxic,43,,1 kg,VERIFIED,NOT_PRINTED,VERIFIED (not printed),"col 3 -> rules 5, 7-9; col 4 -> rules 10-12 and 13-15 (column headings as printed)","MSIHC r.2(e)(iii), 5, 7-15",,Sch 3 note (a)-(b): installations of same occupier <500 m apart; connected pipeline within 500 m; other site within 500 m; storage vehicles/vessels (not transport),1989-11-27,1 kg,1 kg,AGREE,SRC-154;SRC-155,Sch 3 Part I s.no.43 (Gazette 27-11-1989 pp.33-38; consolidated pp.755-760),,VERIFIED
S3P1-044,"Fluoroacetic acid, amides","Fluoroacetic acid, amides lkg",Schedule 3,Part I,Group 1 - Toxic,44,,1 kg,VERIFIED,NOT_PRINTED,VERIFIED (not printed),"col 3 -> rules 5, 7-9; col 4 -> rules 10-12 and 13-15 (column headings as printed)","MSIHC r.2(e)(iii), 5, 7-15",,Sch 3 note (a)-(b): installations of same occupier <500 m apart; connected pipeline within 500 m; other site within 500 m; storage vehicles/vessels (not transport),1989-11-27,1 kg,1 kg,AGREE,SRC-154;SRC-155,Sch 3 Part I s.no.44 (Gazette 27-11-1989 pp.33-38; consolidated pp.755-760),,VERIFIED
S3P1-045,4-Fluorobutyric acid,4-Fluorobutyn'c acid lkg 462-23-7,Schedule 3,Part I,Group 1 - Toxic,45,462-23-7,1 kg,VERIFIED,NOT_PRINTED,VERIFIED (not printed),"col 3 -> rules 5, 7-9; col 4 -> rules 10-12 and 13-15 (column headings as printed)","MSIHC r.2(e)(iii), 5, 7-15",,Sch 3 note (a)-(b): installations of same occupier <500 m apart; connected pipeline within 500 m; other site within 500 m; storage vehicles/vessels (not transport),1989-11-27,1 kg,1 kg,AGREE,SRC-154;SRC-155,Sch 3 Part I s.no.45 (Gazette 27-11-1989 pp.33-38; consolidated pp.755-760),,VERIFIED
S3P1-046,"4-Fluorobutyric acid, salts","4-Fluorobutyric acid, salts lkg",Schedule 3,Part I,Group 1 - Toxic,46,,1 kg,VERIFIED,NOT_PRINTED,VERIFIED (not printed),"col 3 -> rules 5, 7-9; col 4 -> rules 10-12 and 13-15 (column headings as printed)","MSIHC r.2(e)(iii), 5, 7-15",,Sch 3 note (a)-(b): installations of same occupier <500 m apart; connected pipeline within 500 m; other site within 500 m; storage vehicles/vessels (not transport),1989-11-27,1 kg,1 kg,AGREE,SRC-154;SRC-155,Sch 3 Part I s.no.46 (Gazette 27-11-1989 pp.33-38; consolidated pp.755-760),,VERIFIED
S3P1-047,"4-Fluorobutyric acid, esters","4-Fluorobutyric acid, esters lkg",Schedule 3,Part I,Group 1 - Toxic,47,,1 kg,VERIFIED,NOT_PRINTED,VERIFIED (not printed),"col 3 -> rules 5, 7-9; col 4 -> rules 10-12 and 13-15 (column headings as printed)","MSIHC r.2(e)(iii), 5, 7-15",,Sch 3 note (a)-(b): installations of same occupier <500 m apart; connected pipeline within 500 m; other site within 500 m; storage vehicles/vessels (not transport),1989-11-27,1 kg,1 kg,AGREE,SRC-154;SRC-155,Sch 3 Part I s.no.47 (Gazette 27-11-1989 pp.33-38; consolidated pp.755-760),,VERIFIED
S3P1-048,"4-Fluorobutyric acid, amides","4-Fluorobutyric acid,amides lkg",Schedule 3,Part I,Group 1 - Toxic,48,,1 kg,VERIFIED,NOT_PRINTED,VERIFIED (not printed),"col 3 -> rules 5, 7-9; col 4 -> rules 10-12 and 13-15 (column headings as printed)","MSIHC r.2(e)(iii), 5, 7-15",,Sch 3 note (a)-(b): installations of same occupier <500 m apart; connected pipeline within 500 m; other site within 500 m; storage vehicles/vessels (not transport),1989-11-27,1 kg,1 kg,AGREE,SRC-154;SRC-155,Sch 3 Part I s.no.48 (Gazette 27-11-1989 pp.33-38; consolidated pp.755-760),,VERIFIED
S3P1-049,4-Fluorocrotonic acid (gazette name; consolidated text prints 4-Fluorobutyric acid - CON-026),4-Fluorocrotonic acid,Schedule 3,Part I,Group 1 - Toxic,49,37759-72-1,1 kg,VERIFIED_PRIMARY_GAZETTE,NOT_PRINTED,VERIFIED (not printed),"col 3 -> rules 5, 7-9; col 4 -> rules 10-12 and 13-15 (column headings as printed)","MSIHC r.2(e)(iii), 5, 7-15",,Sch 3 note (a)-(b): installations of same occupier <500 m apart; connected pipeline within 500 m; other site within 500 m; storage vehicles/vessels (not transport),1989-11-27,(no value parsed),1 kg,Value AGREE (1 kg in both); NAME differs (CON-026) - gazette name and CAS used for matching,SRC-154;SRC-167;SRC-155,"SRC-154 Sch 3 Part I s.no.49 '4-Fluorocrotonic acid' 1 kg; SRC-167 s.no.49 '4-Fluorobutyric acid' 1 kg, CAS 37759-72-1",Match by CAS 37759-72-1 and gazette name '4-Fluorocrotonic acid'; consolidated name '4-Fluorobutyric acid' not used for matching (CON-026),VERIFIED
S3P1-050,"4-Fluorocrotonic acid, salts","4-Fluorocrotonic acid, salts lkg",Schedule 3,Part I,Group 1 - Toxic,50,,1 kg,VERIFIED,NOT_PRINTED,VERIFIED (not printed),"col 3 -> rules 5, 7-9; col 4 -> rules 10-12 and 13-15 (column headings as printed)","MSIHC r.2(e)(iii), 5, 7-15",,Sch 3 note (a)-(b): installations of same occupier <500 m apart; connected pipeline within 500 m; other site within 500 m; storage vehicles/vessels (not transport),1989-11-27,1 kg,1 kg,AGREE,SRC-154;SRC-155,Sch 3 Part I s.no.50 (Gazette 27-11-1989 pp.33-38; consolidated pp.755-760),,VERIFIED
S3P1-051,"4-Fluorocrotonic acid, esters","4-Fluorocrotonic acid, esters lkg",Schedule 3,Part I,Group 1 - Toxic,51,,1 kg,VERIFIED,NOT_PRINTED,VERIFIED (not printed),"col 3 -> rules 5, 7-9; col 4 -> rules 10-12 and 13-15 (column headings as printed)","MSIHC r.2(e)(iii), 5, 7-15",,Sch 3 note (a)-(b): installations of same occupier <500 m apart; connected pipeline within 500 m; other site within 500 m; storage vehicles/vessels (not transport),1989-11-27,1 kg,1 kg,AGREE,SRC-154;SRC-155,Sch 3 Part I s.no.51 (Gazette 27-11-1989 pp.33-38; consolidated pp.755-760),,VERIFIED
S3P1-052,"4-Fluorocrotonic acid, amides","4-Fluorocrotonic acid, amides lkg",Schedule 3,Part I,Group 1 - Toxic,52,,1 kg,VERIFIED,NOT_PRINTED,VERIFIED (not printed),"col 3 -> rules 5, 7-9; col 4 -> rules 10-12 and 13-15 (column headings as printed)","MSIHC r.2(e)(iii), 5, 7-15",,Sch 3 note (a)-(b): installations of same occupier <500 m apart; connected pipeline within 500 m; other site within 500 m; storage vehicles/vessels (not transport),1989-11-27,1 kg,1 kg,AGREE,SRC-154;SRC-155,Sch 3 Part I s.no.52 (Gazette 27-11-1989 pp.33-38; consolidated pp.755-760),,VERIFIED
S3P1-053,"4-Fluoro-2-hydroxybutyric acid, amides",4-Fluoro-2-hydroxybutyric acid lkg,Schedule 3,Part I,Group 1 - Toxic,53,,1 kg,VERIFIED,NOT_PRINTED,VERIFIED (not printed),"col 3 -> rules 5, 7-9; col 4 -> rules 10-12 and 13-15 (column headings as printed)","MSIHC r.2(e)(iii), 5, 7-15",,Sch 3 note (a)-(b): installations of same occupier <500 m apart; connected pipeline within 500 m; other site within 500 m; storage vehicles/vessels (not transport),1989-11-27,1 kg,1 kg,AGREE,SRC-154;SRC-155,Sch 3 Part I s.no.53 (Gazette 27-11-1989 pp.33-38; consolidated pp.755-760),,VERIFIED
S3P1-054,"4-Fluoro-2-hydroxybutyric acid, salts",", 4-Fluoro-2-hydroxybutyric acid, salts lkg 55,, 4-Fluoro-2-hydroxybutryic acid, esters lk",Schedule 3,Part I,Group 1 - Toxic,54,,1 kg,VERIFIED,NOT_PRINTED,VERIFIED (not printed),"col 3 -> rules 5, 7-9; col 4 -> rules 10-12 and 13-15 (column headings as printed)","MSIHC r.2(e)(iii), 5, 7-15",,Sch 3 note (a)-(b): installations of same occupier <500 m apart; connected pipeline within 500 m; other site within 500 m; storage vehicles/vessels (not transport),1989-11-27,1 kg / 1 kg,1 kg,AGREE (manual comparison; parser artefact),SRC-154;SRC-155,Sch 3 Part I s.no.54 (Gazette 27-11-1989 pp.33-38; consolidated pp.755-760),,VERIFIED
S3P1-055,"4-Fluoro-2-hydroxybutyric acid, esters",,Schedule 3,Part I,Group 1 - Toxic,55,,1 kg,VERIFIED,NOT_PRINTED,VERIFIED (not printed),"col 3 -> rules 5, 7-9; col 4 -> rules 10-12 and 13-15 (column headings as printed)","MSIHC r.2(e)(iii), 5, 7-15",,Sch 3 note (a)-(b): installations of same occupier <500 m apart; connected pipeline within 500 m; other site within 500 m; storage vehicles/vessels (not transport),1989-11-27,(no value parsed),1 kg,AGREE (manual comparison; parser artefact),SRC-154;SRC-155,Sch 3 Part I s.no.55 (Gazette 27-11-1989 pp.33-38; consolidated pp.755-760),,VERIFIED
S3P1-056,"4-Fluoro-2-hydroxybutyric acid, amides",", 4-Fluoro-hydroxybutyric acid, amides lkg",Schedule 3,Part I,Group 1 - Toxic,56,,1 kg,VERIFIED,NOT_PRINTED,VERIFIED (not printed),"col 3 -> rules 5, 7-9; col 4 -> rules 10-12 and 13-15 (column headings as printed)","MSIHC r.2(e)(iii), 5, 7-15",,Sch 3 note (a)-(b): installations of same occupier <500 m apart; connected pipeline within 500 m; other site within 500 m; storage vehicles/vessels (not transport),1989-11-27,1 kg,1 kg,AGREE,SRC-154;SRC-155,Sch 3 Part I s.no.56 (Gazette 27-11-1989 pp.33-38; consolidated pp.755-760),,VERIFIED
S3P1-057,Glycolonitrile (Hydroxyacetonitrile ),", Glycolonitrilo (Hydroxyacetonitrile)",Schedule 3,Part I,Group 1 - Toxic,57,107-16-4,100 kg,VERIFIED,NOT_PRINTED,VERIFIED (not printed),"col 3 -> rules 5, 7-9; col 4 -> rules 10-12 and 13-15 (column headings as printed)","MSIHC r.2(e)(iii), 5, 7-15",,Sch 3 note (a)-(b): installations of same occupier <500 m apart; connected pipeline within 500 m; other site within 500 m; storage vehicles/vessels (not transport),1989-11-27,100 kg / 100 kg,100 kg,AGREE (manual comparison; parser artefact),SRC-154;SRC-155,Sch 3 Part I s.no.57 (Gazette 27-11-1989 pp.33-38; consolidated pp.755-760),,VERIFIED
S3P1-058,"1,2,3,7,8,9-Hexachlorodibenzo-p-dioxin",,Schedule 3,Part I,Group 1 - Toxic,58,,100 kg,VERIFIED,NOT_PRINTED,VERIFIED (not printed),"col 3 -> rules 5, 7-9; col 4 -> rules 10-12 and 13-15 (column headings as printed)","MSIHC r.2(e)(iii), 5, 7-15",,Sch 3 note (a)-(b): installations of same occupier <500 m apart; connected pipeline within 500 m; other site within 500 m; storage vehicles/vessels (not transport),1989-11-27,(no value parsed),100 kg,AGREE (manual comparison; parser artefact),SRC-154;SRC-155,Sch 3 Part I s.no.58 (Gazette 27-11-1989 pp.33-38; consolidated pp.755-760),,VERIFIED
S3P1-059,Hexmathylphosphoramide,Hexamethylphosphoramide lkg 680-31-9,Schedule 3,Part I,Group 1 - Toxic,59,680-31-9,1 kg,VERIFIED,NOT_PRINTED,VERIFIED (not printed),"col 3 -> rules 5, 7-9; col 4 -> rules 10-12 and 13-15 (column headings as printed)","MSIHC r.2(e)(iii), 5, 7-15",,Sch 3 note (a)-(b): installations of same occupier <500 m apart; connected pipeline within 500 m; other site within 500 m; storage vehicles/vessels (not transport),1989-11-27,1 kg,1 kg,AGREE,SRC-154;SRC-155,Sch 3 Part I s.no.59 (Gazette 27-11-1989 pp.33-38; consolidated pp.755-760),,VERIFIED
S3P1-060,Hydrogen selenide,Hydrogen selenide,Schedule 3,Part I,Group 1 - Toxic,60,7783-07-5,10 kg,VERIFIED,NOT_PRINTED,VERIFIED (not printed),"col 3 -> rules 5, 7-9; col 4 -> rules 10-12 and 13-15 (column headings as printed)","MSIHC r.2(e)(iii), 5, 7-15",,Sch 3 note (a)-(b): installations of same occupier <500 m apart; connected pipeline within 500 m; other site within 500 m; storage vehicles/vessels (not transport),1989-11-27,10 kg,10 kg,AGREE,SRC-154;SRC-155,Sch 3 Part I s.no.60 (Gazette 27-11-1989 pp.33-38; consolidated pp.755-760),,VERIFIED
S3P1-061,Isobenzan,Isobenzan,Schedule 3,Part I,Group 1 - Toxic,61,297-78-9,100 kg,VERIFIED,NOT_PRINTED,VERIFIED (not printed),"col 3 -> rules 5, 7-9; col 4 -> rules 10-12 and 13-15 (column headings as printed)","MSIHC r.2(e)(iii), 5, 7-15",,Sch 3 note (a)-(b): installations of same occupier <500 m apart; connected pipeline within 500 m; other site within 500 m; storage vehicles/vessels (not transport),1989-11-27,100 kg,100 kg,AGREE,SRC-154;SRC-155,Sch 3 Part I s.no.61 (Gazette 27-11-1989 pp.33-38; consolidated pp.755-760),,VERIFIED
S3P1-062,Isodrin,Isodrin,Schedule 3,Part I,Group 1 - Toxic,62,465-73-6,100 kg,VERIFIED,NOT_PRINTED,VERIFIED (not printed),"col 3 -> rules 5, 7-9; col 4 -> rules 10-12 and 13-15 (column headings as printed)","MSIHC r.2(e)(iii), 5, 7-15",,Sch 3 note (a)-(b): installations of same occupier <500 m apart; connected pipeline within 500 m; other site within 500 m; storage vehicles/vessels (not transport),1989-11-27,100 kg,100 kg,AGREE,SRC-154;SRC-155,Sch 3 Part I s.no.62 (Gazette 27-11-1989 pp.33-38; consolidated pp.755-760),,VERIFIED
S3P1-063,"Juglone (5-Hydroxynaphithalene 1,4 dione)","Juglone (5-Hydroxynaphthalene 1, 4-diouc)",Schedule 3,Part I,Group 1 - Toxic,63,481-39-0,100 kg,VERIFIED,NOT_PRINTED,VERIFIED (not printed),"col 3 -> rules 5, 7-9; col 4 -> rules 10-12 and 13-15 (column headings as printed)","MSIHC r.2(e)(iii), 5, 7-15",,Sch 3 note (a)-(b): installations of same occupier <500 m apart; connected pipeline within 500 m; other site within 500 m; storage vehicles/vessels (not transport),1989-11-27,100 kg,100 kg,AGREE,SRC-154;SRC-155,Sch 3 Part I s.no.63 (Gazette 27-11-1989 pp.33-38; consolidated pp.755-760),,VERIFIED
S3P1-064,"4,4-Methylenebis (2-chloroniline)","4,'-Methylcnebis (2-chloroaniline)",Schedule 3,Part I,Group 1 - Toxic,64,101-14-4,10 kg,VERIFIED,NOT_PRINTED,VERIFIED (not printed),"col 3 -> rules 5, 7-9; col 4 -> rules 10-12 and 13-15 (column headings as printed)","MSIHC r.2(e)(iii), 5, 7-15",,Sch 3 note (a)-(b): installations of same occupier <500 m apart; connected pipeline within 500 m; other site within 500 m; storage vehicles/vessels (not transport),1989-11-27,10 kg,10 kg,AGREE,SRC-154;SRC-155,Sch 3 Part I s.no.64 (Gazette 27-11-1989 pp.33-38; consolidated pp.755-760),,VERIFIED
S3P1-065,Mthyl isocynate,Methyl isocyanatc,Schedule 3,Part I,Group 1 - Toxic,65,624-83-9,150 kg,VERIFIED,150 kg,VERIFIED,"col 3 -> rules 5, 7-9; col 4 -> rules 10-12 and 13-15 (column headings as printed)","MSIHC r.2(e)(iii), 5, 7-15",,Sch 3 note (a)-(b): installations of same occupier <500 m apart; connected pipeline within 500 m; other site within 500 m; storage vehicles/vessels (not transport),1989-11-27,150 kg / 150 kg,150 kg / 150 kg,AGREE,SRC-154;SRC-155,Sch 3 Part I s.no.65 (Gazette 27-11-1989 pp.33-38; consolidated pp.755-760),,VERIFIED
S3P1-066,Mevinphos,Mevinphos,Schedule 3,Part I,Group 1 - Toxic,66,7786-34-7,100 kg,VERIFIED,NOT_PRINTED,VERIFIED (not printed),"col 3 -> rules 5, 7-9; col 4 -> rules 10-12 and 13-15 (column headings as printed)","MSIHC r.2(e)(iii), 5, 7-15",,Sch 3 note (a)-(b): installations of same occupier <500 m apart; connected pipeline within 500 m; other site within 500 m; storage vehicles/vessels (not transport),1989-11-27,100 kg,100 kg,AGREE,SRC-154;SRC-155,Sch 3 Part I s.no.66 (Gazette 27-11-1989 pp.33-38; consolidated pp.755-760),,VERIFIED
S3P1-067,2-Naphthylamine,2-Naphthylamine lkg 91-59-8,Schedule 3,Part I,Group 1 - Toxic,67,91-59-8,1 kg,VERIFIED,NOT_PRINTED,VERIFIED (not printed),"col 3 -> rules 5, 7-9; col 4 -> rules 10-12 and 13-15 (column headings as printed)","MSIHC r.2(e)(iii), 5, 7-15",,Sch 3 note (a)-(b): installations of same occupier <500 m apart; connected pipeline within 500 m; other site within 500 m; storage vehicles/vessels (not transport),1989-11-27,1 kg,1 kg,AGREE,SRC-154;SRC-155,Sch 3 Part I s.no.67 (Gazette 27-11-1989 pp.33-38; consolidated pp.755-760),,VERIFIED
S3P1-068,"2-Nickel (metal, oxides, carbonates), sulphides, as powers)","Nickel (metal, oxides, carbonates,",Schedule 3,Part I,Group 1 - Toxic,68,,1 t,VERIFIED,NOT_PRINTED,VERIFIED (not printed),"col 3 -> rules 5, 7-9; col 4 -> rules 10-12 and 13-15 (column headings as printed)","MSIHC r.2(e)(iii), 5, 7-15",,Sch 3 note (a)-(b): installations of same occupier <500 m apart; connected pipeline within 500 m; other site within 500 m; storage vehicles/vessels (not transport),1989-11-27,(no value parsed),1 t,AGREE (manual comparison; parser artefact),SRC-154;SRC-155,Sch 3 Part I s.no.68 (Gazette 27-11-1989 pp.33-38; consolidated pp.755-760),,VERIFIED
S3P1-069,Nickel tetracarbonyl,Nickel tetracarbonyl,Schedule 3,Part I,Group 1 - Toxic,69,13463-39-3,10 kg,VERIFIED,NOT_PRINTED,VERIFIED (not printed),"col 3 -> rules 5, 7-9; col 4 -> rules 10-12 and 13-15 (column headings as printed)","MSIHC r.2(e)(iii), 5, 7-15",,Sch 3 note (a)-(b): installations of same occupier <500 m apart; connected pipeline within 500 m; other site within 500 m; storage vehicles/vessels (not transport),1989-11-27,10 kg,10 kg,AGREE,SRC-154;SRC-155,Sch 3 Part I s.no.69 (Gazette 27-11-1989 pp.33-38; consolidated pp.755-760),,VERIFIED
S3P1-070,Oxygendisulfoton,Oxydisulfoton,Schedule 3,Part I,Group 1 - Toxic,70,2497-07-6,100 kg,VERIFIED,NOT_PRINTED,VERIFIED (not printed),"col 3 -> rules 5, 7-9; col 4 -> rules 10-12 and 13-15 (column headings as printed)","MSIHC r.2(e)(iii), 5, 7-15",,Sch 3 note (a)-(b): installations of same occupier <500 m apart; connected pipeline within 500 m; other site within 500 m; storage vehicles/vessels (not transport),1989-11-27,100 kg,100 kg,AGREE,SRC-154;SRC-155,Sch 3 Part I s.no.70 (Gazette 27-11-1989 pp.33-38; consolidated pp.755-760),,VERIFIED
S3P1-071,Oxygen difluoride,Oxygen difluoride,Schedule 3,Part I,Group 1 - Toxic,71,7783-41-7,10 kg,VERIFIED,NOT_PRINTED,VERIFIED (not printed),"col 3 -> rules 5, 7-9; col 4 -> rules 10-12 and 13-15 (column headings as printed)","MSIHC r.2(e)(iii), 5, 7-15",,Sch 3 note (a)-(b): installations of same occupier <500 m apart; connected pipeline within 500 m; other site within 500 m; storage vehicles/vessels (not transport),1989-11-27,10 kg,10 kg,AGREE,SRC-154;SRC-155,Sch 3 Part I s.no.71 (Gazette 27-11-1989 pp.33-38; consolidated pp.755-760),,VERIFIED
S3P1-072,Paraxon (Diethyl 4-nitrophenyl phosphate),Paraoxon (Diethyl 4-nitrophenyl phos-,Schedule 3,Part I,Group 1 - Toxic,72,311-45-5,100 kg,VERIFIED,NOT_PRINTED,VERIFIED (not printed),"col 3 -> rules 5, 7-9; col 4 -> rules 10-12 and 13-15 (column headings as printed)","MSIHC r.2(e)(iii), 5, 7-15",,Sch 3 note (a)-(b): installations of same occupier <500 m apart; connected pipeline within 500 m; other site within 500 m; storage vehicles/vessels (not transport),1989-11-27,100 kg,100 kg,AGREE,SRC-154;SRC-155,Sch 3 Part I s.no.72 (Gazette 27-11-1989 pp.33-38; consolidated pp.755-760),,VERIFIED
S3P1-073,Parathion,Parathion,Schedule 3,Part I,Group 1 - Toxic,73,56-38-2,100 kg,VERIFIED,NOT_PRINTED,VERIFIED (not printed),"col 3 -> rules 5, 7-9; col 4 -> rules 10-12 and 13-15 (column headings as printed)","MSIHC r.2(e)(iii), 5, 7-15",,Sch 3 note (a)-(b): installations of same occupier <500 m apart; connected pipeline within 500 m; other site within 500 m; storage vehicles/vessels (not transport),1989-11-27,100 kg,100 kg,AGREE,SRC-154;SRC-155,Sch 3 Part I s.no.73 (Gazette 27-11-1989 pp.33-38; consolidated pp.755-760),,VERIFIED
S3P1-074,Parathion-methyl,Parathion-meLhyl,Schedule 3,Part I,Group 1 - Toxic,74,298-00-0,100 kg,VERIFIED,NOT_PRINTED,VERIFIED (not printed),"col 3 -> rules 5, 7-9; col 4 -> rules 10-12 and 13-15 (column headings as printed)","MSIHC r.2(e)(iii), 5, 7-15",,Sch 3 note (a)-(b): installations of same occupier <500 m apart; connected pipeline within 500 m; other site within 500 m; storage vehicles/vessels (not transport),1989-11-27,100 kg,100 kg,AGREE,SRC-154;SRC-155,Sch 3 Part I s.no.74 (Gazette 27-11-1989 pp.33-38; consolidated pp.755-760),,VERIFIED
S3P1-075,Pentaborane,Pentaborane,Schedule 3,Part I,Group 1 - Toxic,75,19624-22-7,100 kg,VERIFIED,NOT_PRINTED,VERIFIED (not printed),"col 3 -> rules 5, 7-9; col 4 -> rules 10-12 and 13-15 (column headings as printed)","MSIHC r.2(e)(iii), 5, 7-15",,Sch 3 note (a)-(b): installations of same occupier <500 m apart; connected pipeline within 500 m; other site within 500 m; storage vehicles/vessels (not transport),1989-11-27,100 kg,100 kg,AGREE,SRC-154;SRC-155,Sch 3 Part I s.no.75 (Gazette 27-11-1989 pp.33-38; consolidated pp.755-760),,VERIFIED
S3P1-076,Phorate,Phorate,Schedule 3,Part I,Group 1 - Toxic,76,298-02-2,100 kg,VERIFIED,NOT_PRINTED,VERIFIED (not printed),"col 3 -> rules 5, 7-9; col 4 -> rules 10-12 and 13-15 (column headings as printed)","MSIHC r.2(e)(iii), 5, 7-15",,Sch 3 note (a)-(b): installations of same occupier <500 m apart; connected pipeline within 500 m; other site within 500 m; storage vehicles/vessels (not transport),1989-11-27,100 kg,100 kg,AGREE,SRC-154;SRC-155,Sch 3 Part I s.no.76 (Gazette 27-11-1989 pp.33-38; consolidated pp.755-760),,VERIFIED
S3P1-077,Phosacetim,Phosacetim,Schedule 3,Part I,Group 1 - Toxic,77,4104-14-7,100 kg,VERIFIED,NOT_PRINTED,VERIFIED (not printed),"col 3 -> rules 5, 7-9; col 4 -> rules 10-12 and 13-15 (column headings as printed)","MSIHC r.2(e)(iii), 5, 7-15",,Sch 3 note (a)-(b): installations of same occupier <500 m apart; connected pipeline within 500 m; other site within 500 m; storage vehicles/vessels (not transport),1989-11-27,100 kg,100 kg,AGREE,SRC-154;SRC-155,Sch 3 Part I s.no.77 (Gazette 27-11-1989 pp.33-38; consolidated pp.755-760),,VERIFIED
S3P1-078,Phosgene (carbonyl chloride),Phosgene (carbonyl chloride),Schedule 3,Part I,Group 1 - Toxic,78,75-44-5,750 kg,VERIFIED,750 kg,VERIFIED,"col 3 -> rules 5, 7-9; col 4 -> rules 10-12 and 13-15 (column headings as printed)","MSIHC r.2(e)(iii), 5, 7-15",,Sch 3 note (a)-(b): installations of same occupier <500 m apart; connected pipeline within 500 m; other site within 500 m; storage vehicles/vessels (not transport),1989-11-27,750 kg / 750 kg,750 kg / 750 kg,AGREE,SRC-154;SRC-155,Sch 3 Part I s.no.78 (Gazette 27-11-1989 pp.33-38; consolidated pp.755-760),,VERIFIED
S3P1-079,Phosphamidon,Pbosphamidon,Schedule 3,Part I,Group 1 - Toxic,79,13171-21-6,100 kg,VERIFIED,NOT_PRINTED,VERIFIED (not printed),"col 3 -> rules 5, 7-9; col 4 -> rules 10-12 and 13-15 (column headings as printed)","MSIHC r.2(e)(iii), 5, 7-15",,Sch 3 note (a)-(b): installations of same occupier <500 m apart; connected pipeline within 500 m; other site within 500 m; storage vehicles/vessels (not transport),1989-11-27,100 kg / 100 kg,100 kg,AGREE (manual comparison; parser artefact),SRC-154;SRC-155,Sch 3 Part I s.no.79 (Gazette 27-11-1989 pp.33-38; consolidated pp.755-760),,VERIFIED
S3P1-080,Phosphine (Hydrogen phosphide),,Schedule 3,Part I,Group 1 - Toxic,80,7803-51-2,100 kg,VERIFIED,NOT_PRINTED,VERIFIED (not printed),"col 3 -> rules 5, 7-9; col 4 -> rules 10-12 and 13-15 (column headings as printed)","MSIHC r.2(e)(iii), 5, 7-15",,Sch 3 note (a)-(b): installations of same occupier <500 m apart; connected pipeline within 500 m; other site within 500 m; storage vehicles/vessels (not transport),1989-11-27,(no value parsed),100 kg,AGREE (manual comparison; parser artefact),SRC-154;SRC-155,Sch 3 Part I s.no.80 (Gazette 27-11-1989 pp.33-38; consolidated pp.755-760),,VERIFIED
S3P1-081,"Promurit (1-(3,4 dichlorophenyl)-3- triazenthiocarboxamide)","Promurit (l-(3, 4-Dichlorophenyl)-3-",Schedule 3,Part I,Group 1 - Toxic,81,5836-73-7,100 kg,VERIFIED,NOT_PRINTED,VERIFIED (not printed),"col 3 -> rules 5, 7-9; col 4 -> rules 10-12 and 13-15 (column headings as printed)","MSIHC r.2(e)(iii), 5, 7-15",,Sch 3 note (a)-(b): installations of same occupier <500 m apart; connected pipeline within 500 m; other site within 500 m; storage vehicles/vessels (not transport),1989-11-27,100 kg,100 kg,AGREE,SRC-154;SRC-155,Sch 3 Part I s.no.81 (Gazette 27-11-1989 pp.33-38; consolidated pp.755-760),,VERIFIED
S3P1-082,"1,3-Propanesultone","1, 3-Propanesultone lkg 1120-71-4",Schedule 3,Part I,Group 1 - Toxic,82,1120-71-4,1 kg,VERIFIED,NOT_PRINTED,VERIFIED (not printed),"col 3 -> rules 5, 7-9; col 4 -> rules 10-12 and 13-15 (column headings as printed)","MSIHC r.2(e)(iii), 5, 7-15",,Sch 3 note (a)-(b): installations of same occupier <500 m apart; connected pipeline within 500 m; other site within 500 m; storage vehicles/vessels (not transport),1989-11-27,1 kg,1 kg,AGREE,SRC-154;SRC-155,Sch 3 Part I s.no.82 (Gazette 27-11-1989 pp.33-38; consolidated pp.755-760),,VERIFIED
S3P1-083,"1-Propen-2-chloro-1,3diol diacetate","1 -Propen-2-chloro-1, 3-diol diacetate",Schedule 3,Part I,Group 1 - Toxic,83,10118-72-6,10 kg,VERIFIED,NOT_PRINTED,VERIFIED (not printed),"col 3 -> rules 5, 7-9; col 4 -> rules 10-12 and 13-15 (column headings as printed)","MSIHC r.2(e)(iii), 5, 7-15",,Sch 3 note (a)-(b): installations of same occupier <500 m apart; connected pipeline within 500 m; other site within 500 m; storage vehicles/vessels (not transport),1989-11-27,10 kg,10 kg,AGREE,SRC-154;SRC-155,Sch 3 Part I s.no.83 (Gazette 27-11-1989 pp.33-38; consolidated pp.755-760),,VERIFIED
S3P1-084,Pyrazoxon,Pyrazoxon,Schedule 3,Part I,Group 1 - Toxic,84,108-34-9,100 kg,VERIFIED,NOT_PRINTED,VERIFIED (not printed),"col 3 -> rules 5, 7-9; col 4 -> rules 10-12 and 13-15 (column headings as printed)","MSIHC r.2(e)(iii), 5, 7-15",,Sch 3 note (a)-(b): installations of same occupier <500 m apart; connected pipeline within 500 m; other site within 500 m; storage vehicles/vessels (not transport),1989-11-27,100 kg,100 kg,AGREE,SRC-154;SRC-155,Sch 3 Part I s.no.84 (Gazette 27-11-1989 pp.33-38; consolidated pp.755-760),,VERIFIED
S3P1-085,Selenium hexafluoride,Selenium hexafluoride,Schedule 3,Part I,Group 1 - Toxic,85,7783-79-1,10 kg,VERIFIED,NOT_PRINTED,VERIFIED (not printed),"col 3 -> rules 5, 7-9; col 4 -> rules 10-12 and 13-15 (column headings as printed)","MSIHC r.2(e)(iii), 5, 7-15",,Sch 3 note (a)-(b): installations of same occupier <500 m apart; connected pipeline within 500 m; other site within 500 m; storage vehicles/vessels (not transport),1989-11-27,10 kg,10 kg,AGREE,SRC-154;SRC-155,Sch 3 Part I s.no.85 (Gazette 27-11-1989 pp.33-38; consolidated pp.755-760),,VERIFIED
S3P1-086,Sodium selenite,Sodium selenite,Schedule 3,Part I,Group 1 - Toxic,86,10102-18-8,100 kg,VERIFIED,NOT_PRINTED,VERIFIED (not printed),"col 3 -> rules 5, 7-9; col 4 -> rules 10-12 and 13-15 (column headings as printed)","MSIHC r.2(e)(iii), 5, 7-15",,Sch 3 note (a)-(b): installations of same occupier <500 m apart; connected pipeline within 500 m; other site within 500 m; storage vehicles/vessels (not transport),1989-11-27,100 kg,100 kg,AGREE,SRC-154;SRC-155,Sch 3 Part I s.no.86 (Gazette 27-11-1989 pp.33-38; consolidated pp.755-760),,VERIFIED
S3P1-087,Stibine (Antimony hydride),Stibine (Antimony hydride),Schedule 3,Part I,Group 1 - Toxic,87,7803-52-3,100 kg,VERIFIED,NOT_PRINTED,VERIFIED (not printed),"col 3 -> rules 5, 7-9; col 4 -> rules 10-12 and 13-15 (column headings as printed)","MSIHC r.2(e)(iii), 5, 7-15",,Sch 3 note (a)-(b): installations of same occupier <500 m apart; connected pipeline within 500 m; other site within 500 m; storage vehicles/vessels (not transport),1989-11-27,100 kg,100 kg,AGREE,SRC-154;SRC-155,Sch 3 Part I s.no.87 (Gazette 27-11-1989 pp.33-38; consolidated pp.755-760),,VERIFIED
S3P1-088,Sulfotep,Sulfotep,Schedule 3,Part I,Group 1 - Toxic,88,3689-24-5,100 kg,VERIFIED,NOT_PRINTED,VERIFIED (not printed),"col 3 -> rules 5, 7-9; col 4 -> rules 10-12 and 13-15 (column headings as printed)","MSIHC r.2(e)(iii), 5, 7-15",,Sch 3 note (a)-(b): installations of same occupier <500 m apart; connected pipeline within 500 m; other site within 500 m; storage vehicles/vessels (not transport),1989-11-27,100 kg,100 kg,AGREE,SRC-154;SRC-155,Sch 3 Part I s.no.88 (Gazette 27-11-1989 pp.33-38; consolidated pp.755-760),,VERIFIED
S3P1-089,Sulphur dichloride,Sulphr dichloride,Schedule 3,Part I,Group 1 - Toxic,89,10545-99-0,1 t,VERIFIED,NOT_PRINTED,VERIFIED (not printed),"col 3 -> rules 5, 7-9; col 4 -> rules 10-12 and 13-15 (column headings as printed)","MSIHC r.2(e)(iii), 5, 7-15",,Sch 3 note (a)-(b): installations of same occupier <500 m apart; connected pipeline within 500 m; other site within 500 m; storage vehicles/vessels (not transport),1989-11-27,1 t,1 t,AGREE,SRC-154;SRC-155,Sch 3 Part I s.no.89 (Gazette 27-11-1989 pp.33-38; consolidated pp.755-760),,VERIFIED
S3P1-090,Tellurium hexafluoride,Tellurium hexafluoride,Schedule 3,Part I,Group 1 - Toxic,90,7783-80-4,100 kg,VERIFIED,NOT_PRINTED,VERIFIED (not printed),"col 3 -> rules 5, 7-9; col 4 -> rules 10-12 and 13-15 (column headings as printed)","MSIHC r.2(e)(iii), 5, 7-15",,Sch 3 note (a)-(b): installations of same occupier <500 m apart; connected pipeline within 500 m; other site within 500 m; storage vehicles/vessels (not transport),1989-11-27,100 kg,100 kg,AGREE,SRC-154;SRC-155,Sch 3 Part I s.no.90 (Gazette 27-11-1989 pp.33-38; consolidated pp.755-760),,VERIFIED
S3P1-091,TEPP,TEPP,Schedule 3,Part I,Group 1 - Toxic,91,107-49-3,100 kg,VERIFIED,NOT_PRINTED,VERIFIED (not printed),"col 3 -> rules 5, 7-9; col 4 -> rules 10-12 and 13-15 (column headings as printed)","MSIHC r.2(e)(iii), 5, 7-15",,Sch 3 note (a)-(b): installations of same occupier <500 m apart; connected pipeline within 500 m; other site within 500 m; storage vehicles/vessels (not transport),1989-11-27,100 kg,100 kg,AGREE,SRC-154;SRC-155,Sch 3 Part I s.no.91 (Gazette 27-11-1989 pp.33-38; consolidated pp.755-760),,VERIFIED
S3P1-092,"2,3,7,8,-Tetrachlorodibenzo-p-dioxin (TCDD)","2, 3, 7, 8-Tctrachlorodibenzo-p-dioxin lkg 1746-01-6 (TCDD)",Schedule 3,Part I,Group 1 - Toxic,92,1746-01-6,1 kg,VERIFIED,NOT_PRINTED,VERIFIED (not printed),"col 3 -> rules 5, 7-9; col 4 -> rules 10-12 and 13-15 (column headings as printed)","MSIHC r.2(e)(iii), 5, 7-15",,Sch 3 note (a)-(b): installations of same occupier <500 m apart; connected pipeline within 500 m; other site within 500 m; storage vehicles/vessels (not transport),1989-11-27,1 kg,1 kg,AGREE,SRC-154;SRC-155,Sch 3 Part I s.no.92 (Gazette 27-11-1989 pp.33-38; consolidated pp.755-760),,VERIFIED
S3P1-093,Tetramethylenedisulphotetramine,Tetramethylenedisulphotetramine lkg 80-12-6,Schedule 3,Part I,Group 1 - Toxic,93,80-12-6,1 kg,VERIFIED,NOT_PRINTED,VERIFIED (not printed),"col 3 -> rules 5, 7-9; col 4 -> rules 10-12 and 13-15 (column headings as printed)","MSIHC r.2(e)(iii), 5, 7-15",,Sch 3 note (a)-(b): installations of same occupier <500 m apart; connected pipeline within 500 m; other site within 500 m; storage vehicles/vessels (not transport),1989-11-27,1 kg,1 kg,AGREE,SRC-154;SRC-155,Sch 3 Part I s.no.93 (Gazette 27-11-1989 pp.33-38; consolidated pp.755-760),,VERIFIED
S3P1-094,Thionazin,Thionazin,Schedule 3,Part I,Group 1 - Toxic,94,297-97-2,100 kg,VERIFIED,NOT_PRINTED,VERIFIED (not printed),"col 3 -> rules 5, 7-9; col 4 -> rules 10-12 and 13-15 (column headings as printed)","MSIHC r.2(e)(iii), 5, 7-15",,Sch 3 note (a)-(b): installations of same occupier <500 m apart; connected pipeline within 500 m; other site within 500 m; storage vehicles/vessels (not transport),1989-11-27,100 kg,100 kg,AGREE,SRC-154;SRC-155,Sch 3 Part I s.no.94 (Gazette 27-11-1989 pp.33-38; consolidated pp.755-760),,VERIFIED
S3P1-095,"Tirpate (2,4-Dimethyl-1,3-dithiolane-2- carboxaldehyde O-methylcarbamoyloxime)","Tirpate (2, 4-Dimethyl-l, 3-dithiolane-2-carboxaldehyde",Schedule 3,Part I,Group 1 - Toxic,95,26419-73-8,100 kg,VERIFIED,NOT_PRINTED,VERIFIED (not printed),"col 3 -> rules 5, 7-9; col 4 -> rules 10-12 and 13-15 (column headings as printed)","MSIHC r.2(e)(iii), 5, 7-15",,Sch 3 note (a)-(b): installations of same occupier <500 m apart; connected pipeline within 500 m; other site within 500 m; storage vehicles/vessels (not transport),1989-11-27,100 kg,100 kg,AGREE,SRC-154;SRC-155,Sch 3 Part I s.no.95 (Gazette 27-11-1989 pp.33-38; consolidated pp.755-760),,VERIFIED
S3P1-096,Trichloromethanesulphonyl chloride,Trichloromethanesulphenyl chloride,Schedule 3,Part I,Group 1 - Toxic,96,594-42-3,100 kg,VERIFIED,NOT_PRINTED,VERIFIED (not printed),"col 3 -> rules 5, 7-9; col 4 -> rules 10-12 and 13-15 (column headings as printed)","MSIHC r.2(e)(iii), 5, 7-15",,Sch 3 note (a)-(b): installations of same occupier <500 m apart; connected pipeline within 500 m; other site within 500 m; storage vehicles/vessels (not transport),1989-11-27,100 kg,100 kg,AGREE,SRC-154;SRC-155,Sch 3 Part I s.no.96 (Gazette 27-11-1989 pp.33-38; consolidated pp.755-760),,VERIFIED
S3P1-097,"1-Tri (cyclohexyl) stannyl 1H-1,2,4- Triazole","l-Tri (cyclohexyl)stannyl-lH-l, 2, 4-",Schedule 3,Part I,Group 1 - Toxic,97,41083-11-8,100 kg,VERIFIED,NOT_PRINTED,VERIFIED (not printed),"col 3 -> rules 5, 7-9; col 4 -> rules 10-12 and 13-15 (column headings as printed)","MSIHC r.2(e)(iii), 5, 7-15",,Sch 3 note (a)-(b): installations of same occupier <500 m apart; connected pipeline within 500 m; other site within 500 m; storage vehicles/vessels (not transport),1989-11-27,100 kg / 36 t,100 kg,AGREE (manual comparison; parser artefact),SRC-154;SRC-155,Sch 3 Part I s.no.97 (Gazette 27-11-1989 pp.33-38; consolidated pp.755-760),,VERIFIED
S3P1-098,Triethylenemelamine,Triethylenemelamine,Schedule 3,Part I,Group 1 - Toxic,98,51-18-3,10 kg,VERIFIED,NOT_PRINTED,VERIFIED (not printed),"col 3 -> rules 5, 7-9; col 4 -> rules 10-12 and 13-15 (column headings as printed)","MSIHC r.2(e)(iii), 5, 7-15",,Sch 3 note (a)-(b): installations of same occupier <500 m apart; connected pipeline within 500 m; other site within 500 m; storage vehicles/vessels (not transport),1989-11-27,10 kg,10 kg,AGREE,SRC-154;SRC-155,Sch 3 Part I s.no.98 (Gazette 27-11-1989 pp.33-38; consolidated pp.755-760),,VERIFIED
S3P1-099,Warfarin,Warfarin,Schedule 3,Part I,Group 1 - Toxic,99,,100 kg,VERIFIED_PRIMARY_GAZETTE,NOT_PRINTED,VERIFIED (not printed),"col 3 -> rules 5, 7-9; col 4 -> rules 10-12 and 13-15 (column headings as printed)","MSIHC r.2(e)(iii), 5, 7-15",,Sch 3 note (a)-(b): installations of same occupier <500 m apart; connected pipeline within 500 m; other site within 500 m; storage vehicles/vessels (not transport),1989-11-27,100 kg,(no value),AGREE: original gazette and central consolidated text both 100 kg (CAS 81-81-2),SRC-154;SRC-167;SRC-155,SRC-154 Sch 3 Part I s.no.99; SRC-167 p.748-751 s.no.99 'Warfarin 100 kg 81-81-2',Consolidated text prints the name without a quantity (page break); value rests on original gazette only,VERIFIED
S3P1-100,kg 81-81-2 GROUP -2 TOXIC SUBSTANCES 100 Acetone cyanohydrin (2-Cyanopropan- 2-ol,Acetone cyanohydrin (2-Cyanopropan-2-01),Schedule 3,Part I,Group 2 - Toxic,100,81-81-2;75-86-5,200 t,VERIFIED,NOT_PRINTED,VERIFIED (not printed),"col 3 -> rules 5, 7-9; col 4 -> rules 10-12 and 13-15 (column headings as printed)","MSIHC r.2(e)(iii), 5, 7-15",,Sch 3 note (a)-(b): installations of same occupier <500 m apart; connected pipeline within 500 m; other site within 500 m; storage vehicles/vessels (not transport),1989-11-27,200 t,200 t,AGREE,SRC-154;SRC-155,Sch 3 Part I s.no.100 (Gazette 27-11-1989 pp.33-38; consolidated pp.755-760),,VERIFIED
S3P1-101,Acrolein (2-Propenal),Acrolein (2-Propenal),Schedule 3,Part I,Group 2 - Toxic,101,107-02-8,20 t,VERIFIED,200 t,VERIFIED_T1_CONSOLIDATED,"col 3 -> rules 5, 7-9; col 4 -> rules 10-12 and 13-15 (column headings as printed)","MSIHC r.2(e)(iii), 5, 7-15","col 4 value inserted by MSIHC (Amendment) Rules 1994, S.O. 2882(E) 03-10-1994 (consolidated-text footnote); original 1989 col 4 blank",Sch 3 note (a)-(b): installations of same occupier <500 m apart; connected pipeline within 500 m; other site within 500 m; storage vehicles/vessels (not transport),1994-10-03 (col 4 insertion),20 t,20 t / 200 t,col 3 AGREE (gazette + consolidated); col 4 T1 consolidated attribution to S.O.2882,SRC-154;SRC-167;SRC-155,"SRC-167 Sch 3 Part I s.no.101 col 4 bracket '1[200 t]'; footnote 1 p.752: 'Inserted by Rule14 (a to h) of MSIHC (Amendment) Rules, 1994 ... S.O.2882, dated 3.10.1994'",,VERIFIED
S3P1-102,Acrylonitrile,Acrylonitrlle,Schedule 3,Part I,Group 2 - Toxic,102,107-13-1,20 t,VERIFIED,200 t,VERIFIED,"col 3 -> rules 5, 7-9; col 4 -> rules 10-12 and 13-15 (column headings as printed)","MSIHC r.2(e)(iii), 5, 7-15",,Sch 3 note (a)-(b): installations of same occupier <500 m apart; connected pipeline within 500 m; other site within 500 m; storage vehicles/vessels (not transport),1989-11-27,20 t / 200 t,20 t / 200 t,AGREE,SRC-154;SRC-155,Sch 3 Part I s.no.102 (Gazette 27-11-1989 pp.33-38; consolidated pp.755-760),,VERIFIED
S3P1-103,Allyl alcohol (Propen-1-ol),Allyl alcohol (Propen-1-ol),Schedule 3,Part I,Group 2 - Toxic,103,107-18-6,200 t,VERIFIED,NOT_PRINTED,VERIFIED (not printed),"col 3 -> rules 5, 7-9; col 4 -> rules 10-12 and 13-15 (column headings as printed)","MSIHC r.2(e)(iii), 5, 7-15",,Sch 3 note (a)-(b): installations of same occupier <500 m apart; connected pipeline within 500 m; other site within 500 m; storage vehicles/vessels (not transport),1989-11-27,200 t,200 t,AGREE,SRC-154;SRC-155,Sch 3 Part I s.no.103 (Gazette 27-11-1989 pp.33-38; consolidated pp.755-760),,VERIFIED
S3P1-104,Alylamine,Allylamine,Schedule 3,Part I,Group 2 - Toxic,104,107-11-9,200 t,VERIFIED,NOT_PRINTED,VERIFIED (not printed),"col 3 -> rules 5, 7-9; col 4 -> rules 10-12 and 13-15 (column headings as printed)","MSIHC r.2(e)(iii), 5, 7-15",,Sch 3 note (a)-(b): installations of same occupier <500 m apart; connected pipeline within 500 m; other site within 500 m; storage vehicles/vessels (not transport),1989-11-27,200 t,200 t,AGREE,SRC-154;SRC-155,Sch 3 Part I s.no.104 (Gazette 27-11-1989 pp.33-38; consolidated pp.755-760),,VERIFIED
S3P1-105,Ammonia,Ammonia,Schedule 3,Part I,Group 2 - Toxic,105,7664-41-7,50 t,VERIFIED,500 t,VERIFIED,"col 3 -> rules 5, 7-9; col 4 -> rules 10-12 and 13-15 (column headings as printed)","MSIHC r.2(e)(iii), 5, 7-15",,Sch 3 note (a)-(b): installations of same occupier <500 m apart; connected pipeline within 500 m; other site within 500 m; storage vehicles/vessels (not transport),1989-11-27,50 t / 500 t,50 t / 500 t,AGREE,SRC-154;SRC-155,Sch 3 Part I s.no.105 (Gazette 27-11-1989 pp.33-38; consolidated pp.755-760),,VERIFIED
S3P1-106,Bromine,Bromine,Schedule 3,Part I,Group 2 - Toxic,106,7726-95-6,40 t,VERIFIED,500 t,VERIFIED_T1_CONSOLIDATED,"col 3 -> rules 5, 7-9; col 4 -> rules 10-12 and 13-15 (column headings as printed)","MSIHC r.2(e)(iii), 5, 7-15","col 4 value inserted by MSIHC (Amendment) Rules 1994, S.O. 2882(E) 03-10-1994 (consolidated-text footnote); original 1989 col 4 blank",Sch 3 note (a)-(b): installations of same occupier <500 m apart; connected pipeline within 500 m; other site within 500 m; storage vehicles/vessels (not transport),1994-10-03 (col 4 insertion),40 t,40 t / 500 t,col 3 AGREE (gazette + consolidated); col 4 T1 consolidated attribution to S.O.2882,SRC-154;SRC-167;SRC-155,"SRC-167 Sch 3 Part I s.no.106 col 4 bracket '1[500 t]'; footnote 1 p.752: 'Inserted by Rule14 (a to h) of MSIHC (Amendment) Rules, 1994 ... S.O.2882, dated 3.10.1994'",,VERIFIED
S3P1-107,Carbon disulphide,Carbon disuJphide,Schedule 3,Part I,Group 2 - Toxic,107,75-15-0,20 t,VERIFIED,200 t,VERIFIED,"col 3 -> rules 5, 7-9; col 4 -> rules 10-12 and 13-15 (column headings as printed)","MSIHC r.2(e)(iii), 5, 7-15",,Sch 3 note (a)-(b): installations of same occupier <500 m apart; connected pipeline within 500 m; other site within 500 m; storage vehicles/vessels (not transport),1989-11-27,20 t / 200 t,20 t / 200 t,AGREE,SRC-154;SRC-155,Sch 3 Part I s.no.107 (Gazette 27-11-1989 pp.33-38; consolidated pp.755-760),,VERIFIED
S3P1-108,Chlorine,Chlorine,Schedule 3,Part I,Group 2 - Toxic,108,7782-50-5,10 t,VERIFIED,25 t,VERIFIED,"col 3 -> rules 5, 7-9; col 4 -> rules 10-12 and 13-15 (column headings as printed)","MSIHC r.2(e)(iii), 5, 7-15",,Sch 3 note (a)-(b): installations of same occupier <500 m apart; connected pipeline within 500 m; other site within 500 m; storage vehicles/vessels (not transport),1989-11-27,10 t / 25 t,10 t / 25 t,AGREE,SRC-154;SRC-155,Sch 3 Part I s.no.108 (Gazette 27-11-1989 pp.33-38; consolidated pp.755-760),,VERIFIED
S3P1-109,Diphneyl ethane di-isocynate (MDI),Diphenyl methane di- socyanate (MDI),Schedule 3,Part I,Group 2 - Toxic,109,101-68-8,20 t,VERIFIED,200 t,VERIFIED_T1_CONSOLIDATED,"col 3 -> rules 5, 7-9; col 4 -> rules 10-12 and 13-15 (column headings as printed)","MSIHC r.2(e)(iii), 5, 7-15","col 4 value inserted by MSIHC (Amendment) Rules 1994, S.O. 2882(E) 03-10-1994 (consolidated-text footnote); original 1989 col 4 blank",Sch 3 note (a)-(b): installations of same occupier <500 m apart; connected pipeline within 500 m; other site within 500 m; storage vehicles/vessels (not transport),1994-10-03 (col 4 insertion),20 t / 5 t,20 t / 200 t,col 3 AGREE (gazette + consolidated); col 4 T1 consolidated attribution to S.O.2882,SRC-154;SRC-167;SRC-155,"SRC-167 Sch 3 Part I s.no.109 col 4 bracket '1[200 t]'; footnote 1 p.752: 'Inserted by Rule14 (a to h) of MSIHC (Amendment) Rules, 1994 ... S.O.2882, dated 3.10.1994'",,VERIFIED
S3P1-110,"Ethylene dibromide (1,2- Dibromoethane)",,Schedule 3,Part I,Group 2 - Toxic,110,106-93-4,5 t,VERIFIED,50 t,VERIFIED_T1_CONSOLIDATED,"col 3 -> rules 5, 7-9; col 4 -> rules 10-12 and 13-15 (column headings as printed)","MSIHC r.2(e)(iii), 5, 7-15","col 4 value inserted by MSIHC (Amendment) Rules 1994, S.O. 2882(E) 03-10-1994 (consolidated-text footnote); original 1989 col 4 blank",Sch 3 note (a)-(b): installations of same occupier <500 m apart; connected pipeline within 500 m; other site within 500 m; storage vehicles/vessels (not transport),1994-10-03 (col 4 insertion),(no value parsed),5 t / 50 t,col 3 AGREE (gazette + consolidated); col 4 T1 consolidated attribution to S.O.2882,SRC-154;SRC-167;SRC-155,"SRC-167 Sch 3 Part I s.no.110 col 4 bracket '1[50 t]'; footnote 1 p.752: 'Inserted by Rule14 (a to h) of MSIHC (Amendment) Rules, 1994 ... S.O.2882, dated 3.10.1994'",,VERIFIED
S3P1-111,Ethyleneimine,Ethyleneimine,Schedule 3,Part I,Group 2 - Toxic,111,151-56-4,5 t,REQUIRES_OFFICIAL_CONFIRMATION,NOT_PRINTED,VERIFIED (not printed),"col 3 -> rules 5, 7-9; col 4 -> rules 10-12 and 13-15 (column headings as printed)","MSIHC r.2(e)(iii), 5, 7-15",,Sch 3 note (a)-(b): installations of same occupier <500 m apart; connected pipeline within 500 m; other site within 500 m; storage vehicles/vessels (not transport),1989-11-27,50 t,5 t,DISAGREE,SRC-154;SRC-155,Sch 3 Part I s.no.111 (Gazette 27-11-1989 pp.33-38; consolidated pp.755-760),SRC-167 also prints 5 t with no amendment footnote; original gazette 50 t; no amending instrument in the chain (SRC-168) touches it -> kept blocked (CON-023),REQUIRES_OFFICIAL_CONFIRMATION
S3P1-112,Formaldehyde (concentration <90%),Formaldehyde (concentration £90%),Schedule 3,Part I,Group 2 - Toxic,112,50-00-0,5 t,VERIFIED,50 t,VERIFIED_T1_CONSOLIDATED,"col 3 -> rules 5, 7-9; col 4 -> rules 10-12 and 13-15 (column headings as printed)","MSIHC r.2(e)(iii), 5, 7-15","col 4 value inserted by MSIHC (Amendment) Rules 1994, S.O. 2882(E) 03-10-1994 (consolidated-text footnote); original 1989 col 4 blank",Sch 3 note (a)-(b): installations of same occupier <500 m apart; connected pipeline within 500 m; other site within 500 m; storage vehicles/vessels (not transport),1994-10-03 (col 4 insertion),5 t,5 t / 50 t,col 3 AGREE (gazette + consolidated); col 4 T1 consolidated attribution to S.O.2882,SRC-154;SRC-167;SRC-155,"SRC-167 Sch 3 Part I s.no.112 col 4 bracket '1[50 t]'; footnote 1 p.752: 'Inserted by Rule14 (a to h) of MSIHC (Amendment) Rules, 1994 ... S.O.2882, dated 3.10.1994'",,VERIFIED
S3P1-113,Hydrogen chloride (liquified gas),Hydrogen chloride (liquified gas),Schedule 3,Part I,Group 2 - Toxic,113,7647-01-0,25 t,VERIFIED,250 t,VERIFIED,"col 3 -> rules 5, 7-9; col 4 -> rules 10-12 and 13-15 (column headings as printed)","MSIHC r.2(e)(iii), 5, 7-15",,Sch 3 note (a)-(b): installations of same occupier <500 m apart; connected pipeline within 500 m; other site within 500 m; storage vehicles/vessels (not transport),1989-11-27,25 t / 250 t,25 t / 250 t,AGREE,SRC-154;SRC-155,Sch 3 Part I s.no.113 (Gazette 27-11-1989 pp.33-38; consolidated pp.755-760),,VERIFIED
S3P1-114,Hydrogen cyanide,Hydrogen cyanide,Schedule 3,Part I,Group 2 - Toxic,114,74-90-8,5 t,VERIFIED,20 t,VERIFIED,"col 3 -> rules 5, 7-9; col 4 -> rules 10-12 and 13-15 (column headings as printed)","MSIHC r.2(e)(iii), 5, 7-15",,Sch 3 note (a)-(b): installations of same occupier <500 m apart; connected pipeline within 500 m; other site within 500 m; storage vehicles/vessels (not transport),1989-11-27,5 t / 20 t,5 t / 20 t,AGREE,SRC-154;SRC-155,Sch 3 Part I s.no.114 (Gazette 27-11-1989 pp.33-38; consolidated pp.755-760),,VERIFIED
S3P1-115,Hydrogen fluoride,Hydrogen fluoride,Schedule 3,Part I,Group 2 - Toxic,115,7664-39-3,5 t,VERIFIED,50 t,VERIFIED,"col 3 -> rules 5, 7-9; col 4 -> rules 10-12 and 13-15 (column headings as printed)","MSIHC r.2(e)(iii), 5, 7-15",,Sch 3 note (a)-(b): installations of same occupier <500 m apart; connected pipeline within 500 m; other site within 500 m; storage vehicles/vessels (not transport),1989-11-27,5 t / 50 t,5 t / 50 t,AGREE,SRC-154;SRC-155,Sch 3 Part I s.no.115 (Gazette 27-11-1989 pp.33-38; consolidated pp.755-760),,VERIFIED
S3P1-116,Hydrogen sulphide,Hydrogen sulphide,Schedule 3,Part I,Group 2 - Toxic,116,7783-06-4,5 t,VERIFIED,50 t,VERIFIED,"col 3 -> rules 5, 7-9; col 4 -> rules 10-12 and 13-15 (column headings as printed)","MSIHC r.2(e)(iii), 5, 7-15",,Sch 3 note (a)-(b): installations of same occupier <500 m apart; connected pipeline within 500 m; other site within 500 m; storage vehicles/vessels (not transport),1989-11-27,5 t / 50 t,5 t / 50 t,AGREE,SRC-154;SRC-155,Sch 3 Part I s.no.116 (Gazette 27-11-1989 pp.33-38; consolidated pp.755-760),,VERIFIED
S3P1-117,Methyl bromide (Bromomethane),Methyl bromide (Broraomethane),Schedule 3,Part I,Group 2 - Toxic,117,74-83-9,20 t,VERIFIED,200 t,VERIFIED_T1_CONSOLIDATED,"col 3 -> rules 5, 7-9; col 4 -> rules 10-12 and 13-15 (column headings as printed)","MSIHC r.2(e)(iii), 5, 7-15","col 4 value inserted by MSIHC (Amendment) Rules 1994, S.O. 2882(E) 03-10-1994 (consolidated-text footnote); original 1989 col 4 blank",Sch 3 note (a)-(b): installations of same occupier <500 m apart; connected pipeline within 500 m; other site within 500 m; storage vehicles/vessels (not transport),1994-10-03 (col 4 insertion),20 t,20 t / 200 t,col 3 AGREE (gazette + consolidated); col 4 T1 consolidated attribution to S.O.2882,SRC-154;SRC-167;SRC-155,"SRC-167 Sch 3 Part I s.no.117 col 4 bracket '1[200 t]'; footnote 1 p.752: 'Inserted by Rule14 (a to h) of MSIHC (Amendment) Rules, 1994 ... S.O.2882, dated 3.10.1994'",,VERIFIED
S3P1-118,Nitrogen oxides,Nitrogen oxides,Schedule 3,Part I,Group 2 - Toxic,118,11104-93-1,50 t,VERIFIED,NOT_PRINTED,VERIFIED (not printed),"col 3 -> rules 5, 7-9; col 4 -> rules 10-12 and 13-15 (column headings as printed)","MSIHC r.2(e)(iii), 5, 7-15",,Sch 3 note (a)-(b): installations of same occupier <500 m apart; connected pipeline within 500 m; other site within 500 m; storage vehicles/vessels (not transport),1989-11-27,50 t,50 t,AGREE,SRC-154;SRC-155,Sch 3 Part I s.no.118 (Gazette 27-11-1989 pp.33-38; consolidated pp.755-760),,VERIFIED
S3P1-119,Propylineimine,Propyleneiraine,Schedule 3,Part I,Group 2 - Toxic,119,75-55-8,50 t,VERIFIED,NOT_PRINTED,VERIFIED (not printed),"col 3 -> rules 5, 7-9; col 4 -> rules 10-12 and 13-15 (column headings as printed)","MSIHC r.2(e)(iii), 5, 7-15",,Sch 3 note (a)-(b): installations of same occupier <500 m apart; connected pipeline within 500 m; other site within 500 m; storage vehicles/vessels (not transport),1989-11-27,50 t,50 t,AGREE,SRC-154;SRC-155,Sch 3 Part I s.no.119 (Gazette 27-11-1989 pp.33-38; consolidated pp.755-760),,VERIFIED
S3P1-120,Sulphur dioxide,Sulphur dioxide,Schedule 3,Part I,Group 2 - Toxic,120,7446-09-5,20 t,VERIFIED,250 t,VERIFIED,"col 3 -> rules 5, 7-9; col 4 -> rules 10-12 and 13-15 (column headings as printed)","MSIHC r.2(e)(iii), 5, 7-15",,Sch 3 note (a)-(b): installations of same occupier <500 m apart; connected pipeline within 500 m; other site within 500 m; storage vehicles/vessels (not transport),1989-11-27,20 t / 250 t,20 t / 250 t,AGREE,SRC-154;SRC-155,Sch 3 Part I s.no.120 (Gazette 27-11-1989 pp.33-38; consolidated pp.755-760),,VERIFIED
S3P1-121,Sulphur trioxide,Sulphur trioxide,Schedule 3,Part I,Group 2 - Toxic,121,7446-11-9,15 t,VERIFIED,75 t,VERIFIED,"col 3 -> rules 5, 7-9; col 4 -> rules 10-12 and 13-15 (column headings as printed)","MSIHC r.2(e)(iii), 5, 7-15",,Sch 3 note (a)-(b): installations of same occupier <500 m apart; connected pipeline within 500 m; other site within 500 m; storage vehicles/vessels (not transport),1989-11-27,15 t / 75 t,15 t / 75 t,AGREE,SRC-154;SRC-155,Sch 3 Part I s.no.121 (Gazette 27-11-1989 pp.33-38; consolidated pp.755-760),,VERIFIED
S3P1-122,Tetraethyl lead,Tetraethyl lead,Schedule 3,Part I,Group 2 - Toxic,122,78-00-2,5 t,VERIFIED,200 t,VERIFIED_T1_CONSOLIDATED,"col 3 -> rules 5, 7-9; col 4 -> rules 10-12 and 13-15 (column headings as printed)","MSIHC r.2(e)(iii), 5, 7-15","col 4 value inserted by MSIHC (Amendment) Rules 1994, S.O. 2882(E) 03-10-1994 (consolidated-text footnote); original 1989 col 4 blank",Sch 3 note (a)-(b): installations of same occupier <500 m apart; connected pipeline within 500 m; other site within 500 m; storage vehicles/vessels (not transport),1994-10-03 (col 4 insertion),5 t,5 t / 200 t,col 3 AGREE (gazette + consolidated); col 4 T1 consolidated attribution to S.O.2882,SRC-154;SRC-167;SRC-155,"SRC-167 Sch 3 Part I s.no.122 col 4 bracket '2[200 t]'; footnote 2 p.752: 'Inserted by Rule14 (a to h) of MSIHC (Amendment) Rules, 1994 ... S.O.2882, dated 3.10.1994'",,VERIFIED
S3P1-123,Tetra methyl lead,Tetramethyl lead,Schedule 3,Part I,Group 2 - Toxic,123,75-74-1,5 t,VERIFIED,100 t,VERIFIED_T1_CONSOLIDATED,"col 3 -> rules 5, 7-9; col 4 -> rules 10-12 and 13-15 (column headings as printed)","MSIHC r.2(e)(iii), 5, 7-15","col 4 value inserted by MSIHC (Amendment) Rules 1994, S.O. 2882(E) 03-10-1994 (consolidated-text footnote); original 1989 col 4 blank",Sch 3 note (a)-(b): installations of same occupier <500 m apart; connected pipeline within 500 m; other site within 500 m; storage vehicles/vessels (not transport),1994-10-03 (col 4 insertion),5 t,5 t / 100 t,col 3 AGREE (gazette + consolidated); col 4 T1 consolidated attribution to S.O.2882,SRC-154;SRC-167;SRC-155,"SRC-167 Sch 3 Part I s.no.123 col 4 bracket '1[100 t]'; footnote 1 p.752: 'Inserted by Rule14 (a to h) of MSIHC (Amendment) Rules, 1994 ... S.O.2882, dated 3.10.1994'",,VERIFIED
S3P1-124,Toluene di-isocynate (TDI),Toluene di-isocyanate (TDI) lOt 584-84-9 75-01-4 GROUP 3—HIGHLY REACTIVE SUB- STANCES,Schedule 3,Part I,Group 2 - Toxic,124,584-84-9,10 t,VERIFIED,NOT_PRINTED,VERIFIED (not printed),"col 3 -> rules 5, 7-9; col 4 -> rules 10-12 and 13-15 (column headings as printed)","MSIHC r.2(e)(iii), 5, 7-15",,Sch 3 note (a)-(b): installations of same occupier <500 m apart; connected pipeline within 500 m; other site within 500 m; storage vehicles/vessels (not transport),1989-11-27,10 t,10 t,AGREE,SRC-154;SRC-155,Sch 3 Part I s.no.124 (Gazette 27-11-1989 pp.33-38; consolidated pp.755-760),,VERIFIED
S3P1-125,Acetylene (ethyne),Acetylene (ethyne),Schedule 3,Part I,Group 3 - Highly reactive,125,74-86-2,5 t,VERIFIED,NOT_PRINTED,VERIFIED (not printed),"col 3 -> rules 5, 7-9; col 4 -> rules 10-12 and 13-15 (column headings as printed)","MSIHC r.2(e)(iii), 5, 7-15",,Sch 3 note (a)-(b): installations of same occupier <500 m apart; connected pipeline within 500 m; other site within 500 m; storage vehicles/vessels (not transport),1989-11-27,5 t,5 t,AGREE,SRC-154;SRC-155,Sch 3 Part I s.no.125 (Gazette 27-11-1989 pp.33-38; consolidated pp.755-760),,VERIFIED
S3P1-126,a. Ammonium nitrate (1) b. Ammonium nitrate in form of fertilizer (2),a. Ammonium nitrate (1),Schedule 3,Part I,Group 3 - Highly reactive,126,6484-52-2,"350 t (a: ammonium nitrate, note 1); 1250 t (b: AN fertiliser, note 2)",VERIFIED,2500 t (a),VERIFIED,"col 3 -> rules 5, 7-9; col 4 -> rules 10-12 and 13-15 (column headings as printed)","MSIHC r.2(e)(iii), 5, 7-15",,Sch 3 note (a)-(b): installations of same occupier <500 m apart; connected pipeline within 500 m; other site within 500 m; storage vehicles/vessels (not transport),1989-11-27,350 t / 2500 t / 1250 t,350 t / 1250 t / 2500 t,AGREE (manual comparison; parser artefact),SRC-154;SRC-155,Sch 3 Part I s.no.126 (Gazette 27-11-1989 pp.33-38; consolidated pp.755-760),,VERIFIED
S3P1-127,"2,2 Bis (tert-butylperoxy) butane) (concentration >70%)","2, 2-Bis (tert-butylpcroxy) butane",Schedule 3,Part I,Group 3 - Highly reactive,127,2167-23-9,5 t,VERIFIED,NOT_PRINTED,VERIFIED (not printed),"col 3 -> rules 5, 7-9; col 4 -> rules 10-12 and 13-15 (column headings as printed)","MSIHC r.2(e)(iii), 5, 7-15",,Sch 3 note (a)-(b): installations of same occupier <500 m apart; connected pipeline within 500 m; other site within 500 m; storage vehicles/vessels (not transport),1989-11-27,5 t,5 t,AGREE,SRC-154;SRC-155,Sch 3 Part I s.no.127 (Gazette 27-11-1989 pp.33-38; consolidated pp.755-760),,VERIFIED
S3P1-128,"1, 1-Bis(tert-butylperoxy) cyclohexane (concentration > 80%)","1, 1-Bic (tert-butylperoxy) cyclohexane",Schedule 3,Part I,Group 3 - Highly reactive,128,3006-86-8,5 t,VERIFIED,NOT_PRINTED,VERIFIED (not printed),"col 3 -> rules 5, 7-9; col 4 -> rules 10-12 and 13-15 (column headings as printed)","MSIHC r.2(e)(iii), 5, 7-15",,Sch 3 note (a)-(b): installations of same occupier <500 m apart; connected pipeline within 500 m; other site within 500 m; storage vehicles/vessels (not transport),1989-11-27,5 t / 5 t,5 t,AGREE (manual comparison; parser artefact),SRC-154;SRC-155,Sch 3 Part I s.no.128 (Gazette 27-11-1989 pp.33-38; consolidated pp.755-760),,VERIFIED
S3P1-129,tert-Butyle proxyacetate (concentration ≤70% ),tert-Butyl peroxyacetate (concentration £,Schedule 3,Part I,Group 3 - Highly reactive,129,107-71-1,5 t,VERIFIED,NOT_PRINTED,VERIFIED (not printed),"col 3 -> rules 5, 7-9; col 4 -> rules 10-12 and 13-15 (column headings as printed)","MSIHC r.2(e)(iii), 5, 7-15",,Sch 3 note (a)-(b): installations of same occupier <500 m apart; connected pipeline within 500 m; other site within 500 m; storage vehicles/vessels (not transport),1989-11-27,5 t,5 t,AGREE,SRC-154;SRC-155,Sch 3 Part I s.no.129 (Gazette 27-11-1989 pp.33-38; consolidated pp.755-760),,VERIFIED
S3P1-130,tert-Butyle peroxy isobutyrate (concentration >80%),tert-Butyl peroxyisobutyrate (concentra-,Schedule 3,Part I,Group 3 - Highly reactive,130,109-13-7,5 t,VERIFIED,NOT_PRINTED,VERIFIED (not printed),"col 3 -> rules 5, 7-9; col 4 -> rules 10-12 and 13-15 (column headings as printed)","MSIHC r.2(e)(iii), 5, 7-15",,Sch 3 note (a)-(b): installations of same occupier <500 m apart; connected pipeline within 500 m; other site within 500 m; storage vehicles/vessels (not transport),1989-11-27,5 t,5 t,AGREE,SRC-154;SRC-155,Sch 3 Part I s.no.130 (Gazette 27-11-1989 pp.33-38; consolidated pp.755-760),,VERIFIED
S3P1-131,Tert-Butyl peroxy isopropyl carbonate (concentration ≥80%),tert-Butyl peroxy isopropyl carbonate,Schedule 3,Part I,Group 3 - Highly reactive,131,2372-21-6,5 t,VERIFIED,NOT_PRINTED,VERIFIED (not printed),"col 3 -> rules 5, 7-9; col 4 -> rules 10-12 and 13-15 (column headings as printed)","MSIHC r.2(e)(iii), 5, 7-15",,Sch 3 note (a)-(b): installations of same occupier <500 m apart; connected pipeline within 500 m; other site within 500 m; storage vehicles/vessels (not transport),1989-11-27,5 t,5 t,AGREE,SRC-154;SRC-155,Sch 3 Part I s.no.131 (Gazette 27-11-1989 pp.33-38; consolidated pp.755-760),,VERIFIED
S3P1-132,Tert-Butyl peroxymaletate (concentration ≥80%),tert-Butyl peroxymaleate (concentration,Schedule 3,Part I,Group 3 - Highly reactive,132,1931-62-0,5 t,VERIFIED,NOT_PRINTED,VERIFIED (not printed),"col 3 -> rules 5, 7-9; col 4 -> rules 10-12 and 13-15 (column headings as printed)","MSIHC r.2(e)(iii), 5, 7-15",,Sch 3 note (a)-(b): installations of same occupier <500 m apart; connected pipeline within 500 m; other site within 500 m; storage vehicles/vessels (not transport),1989-11-27,5 t,5 t,AGREE,SRC-154;SRC-155,Sch 3 Part I s.no.132 (Gazette 27-11-1989 pp.33-38; consolidated pp.755-760),,VERIFIED
S3P1-133,Tert-Butyl peroxypivalate (concentration ≥77%),tert-Butyl peroxypivalale (concentration,Schedule 3,Part I,Group 3 - Highly reactive,133,927-07-1,50 t,VERIFIED,NOT_PRINTED,VERIFIED (not printed),"col 3 -> rules 5, 7-9; col 4 -> rules 10-12 and 13-15 (column headings as printed)","MSIHC r.2(e)(iii), 5, 7-15",,Sch 3 note (a)-(b): installations of same occupier <500 m apart; connected pipeline within 500 m; other site within 500 m; storage vehicles/vessels (not transport),1989-11-27,50 t,50 t,AGREE,SRC-154;SRC-155,Sch 3 Part I s.no.133 (Gazette 27-11-1989 pp.33-38; consolidated pp.755-760),,VERIFIED
S3P1-134,Dibenzyl peroxydicarbonate (concentration≥90%),Dibenzyl pcroxydicarbonatc (concentra-,Schedule 3,Part I,Group 3 - Highly reactive,134,2144-45-8,5 t,VERIFIED,NOT_PRINTED,VERIFIED (not printed),"col 3 -> rules 5, 7-9; col 4 -> rules 10-12 and 13-15 (column headings as printed)","MSIHC r.2(e)(iii), 5, 7-15",,Sch 3 note (a)-(b): installations of same occupier <500 m apart; connected pipeline within 500 m; other site within 500 m; storage vehicles/vessels (not transport),1989-11-27,5 t,5 t,AGREE,SRC-154;SRC-155,Sch 3 Part I s.no.134 (Gazette 27-11-1989 pp.33-38; consolidated pp.755-760),,VERIFIED
S3P1-135,Di-sec-butyl peroxydicarbonate (concentration ≥80%),Di-scc-butyl pcroxydicarbonatc concentra-,Schedule 3,Part I,Group 3 - Highly reactive,135,19910-65-7,5 t,VERIFIED,NOT_PRINTED,VERIFIED (not printed),"col 3 -> rules 5, 7-9; col 4 -> rules 10-12 and 13-15 (column headings as printed)","MSIHC r.2(e)(iii), 5, 7-15",,Sch 3 note (a)-(b): installations of same occupier <500 m apart; connected pipeline within 500 m; other site within 500 m; storage vehicles/vessels (not transport),1989-11-27,5 t,5 t,AGREE,SRC-154;SRC-155,Sch 3 Part I s.no.135 (Gazette 27-11-1989 pp.33-38; consolidated pp.755-760),,VERIFIED
S3P1-136,Diethyl peroxydicarbonate (concentration ≥30% ),Dicthyl peroxydicarbonate (concentration 30%),Schedule 3,Part I,Group 3 - Highly reactive,136,14666-78-5,50 t,VERIFIED,NOT_PRINTED,VERIFIED (not printed),"col 3 -> rules 5, 7-9; col 4 -> rules 10-12 and 13-15 (column headings as printed)","MSIHC r.2(e)(iii), 5, 7-15",,Sch 3 note (a)-(b): installations of same occupier <500 m apart; connected pipeline within 500 m; other site within 500 m; storage vehicles/vessels (not transport),1989-11-27,50 t,50 t,AGREE,SRC-154;SRC-155,Sch 3 Part I s.no.136 (Gazette 27-11-1989 pp.33-38; consolidated pp.755-760),,VERIFIED
S3P1-137,"2,2-dihydroperoxypropane (concentration≥30%)","2, 2-Dihydroperoxypropane (concentra-",Schedule 3,Part I,Group 3 - Highly reactive,137,,5 t,VERIFIED,NOT_PRINTED,VERIFIED (not printed),"col 3 -> rules 5, 7-9; col 4 -> rules 10-12 and 13-15 (column headings as printed)","MSIHC r.2(e)(iii), 5, 7-15",,Sch 3 note (a)-(b): installations of same occupier <500 m apart; connected pipeline within 500 m; other site within 500 m; storage vehicles/vessels (not transport),1989-11-27,5 t,5 t,AGREE,SRC-154;SRC-155,Sch 3 Part I s.no.137 (Gazette 27-11-1989 pp.33-38; consolidated pp.755-760),,VERIFIED
S3P1-138,di-isobutyrl peroxide (concentration ≥50%),Di-isobutyryl peroxide (Concentration,Schedule 3,Part I,Group 3 - Highly reactive,138,3437-84-1,50 t,VERIFIED,NOT_PRINTED,VERIFIED (not printed),"col 3 -> rules 5, 7-9; col 4 -> rules 10-12 and 13-15 (column headings as printed)","MSIHC r.2(e)(iii), 5, 7-15",,Sch 3 note (a)-(b): installations of same occupier <500 m apart; connected pipeline within 500 m; other site within 500 m; storage vehicles/vessels (not transport),1989-11-27,50 t,50 t,AGREE,SRC-154;SRC-155,Sch 3 Part I s.no.138 (Gazette 27-11-1989 pp.33-38; consolidated pp.755-760),,VERIFIED
S3P1-139,Di-n-propyl peroxydicarbonate (concentration≥80%),Di-n-propyl pcroxydicarbonate (concen- tration—80%),Schedule 3,Part I,Group 3 - Highly reactive,139,16066-38-9,5 t,VERIFIED,NOT_PRINTED,VERIFIED (not printed),"col 3 -> rules 5, 7-9; col 4 -> rules 10-12 and 13-15 (column headings as printed)","MSIHC r.2(e)(iii), 5, 7-15",,Sch 3 note (a)-(b): installations of same occupier <500 m apart; connected pipeline within 500 m; other site within 500 m; storage vehicles/vessels (not transport),1989-11-27,5 t,5 t,AGREE,SRC-154;SRC-155,Sch 3 Part I s.no.139 (Gazette 27-11-1989 pp.33-38; consolidated pp.755-760),,VERIFIED
S3P1-140,Ethyene oxide,Ethylene oxide,Schedule 3,Part I,Group 3 - Highly reactive,140,75-21-8,5 t,VERIFIED,50 t,VERIFIED,"col 3 -> rules 5, 7-9; col 4 -> rules 10-12 and 13-15 (column headings as printed)","MSIHC r.2(e)(iii), 5, 7-15",,Sch 3 note (a)-(b): installations of same occupier <500 m apart; connected pipeline within 500 m; other site within 500 m; storage vehicles/vessels (not transport),1989-11-27,5 t / 50 t,5 t / 50 t,AGREE,SRC-154;SRC-155,Sch 3 Part I s.no.140 (Gazette 27-11-1989 pp.33-38; consolidated pp.755-760),,VERIFIED
S3P1-141,Ethyl nitrate,Ethyl nitrate,Schedule 3,Part I,Group 3 - Highly reactive,141,625-58-1,50 t,VERIFIED,NOT_PRINTED,VERIFIED (not printed),"col 3 -> rules 5, 7-9; col 4 -> rules 10-12 and 13-15 (column headings as printed)","MSIHC r.2(e)(iii), 5, 7-15",,Sch 3 note (a)-(b): installations of same occupier <500 m apart; connected pipeline within 500 m; other site within 500 m; storage vehicles/vessels (not transport),1989-11-27,50 t,50 t,AGREE,SRC-154;SRC-155,Sch 3 Part I s.no.141 (Gazette 27-11-1989 pp.33-38; consolidated pp.755-760),,VERIFIED
S3P1-142,"3,3,6,6,9,9 Hexamethyl - 1,2,4 5-tert oxacyclononane (concenttation ≥75%)","3, 3, 6, 6, 9, 9-Hexamethyl-l,2,4,5-tetro-",Schedule 3,Part I,Group 3 - Highly reactive,142,22397-33-7,50 t,VERIFIED,NOT_PRINTED,VERIFIED (not printed),"col 3 -> rules 5, 7-9; col 4 -> rules 10-12 and 13-15 (column headings as printed)","MSIHC r.2(e)(iii), 5, 7-15",,Sch 3 note (a)-(b): installations of same occupier <500 m apart; connected pipeline within 500 m; other site within 500 m; storage vehicles/vessels (not transport),1989-11-27,50 t,50 t,AGREE,SRC-154;SRC-155,Sch 3 Part I s.no.142 (Gazette 27-11-1989 pp.33-38; consolidated pp.755-760),,VERIFIED
S3P1-143,Hydrogen,Hydrogen,Schedule 3,Part I,Group 3 - Highly reactive,143,1333-74-0,2 t,VERIFIED,50 t,VERIFIED,"col 3 -> rules 5, 7-9; col 4 -> rules 10-12 and 13-15 (column headings as printed)","MSIHC r.2(e)(iii), 5, 7-15",,Sch 3 note (a)-(b): installations of same occupier <500 m apart; connected pipeline within 500 m; other site within 500 m; storage vehicles/vessels (not transport),1989-11-27,2 t / 50 t,2 t / 50 t,AGREE,SRC-154;SRC-155,Sch 3 Part I s.no.143 (Gazette 27-11-1989 pp.33-38; consolidated pp.755-760),,VERIFIED
S3P1-144,Liquid Oxygen,Liquid oxygen,Schedule 3,Part I,Group 3 - Highly reactive,144,7782-41-7,200 t,VERIFIED,2000 t,VERIFIED_T1_CONSOLIDATED,"col 3 -> rules 5, 7-9; col 4 -> rules 10-12 and 13-15 (column headings as printed)","MSIHC r.2(e)(iii), 5, 7-15","col 4 value inserted by MSIHC (Amendment) Rules 1994, S.O. 2882(E) 03-10-1994 (consolidated-text footnote); original 1989 col 4 blank",Sch 3 note (a)-(b): installations of same occupier <500 m apart; connected pipeline within 500 m; other site within 500 m; storage vehicles/vessels (not transport),1994-10-03 (col 4 insertion),200 t,200 t / 2000 t,col 3 AGREE (gazette + consolidated); col 4 T1 consolidated attribution to S.O.2882,SRC-154;SRC-167;SRC-155,"SRC-167 Sch 3 Part I s.no.144 col 4 bracket '1[2000 t]'; footnote 1 p.752: 'Inserted by Rule14 (a to h) of MSIHC (Amendment) Rules, 1994 ... S.O.2882, dated 3.10.1994'",,VERIFIED
S3P1-145,Methyl ethyl ketone peroxide (concentration ≥60%),Methyl ethyl ketone peroxide (concentra-,Schedule 3,Part I,Group 3 - Highly reactive,145,1338-23-4,5 t,VERIFIED,NOT_PRINTED,VERIFIED (not printed),"col 3 -> rules 5, 7-9; col 4 -> rules 10-12 and 13-15 (column headings as printed)","MSIHC r.2(e)(iii), 5, 7-15",,Sch 3 note (a)-(b): installations of same occupier <500 m apart; connected pipeline within 500 m; other site within 500 m; storage vehicles/vessels (not transport),1989-11-27,5 t,5 t,AGREE,SRC-154;SRC-155,Sch 3 Part I s.no.145 (Gazette 27-11-1989 pp.33-38; consolidated pp.755-760),,VERIFIED
S3P1-146,Methyl isobutyl ketone peroxide (concentration ≥60%),Methyl isobutyl ketone peroxide (concentration 60%),Schedule 3,Part I,Group 3 - Highly reactive,146,37206-20-5,50 t,VERIFIED,NOT_PRINTED,VERIFIED (not printed),"col 3 -> rules 5, 7-9; col 4 -> rules 10-12 and 13-15 (column headings as printed)","MSIHC r.2(e)(iii), 5, 7-15",,Sch 3 note (a)-(b): installations of same occupier <500 m apart; connected pipeline within 500 m; other site within 500 m; storage vehicles/vessels (not transport),1989-11-27,50 t,50 t,AGREE,SRC-154;SRC-155,Sch 3 Part I s.no.146 (Gazette 27-11-1989 pp.33-38; consolidated pp.755-760),,VERIFIED
S3P1-147,Peracetic acid (concentration ≥60%),Peracetic acid (concentration 60%),Schedule 3,Part I,Group 3 - Highly reactive,147,79-21-0,50 t,VERIFIED,NOT_PRINTED,VERIFIED (not printed),"col 3 -> rules 5, 7-9; col 4 -> rules 10-12 and 13-15 (column headings as printed)","MSIHC r.2(e)(iii), 5, 7-15",,Sch 3 note (a)-(b): installations of same occupier <500 m apart; connected pipeline within 500 m; other site within 500 m; storage vehicles/vessels (not transport),1989-11-27,50 t,50 t,AGREE,SRC-154;SRC-155,Sch 3 Part I s.no.147 (Gazette 27-11-1989 pp.33-38; consolidated pp.755-760),,VERIFIED
S3P1-148,Propylene oxide,Propylene oxide,Schedule 3,Part I,Group 3 - Highly reactive,148,75-56-9,5 t,VERIFIED,50 t,VERIFIED_T1_CONSOLIDATED,"col 3 -> rules 5, 7-9; col 4 -> rules 10-12 and 13-15 (column headings as printed)","MSIHC r.2(e)(iii), 5, 7-15","col 4 value inserted by MSIHC (Amendment) Rules 1994, S.O. 2882(E) 03-10-1994 (consolidated-text footnote); original 1989 col 4 blank",Sch 3 note (a)-(b): installations of same occupier <500 m apart; connected pipeline within 500 m; other site within 500 m; storage vehicles/vessels (not transport),1994-10-03 (col 4 insertion),5 t,5 t / 50 t,col 3 AGREE (gazette + consolidated); col 4 T1 consolidated attribution to S.O.2882,SRC-154;SRC-167;SRC-155,"SRC-167 Sch 3 Part I s.no.148 col 4 bracket '1[50 t]'; footnote 1 p.752: 'Inserted by Rule14 (a to h) of MSIHC (Amendment) Rules, 1994 ... S.O.2882, dated 3.10.1994'",,VERIFIED
S3P1-149,Sodium chlorate,Sodium chlorate,Schedule 3,Part I,Group 3 - Highly reactive,149,7775-09-9,25 t,VERIFIED,NOT_PRINTED,VERIFIED (not printed),"col 3 -> rules 5, 7-9; col 4 -> rules 10-12 and 13-15 (column headings as printed)","MSIHC r.2(e)(iii), 5, 7-15",,Sch 3 note (a)-(b): installations of same occupier <500 m apart; connected pipeline within 500 m; other site within 500 m; storage vehicles/vessels (not transport),1989-11-27,25 t,25 t,AGREE,SRC-154;SRC-155,Sch 3 Part I s.no.149 (Gazette 27-11-1989 pp.33-38; consolidated pp.755-760),,VERIFIED
S3P1-150,Barium azide,Barium azide,Schedule 3,Part I,Group 4 - Explosive,150,18810-58-7,100 kg,VERIFIED,NOT_PRINTED,VERIFIED (not printed),"col 3 -> rules 5, 7-9; col 4 -> rules 10-12 and 13-15 (column headings as printed)","MSIHC r.2(e)(iii), 5, 7-15","col 3 substituted '100 kg' by rule 11(i), S.O. 57(E) 19-01-2000 (original 1989: 50 t)",Sch 3 note (a)-(b): installations of same occupier <500 m apart; connected pipeline within 500 m; other site within 500 m; storage vehicles/vessels (not transport),2000-01-20,50 t,(no value),Superseded by S.O. 57(E) (SRC-156 gazette; SRC-157 cross-check),SRC-154;SRC-155;SRC-156;SRC-157,Sch 3 Part I s.no.150 (Gazette 27-11-1989 pp.33-38; consolidated pp.755-760),,VERIFIED
S3P1-151,"Bis(2,4,6 -trinitrophenyl) amine","Bis (2, 4, 6-trinitrophenyl) amine",Schedule 3,Part I,Group 4 - Explosive,151,,50 t,VERIFIED,NOT_PRINTED,VERIFIED (not printed),"col 3 -> rules 5, 7-9; col 4 -> rules 10-12 and 13-15 (column headings as printed)","MSIHC r.2(e)(iii), 5, 7-15",,Sch 3 note (a)-(b): installations of same occupier <500 m apart; connected pipeline within 500 m; other site within 500 m; storage vehicles/vessels (not transport),1989-11-27,50 t,50 t,AGREE,SRC-154;SRC-155,Sch 3 Part I s.no.151 (Gazette 27-11-1989 pp.33-38; consolidated pp.755-760),,VERIFIED
S3P1-152,Chlorotrinitro benzene,Chlorotrinitrobcnzene,Schedule 3,Part I,Group 4 - Explosive,152,28260-61-9,50 t,VERIFIED,NOT_PRINTED,VERIFIED (not printed),"col 3 -> rules 5, 7-9; col 4 -> rules 10-12 and 13-15 (column headings as printed)","MSIHC r.2(e)(iii), 5, 7-15",,Sch 3 note (a)-(b): installations of same occupier <500 m apart; connected pipeline within 500 m; other site within 500 m; storage vehicles/vessels (not transport),1989-11-27,50 t,50 t,AGREE,SRC-154;SRC-155,Sch 3 Part I s.no.152 (Gazette 27-11-1989 pp.33-38; consolidated pp.755-760),,VERIFIED
S3P1-153,Cellulose nitrate (containing 12.6% Nitrogen),Cellulose nitrate (containing 12.6% Nitro-,Schedule 3,Part I,Group 4 - Explosive,153,9004-70-0,50 t,VERIFIED,NOT_PRINTED,VERIFIED (not printed),"col 3 -> rules 5, 7-9; col 4 -> rules 10-12 and 13-15 (column headings as printed)","MSIHC r.2(e)(iii), 5, 7-15",,Sch 3 note (a)-(b): installations of same occupier <500 m apart; connected pipeline within 500 m; other site within 500 m; storage vehicles/vessels (not transport),1989-11-27,50 t,50 t,AGREE,SRC-154;SRC-155,Sch 3 Part I s.no.153 (Gazette 27-11-1989 pp.33-38; consolidated pp.755-760),,VERIFIED
S3P1-154,Cyclotetramethyleneteranitramine,Cyclotetramethylenetetranitrarnine,Schedule 3,Part I,Group 4 - Explosive,154,2691-41-0,50 t,VERIFIED,NOT_PRINTED,VERIFIED (not printed),"col 3 -> rules 5, 7-9; col 4 -> rules 10-12 and 13-15 (column headings as printed)","MSIHC r.2(e)(iii), 5, 7-15",,Sch 3 note (a)-(b): installations of same occupier <500 m apart; connected pipeline within 500 m; other site within 500 m; storage vehicles/vessels (not transport),1989-11-27,50 t,50 t,AGREE,SRC-154;SRC-155,Sch 3 Part I s.no.154 (Gazette 27-11-1989 pp.33-38; consolidated pp.755-760),,VERIFIED
S3P1-155,Cyclotrimethylenetiraniramine,Cyclotrimethylcnetvinitramine,Schedule 3,Part I,Group 4 - Explosive,155,121-82-1,50 t,VERIFIED,NOT_PRINTED,VERIFIED (not printed),"col 3 -> rules 5, 7-9; col 4 -> rules 10-12 and 13-15 (column headings as printed)","MSIHC r.2(e)(iii), 5, 7-15",,Sch 3 note (a)-(b): installations of same occupier <500 m apart; connected pipeline within 500 m; other site within 500 m; storage vehicles/vessels (not transport),1989-11-27,50 t,50 t,AGREE,SRC-154;SRC-155,Sch 3 Part I s.no.155 (Gazette 27-11-1989 pp.33-38; consolidated pp.755-760),,VERIFIED
S3P1-156,Diazodinitrophenol,Diazodinitrophenol,Schedule 3,Part I,Group 4 - Explosive,156,7008-81-3,10 t,VERIFIED,NOT_PRINTED,VERIFIED (not printed),"col 3 -> rules 5, 7-9; col 4 -> rules 10-12 and 13-15 (column headings as printed)","MSIHC r.2(e)(iii), 5, 7-15",,Sch 3 note (a)-(b): installations of same occupier <500 m apart; connected pipeline within 500 m; other site within 500 m; storage vehicles/vessels (not transport),1989-11-27,10 t,10 t,AGREE,SRC-154;SRC-155,Sch 3 Part I s.no.156 (Gazette 27-11-1989 pp.33-38; consolidated pp.755-760),,VERIFIED
S3P1-157,Diethylene glycol dinitrate,Diethylene glycol dinitrate lOt 693-21-0,Schedule 3,Part I,Group 4 - Explosive,157,693-21-0,10 t,VERIFIED,NOT_PRINTED,VERIFIED (not printed),"col 3 -> rules 5, 7-9; col 4 -> rules 10-12 and 13-15 (column headings as printed)","MSIHC r.2(e)(iii), 5, 7-15",,Sch 3 note (a)-(b): installations of same occupier <500 m apart; connected pipeline within 500 m; other site within 500 m; storage vehicles/vessels (not transport),1989-11-27,10 t,10 t,AGREE,SRC-154;SRC-155,Sch 3 Part I s.no.157 (Gazette 27-11-1989 pp.33-38; consolidated pp.755-760),,VERIFIED
S3P1-158,"Dinitrophenol, salts","Dinitr ophenol, sal ts",Schedule 3,Part I,Group 4 - Explosive,158,,50 t,VERIFIED,NOT_PRINTED,VERIFIED (not printed),"col 3 -> rules 5, 7-9; col 4 -> rules 10-12 and 13-15 (column headings as printed)","MSIHC r.2(e)(iii), 5, 7-15",,Sch 3 note (a)-(b): installations of same occupier <500 m apart; connected pipeline within 500 m; other site within 500 m; storage vehicles/vessels (not transport),1989-11-27,50 t,50 t,AGREE,SRC-154;SRC-155,Sch 3 Part I s.no.158 (Gazette 27-11-1989 pp.33-38; consolidated pp.755-760),,VERIFIED
S3P1-159,Enthylene glycol dinitrate,Ethylene glycol dinitrate,Schedule 3,Part I,Group 4 - Explosive,159,628-96-6,10 t,VERIFIED,NOT_PRINTED,VERIFIED (not printed),"col 3 -> rules 5, 7-9; col 4 -> rules 10-12 and 13-15 (column headings as printed)","MSIHC r.2(e)(iii), 5, 7-15",,Sch 3 note (a)-(b): installations of same occupier <500 m apart; connected pipeline within 500 m; other site within 500 m; storage vehicles/vessels (not transport),1989-11-27,10 t / 38 t,10 t,AGREE (manual comparison; parser artefact),SRC-154;SRC-155,Sch 3 Part I s.no.159 (Gazette 27-11-1989 pp.33-38; consolidated pp.755-760),,VERIFIED
S3P1-160,1-Gyanyl-4-nitrosaminoguanyl-1- tetrazene,i-Guanyl-4-nitrosaminoguanyl-l-tetrazene,Schedule 3,Part I,Group 4 - Explosive,160,109-27-3,100 kg,VERIFIED,NOT_PRINTED,VERIFIED (not printed),"col 3 -> rules 5, 7-9; col 4 -> rules 10-12 and 13-15 (column headings as printed)","MSIHC r.2(e)(iii), 5, 7-15","col 3 substituted '100 kg' by rule 11(i), S.O. 57(E) 19-01-2000 (original 1989: 10 t)",Sch 3 note (a)-(b): installations of same occupier <500 m apart; connected pipeline within 500 m; other site within 500 m; storage vehicles/vessels (not transport),2000-01-20,10 t,100 kg,Superseded by S.O. 57(E) (SRC-156 gazette; SRC-157 cross-check),SRC-154;SRC-155;SRC-156;SRC-157,Sch 3 Part I s.no.160 (Gazette 27-11-1989 pp.33-38; consolidated pp.755-760),,VERIFIED
S3P1-161,"2, 2, 4, 4, 6, 6, -Hexanitositibene","2, 2', 4, 41 6, 6'-Hcxanitrostilbcuc",Schedule 3,Part I,Group 4 - Explosive,161,20062-22-0,50 t,VERIFIED,NOT_PRINTED,VERIFIED (not printed),"col 3 -> rules 5, 7-9; col 4 -> rules 10-12 and 13-15 (column headings as printed)","MSIHC r.2(e)(iii), 5, 7-15",,Sch 3 note (a)-(b): installations of same occupier <500 m apart; connected pipeline within 500 m; other site within 500 m; storage vehicles/vessels (not transport),1989-11-27,50 t,50 t,AGREE,SRC-154;SRC-155,Sch 3 Part I s.no.161 (Gazette 27-11-1989 pp.33-38; consolidated pp.755-760),,VERIFIED
S3P1-162,Hydrazine nitrate,Hydrazine nitrate,Schedule 3,Part I,Group 4 - Explosive,162,13464-97-6,50 t,VERIFIED,NOT_PRINTED,VERIFIED (not printed),"col 3 -> rules 5, 7-9; col 4 -> rules 10-12 and 13-15 (column headings as printed)","MSIHC r.2(e)(iii), 5, 7-15",,Sch 3 note (a)-(b): installations of same occupier <500 m apart; connected pipeline within 500 m; other site within 500 m; storage vehicles/vessels (not transport),1989-11-27,50 t,50 t,AGREE,SRC-154;SRC-155,Sch 3 Part I s.no.162 (Gazette 27-11-1989 pp.33-38; consolidated pp.755-760),,VERIFIED
S3P1-163,Lead azide,Lead azidc,Schedule 3,Part I,Group 4 - Explosive,163,13424-46-9,100 kg,VERIFIED,NOT_PRINTED,VERIFIED (not printed),"col 3 -> rules 5, 7-9; col 4 -> rules 10-12 and 13-15 (column headings as printed)","MSIHC r.2(e)(iii), 5, 7-15","col 3 substituted '100 kg' by rule 11(i), S.O. 57(E) 19-01-2000 (original 1989: 50 t)",Sch 3 note (a)-(b): installations of same occupier <500 m apart; connected pipeline within 500 m; other site within 500 m; storage vehicles/vessels (not transport),2000-01-20,50 t,100 kg,Superseded by S.O. 57(E) (SRC-156 gazette; SRC-157 cross-check),SRC-154;SRC-155;SRC-156;SRC-157,Sch 3 Part I s.no.163 (Gazette 27-11-1989 pp.33-38; consolidated pp.755-760),,VERIFIED
S3P1-164,"Lead Styphnate ( Lead 2,4,6- trinitroresorcinoxide)","Lead styplinato (Lead 2, 4, 6-trinitroresorcinoxide)",Schedule 3,Part I,Group 4 - Explosive,164,15245-44-0,100 kg,VERIFIED,NOT_PRINTED,VERIFIED (not printed),"col 3 -> rules 5, 7-9; col 4 -> rules 10-12 and 13-15 (column headings as printed)","MSIHC r.2(e)(iii), 5, 7-15","col 3 substituted '100 kg' by rule 11(i), S.O. 57(E) 19-01-2000 (original 1989: 50 t); consolidated text (SRC-155) NOT updated for this serial - CON-022",Sch 3 note (a)-(b): installations of same occupier <500 m apart; connected pipeline within 500 m; other site within 500 m; storage vehicles/vessels (not transport),2000-01-20,50 t,50 t,Superseded by S.O. 57(E) (SRC-156 gazette; SRC-157 cross-check),SRC-154;SRC-155;SRC-156;SRC-157,Sch 3 Part I s.no.164 (Gazette 27-11-1989 pp.33-38; consolidated pp.755-760),,VERIFIED
S3P1-165,Mercury fuliminate,Mercury fulminate,Schedule 3,Part I,Group 4 - Explosive,165,20820-45-5;628-86-4,100 kg,VERIFIED,NOT_PRINTED,VERIFIED (not printed),"col 3 -> rules 5, 7-9; col 4 -> rules 10-12 and 13-15 (column headings as printed)","MSIHC r.2(e)(iii), 5, 7-15","col 3 substituted '100 kg' by rule 11(i), S.O. 57(E) 19-01-2000 (original 1989: 10 t); consolidated text (SRC-155) NOT updated for this serial - CON-022",Sch 3 note (a)-(b): installations of same occupier <500 m apart; connected pipeline within 500 m; other site within 500 m; storage vehicles/vessels (not transport),2000-01-20,10 t,10 t,Superseded by S.O. 57(E) (SRC-156 gazette; SRC-157 cross-check),SRC-154;SRC-155;SRC-156;SRC-157,Sch 3 Part I s.no.165 (Gazette 27-11-1989 pp.33-38; consolidated pp.755-760),,VERIFIED
S3P1-166,"N-Methyl-N,2,4,6-tetranitroaniline","N-MethyKN, 2, 4, 6-tdraiiitroa inline",Schedule 3,Part I,Group 4 - Explosive,166,497-45-8,50 t,VERIFIED,NOT_PRINTED,VERIFIED (not printed),"col 3 -> rules 5, 7-9; col 4 -> rules 10-12 and 13-15 (column headings as printed)","MSIHC r.2(e)(iii), 5, 7-15",,Sch 3 note (a)-(b): installations of same occupier <500 m apart; connected pipeline within 500 m; other site within 500 m; storage vehicles/vessels (not transport),1989-11-27,50 t,50 t,AGREE,SRC-154;SRC-155,Sch 3 Part I s.no.166 (Gazette 27-11-1989 pp.33-38; consolidated pp.755-760),,VERIFIED
S3P1-167,Nitroglycerine,Nitroglycerine lOt lOt 55-63-0,Schedule 3,Part I,Group 4 - Explosive,167,55-63-0,10 t,VERIFIED,10 t,VERIFIED,"col 3 -> rules 5, 7-9; col 4 -> rules 10-12 and 13-15 (column headings as printed)","MSIHC r.2(e)(iii), 5, 7-15",,Sch 3 note (a)-(b): installations of same occupier <500 m apart; connected pipeline within 500 m; other site within 500 m; storage vehicles/vessels (not transport),1989-11-27,10 t / 10 t,10 t / 10 t,AGREE,SRC-154;SRC-155,Sch 3 Part I s.no.167 (Gazette 27-11-1989 pp.33-38; consolidated pp.755-760),,VERIFIED
S3P1-168,Pentacrythritol tetra nitrate,Pentaerythritol tetranitratc,Schedule 3,Part I,Group 4 - Explosive,168,78-11-5,50 t,VERIFIED,NOT_PRINTED,VERIFIED (not printed),"col 3 -> rules 5, 7-9; col 4 -> rules 10-12 and 13-15 (column headings as printed)","MSIHC r.2(e)(iii), 5, 7-15",,Sch 3 note (a)-(b): installations of same occupier <500 m apart; connected pipeline within 500 m; other site within 500 m; storage vehicles/vessels (not transport),1989-11-27,50 t,50 t,AGREE,SRC-154;SRC-155,Sch 3 Part I s.no.168 (Gazette 27-11-1989 pp.33-38; consolidated pp.755-760),,VERIFIED
S3P1-169,"Picric acid, (2,3,6-Trinitrophenol)","Picric acid (2,4, 6-Trinitrophenol)",Schedule 3,Part I,Group 4 - Explosive,169,88-89-1,50 t,VERIFIED,NOT_PRINTED,VERIFIED (not printed),"col 3 -> rules 5, 7-9; col 4 -> rules 10-12 and 13-15 (column headings as printed)","MSIHC r.2(e)(iii), 5, 7-15",,Sch 3 note (a)-(b): installations of same occupier <500 m apart; connected pipeline within 500 m; other site within 500 m; storage vehicles/vessels (not transport),1989-11-27,50 t,50 t,AGREE,SRC-154;SRC-155,Sch 3 Part I s.no.169 (Gazette 27-11-1989 pp.33-38; consolidated pp.755-760),,VERIFIED
S3P1-170,Sodium picramate,Sodium picramatc,Schedule 3,Part I,Group 4 - Explosive,170,831-52-7,50 t,VERIFIED,NOT_PRINTED,VERIFIED (not printed),"col 3 -> rules 5, 7-9; col 4 -> rules 10-12 and 13-15 (column headings as printed)","MSIHC r.2(e)(iii), 5, 7-15",,Sch 3 note (a)-(b): installations of same occupier <500 m apart; connected pipeline within 500 m; other site within 500 m; storage vehicles/vessels (not transport),1989-11-27,50 t,50 t,AGREE,SRC-154;SRC-155,Sch 3 Part I s.no.170 (Gazette 27-11-1989 pp.33-38; consolidated pp.755-760),,VERIFIED
S3P1-171,"Styphnic acid (2,4,6-Trinitroresorcinol)",Styphnic acid,Schedule 3,Part I,Group 4 - Explosive,171,82-71-3,50 t,VERIFIED,NOT_PRINTED,VERIFIED (not printed),"col 3 -> rules 5, 7-9; col 4 -> rules 10-12 and 13-15 (column headings as printed)","MSIHC r.2(e)(iii), 5, 7-15",,Sch 3 note (a)-(b): installations of same occupier <500 m apart; connected pipeline within 500 m; other site within 500 m; storage vehicles/vessels (not transport),1989-11-27,50 t,50 t,AGREE,SRC-154;SRC-155,Sch 3 Part I s.no.171 (Gazette 27-11-1989 pp.33-38; consolidated pp.755-760),,VERIFIED
S3P1-172,"1,3,5-Triamino-2,4,6-Trinitrobezene","1, 3, 5-Triamino-2, 4, 6-trinitrobenzene",Schedule 3,Part I,Group 4 - Explosive,172,3058-38-6,50 t,VERIFIED,NOT_PRINTED,VERIFIED (not printed),"col 3 -> rules 5, 7-9; col 4 -> rules 10-12 and 13-15 (column headings as printed)","MSIHC r.2(e)(iii), 5, 7-15",,Sch 3 note (a)-(b): installations of same occupier <500 m apart; connected pipeline within 500 m; other site within 500 m; storage vehicles/vessels (not transport),1989-11-27,50 t,50 t,AGREE,SRC-154;SRC-155,Sch 3 Part I s.no.172 (Gazette 27-11-1989 pp.33-38; consolidated pp.755-760),,VERIFIED
S3P1-173,Trinitroaniline-,Trimtroaniline —,Schedule 3,Part I,Group 4 - Explosive,173,26952-42-1,50 t,VERIFIED,NOT_PRINTED,VERIFIED (not printed),"col 3 -> rules 5, 7-9; col 4 -> rules 10-12 and 13-15 (column headings as printed)","MSIHC r.2(e)(iii), 5, 7-15",,Sch 3 note (a)-(b): installations of same occupier <500 m apart; connected pipeline within 500 m; other site within 500 m; storage vehicles/vessels (not transport),1989-11-27,50 t,50 t,AGREE,SRC-154;SRC-155,Sch 3 Part I s.no.173 (Gazette 27-11-1989 pp.33-38; consolidated pp.755-760),,VERIFIED
S3P1-174,"2,4,6-Trinitroanisole","2, 4, 6-Trinitroanisolc",Schedule 3,Part I,Group 4 - Explosive,174,606-35-9,50 t,VERIFIED,NOT_PRINTED,VERIFIED (not printed),"col 3 -> rules 5, 7-9; col 4 -> rules 10-12 and 13-15 (column headings as printed)","MSIHC r.2(e)(iii), 5, 7-15",,Sch 3 note (a)-(b): installations of same occupier <500 m apart; connected pipeline within 500 m; other site within 500 m; storage vehicles/vessels (not transport),1989-11-27,50 t,50 t,AGREE,SRC-154;SRC-155,Sch 3 Part I s.no.174 (Gazette 27-11-1989 pp.33-38; consolidated pp.755-760),,VERIFIED
S3P1-175,Trinitrobenze,Trinitrobenzene,Schedule 3,Part I,Group 4 - Explosive,175,25377-32-6,50 t,VERIFIED,NOT_PRINTED,VERIFIED (not printed),"col 3 -> rules 5, 7-9; col 4 -> rules 10-12 and 13-15 (column headings as printed)","MSIHC r.2(e)(iii), 5, 7-15",,Sch 3 note (a)-(b): installations of same occupier <500 m apart; connected pipeline within 500 m; other site within 500 m; storage vehicles/vessels (not transport),1989-11-27,50 t,50 t,AGREE,SRC-154;SRC-155,Sch 3 Part I s.no.175 (Gazette 27-11-1989 pp.33-38; consolidated pp.755-760),,VERIFIED
S3P1-176,Trinitrobenzoic acid,Trinitrobenzoic acid,Schedule 3,Part I,Group 4 - Explosive,176,35860-50-5;129-66-8,50 t,VERIFIED,NOT_PRINTED,VERIFIED (not printed),"col 3 -> rules 5, 7-9; col 4 -> rules 10-12 and 13-15 (column headings as printed)","MSIHC r.2(e)(iii), 5, 7-15",,Sch 3 note (a)-(b): installations of same occupier <500 m apart; connected pipeline within 500 m; other site within 500 m; storage vehicles/vessels (not transport),1989-11-27,50 t,50 t,AGREE,SRC-154;SRC-155,Sch 3 Part I s.no.176 (Gazette 27-11-1989 pp.33-38; consolidated pp.755-760),,VERIFIED
S3P1-177,Trinitrocresol,Trinitrocresol,Schedule 3,Part I,Group 4 - Explosive,177,28905-71-7,50 t,VERIFIED,NOT_PRINTED,VERIFIED (not printed),"col 3 -> rules 5, 7-9; col 4 -> rules 10-12 and 13-15 (column headings as printed)","MSIHC r.2(e)(iii), 5, 7-15",,Sch 3 note (a)-(b): installations of same occupier <500 m apart; connected pipeline within 500 m; other site within 500 m; storage vehicles/vessels (not transport),1989-11-27,50 t,50 t,AGREE,SRC-154;SRC-155,Sch 3 Part I s.no.177 (Gazette 27-11-1989 pp.33-38; consolidated pp.755-760),,VERIFIED
S3P1-178,"2,4,6-Trinitrophenitole","2, 4, 6-Trinitrophenitole",Schedule 3,Part I,Group 4 - Explosive,178,4732-4-3,50 t,VERIFIED,NOT_PRINTED,VERIFIED (not printed),"col 3 -> rules 5, 7-9; col 4 -> rules 10-12 and 13-15 (column headings as printed)","MSIHC r.2(e)(iii), 5, 7-15",,Sch 3 note (a)-(b): installations of same occupier <500 m apart; connected pipeline within 500 m; other site within 500 m; storage vehicles/vessels (not transport),1989-11-27,50 t,50 t,AGREE,SRC-154;SRC-155,Sch 3 Part I s.no.178 (Gazette 27-11-1989 pp.33-38; consolidated pp.755-760),,VERIFIED
S3P1-179,"2,4,6-Trinitrotoluene","2, 4, 6-Trinitrotoluene",Schedule 3,Part I,Group 4 - Explosive,179,118-96-7,50 t,VERIFIED,50 t,VERIFIED,"col 3 -> rules 5, 7-9; col 4 -> rules 10-12 and 13-15 (column headings as printed)","MSIHC r.2(e)(iii), 5, 7-15",,Sch 3 note (a)-(b): installations of same occupier <500 m apart; connected pipeline within 500 m; other site within 500 m; storage vehicles/vessels (not transport),1989-11-27,50 t / 50 t / 15 t / 200 t / 1000 t / 50000 t / 25 t,50 t / 50 t,AGREE (manual comparison; parser artefact),SRC-154;SRC-155,Sch 3 Part I s.no.179 (Gazette 27-11-1989 pp.33-38; consolidated pp.755-760),,VERIFIED
S3P2-1,"Flammable gases (Group 5 class, not named in Part I)",(1989 Part II had 3 different classes - superseded),Schedule 3,Part II,Group 5 - Flammable,1,,15 t,VERIFIED,200 t,VERIFIED,"col 3 -> rules 5, 7-9; col 4 -> rules 10-12 and 13-15",MSIHC r.2(e)(iii); Sch 3 note: total of all substances of the class,"Part II substituted by rule 11(ii), S.O. 57(E) 19-01-2000",Class total per Sch 3 Part II + notes (a)-(b),2000-01-20,n/a (substituted),15 / 200,AGREE (S.O.57(E) gazette; FAOLEX copy; consolidated),SRC-156;SRC-157;SRC-155,Sch 3 Part II Group 5 s.no.1,,VERIFIED
S3P2-2,"Extremely flammable liquids (Group 5 class, not named in Part I)",(1989 Part II had 3 different classes - superseded),Schedule 3,Part II,Group 5 - Flammable,2,,1000 t,VERIFIED,5000 t,VERIFIED,"col 3 -> rules 5, 7-9; col 4 -> rules 10-12 and 13-15",MSIHC r.2(e)(iii); Sch 3 note: total of all substances of the class,"Part II substituted by rule 11(ii), S.O. 57(E) 19-01-2000",Class total per Sch 3 Part II + notes (a)-(b),2000-01-20,n/a (substituted),1000 / 5000,AGREE (S.O.57(E) gazette; FAOLEX copy; consolidated),SRC-156;SRC-157;SRC-155,Sch 3 Part II Group 5 s.no.2,,VERIFIED
S3P2-3,"Very highly flammable liquids (Group 5 class, not named in Part I)",(1989 Part II had 3 different classes - superseded),Schedule 3,Part II,Group 5 - Flammable,3,,1500 t,VERIFIED,10000 t,VERIFIED,"col 3 -> rules 5, 7-9; col 4 -> rules 10-12 and 13-15",MSIHC r.2(e)(iii); Sch 3 note: total of all substances of the class,"Part II substituted by rule 11(ii), S.O. 57(E) 19-01-2000",Class total per Sch 3 Part II + notes (a)-(b),2000-01-20,n/a (substituted),1500 / 10000,AGREE (S.O.57(E) gazette; FAOLEX copy; consolidated),SRC-156;SRC-157;SRC-155,Sch 3 Part II Group 5 s.no.3,,VERIFIED
S3P2-4,"Highly flammable liquids which remain liquid under pressure (Group 5 class, not named in Part I)",(1989 Part II had 3 different classes - superseded),Schedule 3,Part II,Group 5 - Flammable,4,,25 t,VERIFIED,200 t,VERIFIED,"col 3 -> rules 5, 7-9; col 4 -> rules 10-12 and 13-15",MSIHC r.2(e)(iii); Sch 3 note: total of all substances of the class,"Part II substituted by rule 11(ii), S.O. 57(E) 19-01-2000",Class total per Sch 3 Part II + notes (a)-(b),2000-01-20,n/a (substituted),25 / 200,AGREE (S.O.57(E) gazette; FAOLEX copy; consolidated),SRC-156;SRC-157;SRC-155,Sch 3 Part II Group 5 s.no.4,,VERIFIED
S3P2-5,"Highly flammable liquids (Group 5 class, not named in Part I)",(1989 Part II had 3 different classes - superseded),Schedule 3,Part II,Group 5 - Flammable,5,,2500 t,VERIFIED,20000 t,VERIFIED,"col 3 -> rules 5, 7-9; col 4 -> rules 10-12 and 13-15",MSIHC r.2(e)(iii); Sch 3 note: total of all substances of the class,"Part II substituted by rule 11(ii), S.O. 57(E) 19-01-2000",Class total per Sch 3 Part II + notes (a)-(b),2000-01-20,n/a (substituted),2500 / 20000,AGREE (S.O.57(E) gazette; FAOLEX copy; consolidated),SRC-156;SRC-157;SRC-155,Sch 3 Part II Group 5 s.no.5,,VERIFIED
S3P2-6,"Flammable liquids (Group 5 class, not named in Part I)",(1989 Part II had 3 different classes - superseded),Schedule 3,Part II,Group 5 - Flammable,6,,5000 t,VERIFIED,50000 t,VERIFIED,"col 3 -> rules 5, 7-9; col 4 -> rules 10-12 and 13-15",MSIHC r.2(e)(iii); Sch 3 note: total of all substances of the class,"Part II substituted by rule 11(ii), S.O. 57(E) 19-01-2000",Class total per Sch 3 Part II + notes (a)-(b),2000-01-20,n/a (substituted),5000 / 50000,AGREE (S.O.57(E) gazette; FAOLEX copy; consolidated),SRC-156;SRC-157;SRC-155,Sch 3 Part II Group 5 s.no.6,,VERIFIED
