source_id,title,issuing_authority,date,effective_date,expiry_or_repeal_date,url,source_type,tier,exact_locators,what_the_source_proves,what_the_source_does_not_prove,accessed,notes,final_status
SRC-001,EIA Notification 2006 - consolidated as on 13-07-2026,MoEFCC (PARIVESH),2026-07-13,2006-09-14 (consolidated to 13-07-2026),-,https://parivesh.nic.in/publicdocument/UPLOAD_OM_NOTIFICATION/IA_DOCS/1018_23072026010355.pdf,OFFICIAL_PRIMARY,T1,Schedule items 5(f) & footnote 76; 7(c) Notes 1-2; 8(a) Notes & footnote 98; GC; SC; para 7(ii)(b),"Verbatim Schedule items 5(b),5(e),5(f),5(h),7(c),8(a),8(b); General & Specific Conditions; para 7(ii)(a)-(c); footnote 98 records SC quashing of 8(a) Note 1 (S.O.523(E) 29-01-2025)",Paras 9 (validity) and 10 (post-EC monitoring) were not extracted; does not state whether a 5(f) project also needs 8(a) EC; does not identify which estates are 'notified',2026-09-26,"Consolidated text; schedule items 5(b),5(e),5(f),5(h),7(c),8(a),8(b); General & Specific Conditions; para 2, 7(ii)",VERIFIED
SRC-002,"S.O. 3862(E) dated 13-07-2026 - SEIAA/SEAC tenure, standby SAEIA/SCEIA",MoEFCC,2026-07-13,2026-07-13,-,https://parivesh.nic.in/publicdocument/UPLOAD_OM_NOTIFICATION/IA_DOCS/1001_16072026094223.pdf,OFFICIAL_PRIMARY,T1,see rules.csv source_locator,"Only the claims tied to this source in rules.csv / approvals.csv, at the locator stated there. v1 note: Omits fallback of Category B appraisal to central level",Anything beyond those locators; Maharashtra implementation status unless the source is a Maharashtra authority; currency after the doc_date,2026-09-26,Omits fallback of Category B appraisal to central level,VERIFIED
SRC-003,Maharashtra SEIAA - Minutes of 391st meeting (records omission of item 6(b) by S.O.1960(E) 13-06-2019),SEIAA Maharashtra,2019+,2019+,-,https://www.mpseiaa.nic.in/pdfs/Minutes_391.pdf,OFFICIAL_PRIMARY,T2,see rules.csv source_locator,"Only the claims tied to this source in rules.csv / approvals.csv, at the locator stated there. v1 note: Used only for 6(b) omission",Anything beyond those locators; Maharashtra implementation status unless the source is a Maharashtra authority; currency after the doc_date,2026-09-26,Used only for 6(b) omission,VERIFIED
SRC-004,G.S.R. 85(E) 30-01-2025 - Water Act consent guidelines,MoEFCC/CPCB,2025-01-30,2025-01-30,-,https://cpcb.nic.in/upload/home/water-pollution/GSR-85(E)-30-01-2025.pdf,OFFICIAL_PRIMARY,T1,see rules.csv source_locator,"Only the claims tied to this source in rules.csv / approvals.csv, at the locator stated there. v1 note: Air counterpart G.S.R. 84(E) 29-01-2025 (URL not separately captured)",Anything beyond those locators; Maharashtra implementation status unless the source is a Maharashtra authority; currency after the doc_date,2026-09-26,Air counterpart G.S.R. 84(E) 29-01-2025 (URL not separately captured),VERIFIED
SRC-005,PIB - Amendments G.S.R. 62(E)/63(E) 23-01-2026 to consent guidelines,PIB / MoEFCC,2026-01-23,2026-01-23,-,https://www.pib.gov.in/PressReleasePage.aspx?PRID=2219415&reg=6&lang=1,OFFICIAL_PORTAL,T3,see rules.csv source_locator,"Only the claims tied to this source in rules.csv / approvals.csv, at the locator stated there. v1 note: Press release summary: CTO valid until cancelled, one-time fee, deemed CTE micro/small in notified estates, integrated consent+authorisation, REAs, red CTO 120->90 days",Anything beyond those locators; Maharashtra implementation status unless the source is a Maharashtra authority; currency after the doc_date,2026-09-26,"Press release summary: CTO valid until cancelled, one-time fee, deemed CTE micro/small in notified estates, integrated consent+authorisation, REAs, red CTO 120->90 days",VERIFIED_CONDITIONAL
SRC-006,MPCB circular 22-04-2026 - Compliance of G.S.R. 62(E) & 63(E) dated 23-01-2026,MPCB,2026-04-22,2026-01-27 (publication),-,https://www.mpcb.gov.in/sites/default/files/standing_orders/Circular_Compliance_of_MoEF_%26_CC_GoI_Notification_No._G.S.R._62%28E%29_%26_G.S.R._63_%28E%29_dtd_23.01.2026.pdf,OFFICIAL_PRIMARY,T1 (Gazette copy hosted by MPCB - see notes),"GSR 62 paras 1(2), 4, 5, 6(7), 7, 8, 9, 10(iii), 13, 15, 16; GSR 63 corresponding paras","Full Gazette text of G.S.R. 62(E) (Air) and 63(E) (Water) dated 23-01-2026, published in Gazette No.61 of 27-01-2026: CTO valid till cancelled (para 4(3)); one-time CTO fee for 5-25 yrs set by State (para 5(1)); deemed CTE for micro & small units in notified estates on self-certified Form-I (paras 6(7), 10(7)); single-step consent + waste authorisation (para 7); CTO expansion/amendment timeline 90/60/30 days (para 8 table Sl.3); renewal wording omitted (paras 13, 15); CPCB portal within 1 year (para 16)","MPCB's own implementation decisions (fee schedule, treatment of existing fixed-validity CTOs, Form-I deemed-CTE workflow on ecMPCB); column labels of the 90/60/30 table (original GSR 84/85 table headings not re-read)",2026-09-26,Operative detail of MPCB implementation not fully extracted -> see UNK register,VERIFIED
SRC-007,PIB - UCAMS unified consent & authorisation system (CPCB),PIB / CPCB,2026-09-07,2026-09-07,-,https://www.pib.gov.in/PressReleaseDetail.aspx?PRID=2307658&reg=3&lang=1,OFFICIAL_PORTAL,T3,see rules.csv source_locator,"Only the claims tied to this source in rules.csv / approvals.csv, at the locator stated there. v1 note: ",Anything beyond those locators; Maharashtra implementation status unless the source is a Maharashtra authority; currency after the doc_date,2026-09-26,,VERIFIED_CONDITIONAL
SRC-008,MPCB circular 23-02-2026 - Revised timeline for grant/refusal of consent (EoDB),MPCB,2026-02-23,2026-02-23,-,https://www.mpcb.gov.in/sites/default/files/standing_orders/Revised-Timeline-for-Grant-Refusal-of-Consent-under-Easy-of-Doing-Business-Reforms.pdf,OFFICIAL_PRIMARY,T2,"No. BO/AST/EoDB/B-68 dated 23/02/2026 (Member Secretary); p.1 recital (MoEFCC Notification No.84(E) 29/01/2025; MPCB circular B-250428-FTS-0035 28/04/2025); p.2 table 'Revised timeline (In Working days)'; closing para (supersession, immediate effect)","Revised MPCB consent timelines in WORKING days: Green 15, Orange 24, Red 40 (one value per category, table columns CTE/CTO/Renewal); existing central timelines tabled: Green 30/30/30, Orange 45/60/60, Red 60/90/120 days (CTE/CTO/Renewal); supersedes 28-04-2025 circular except penal-fee provisions; immediate effect; directs technical officers",Clock-start event; expansion/amendment consents; Blue/White categories; interaction with GSR 62/63(E); category mapping of a unit,2026-09-26,Scanned; OCR. Green 15 / Orange 24 / Red 40 working days; supersedes 28-04-2025 circular,VERIFIED
SRC-009,MPCB circular 26-02-2026 - Strict compliance with stage-wise processing timelines,MPCB,2026-02-26,2026-02-26,-,https://www.mpcb.gov.in/sites/default/files/standing_orders/Strict%20Compliance%20with%20timelines%20for%20processing%2026022026_0.pdf,OFFICIAL_PRIMARY,T2,see rules.csv source_locator,"Only the claims tied to this source in rules.csv / approvals.csv, at the locator stated there. v1 note: Scanned; OCR",Anything beyond those locators; Maharashtra implementation status unless the source is a Maharashtra authority; currency after the doc_date,2026-09-26,Scanned; OCR,VERIFIED
SRC-010,MPCB circular 23-06-2025 - Adoption of CPCB classification of industrial sectors,MPCB,2025-06-23,2025-06-23,-,https://www.mpcb.gov.in/sites/default/files/standing_orders/Circular%20Classification%20of%20Industrial%20Sector.pdf,OFFICIAL_PRIMARY,T2,see rules.csv source_locator,"Only the claims tied to this source in rules.csv / approvals.csv, at the locator stated there. v1 note: Scanned; OCR",Anything beyond those locators; Maharashtra implementation status unless the source is a Maharashtra authority; currency after the doc_date,2026-09-26,Scanned; OCR,VERIFIED
SRC-011,CPCB Directions 12-02-2025 - Categorisation of industrial sectors (Red/Orange/Green/White/Blue) with report,CPCB (copy hosted by Puducherry PCC),2025-02-12,2025-02-12,-,https://dste.py.gov.in/ppcc/pdf/Industry/18%20(1)%20B%20categorisation%20Direction%2012.02.2025.pdf,OFFICIAL_MIRROR,T4,see rules.csv source_locator,"Only the claims tied to this source in rules.csv / approvals.csv, at the locator stated there. v1 note: Sector codes 111.1/111.2, 42.1, 123.x, 117.x, 143.x, 144, 76, 118.x; PI score bands",Anything beyond those locators; Maharashtra implementation status unless the source is a Maharashtra authority; currency after the doc_date,2026-09-26,"Sector codes 111.1/111.2, 42.1, 123.x, 117.x, 143.x, 144, 76, 118.x; PI score bands",VERIFIED_CONDITIONAL
SRC-012,MPCB consent fee structure (GR 25-08-2011 slabs),MPCB,2011-08-25,2011-08-25,-,https://www.mpcb.gov.in/en/consent-fee-structure,OFFICIAL_PORTAL,T3,see rules.csv source_locator,"Only the claims tied to this source in rules.csv / approvals.csv, at the locator stated there. v1 note: Fee slabs by capital investment; interaction with 2026 one-time CTO fee UNKNOWN",Anything beyond those locators; Maharashtra implementation status unless the source is a Maharashtra authority; currency after the doc_date,2026-09-26,Fee slabs by capital investment; interaction with 2026 one-time CTO fee UNKNOWN,VERIFIED_CONDITIONAL
SRC-013,Hazardous and Other Wastes (Management and Transboundary Movement) Rules 2016 - principal text,MoEFCC (India Code),2016-04-04,2016-04-04,-,https://upload.indiacode.nic.in/showfile?actid=AC_CH_60_926_00001_00001_1558607117075&type=rule&filename=final_hwm_rules_2016__english_.pdf,OFFICIAL_PRIMARY,T1,"r.3, r.4, r.5, r.6, r.9, r.19; Schedule I processes 1,5,19,20,21,23,26,27,28,29,33,34,35,36,37",HOWM Rules 2016 principal text: r.3 definitions (hazardous waste incl. Sch I col 3 wastes; Sch II Class A/B/C test); r.4 occupier duties; r.5 State duties; r.19 manifest Form 10 seven copies; Schedule I process list with waste stream numbers,Amendments after 04-04-2016 (2016-2025) are not consolidated in this file - Schedule I entries may have been modified; does not map any specific unit's stream to an entry,2026-09-26,"Principal rules; later amendments separate. Rules 6, 8, 9, 13, 16, 18",VERIFIED
SRC-014,"HOWM Amendment Rules - G.S.R. 438(E) 01-07-2025 (EPR non-ferrous scrap, from 01-04-2026)",MoEFCC,2025-07-01,2025-07-01,-,https://moef.gov.in/storage/tender/1751520898.pdf,OFFICIAL_PRIMARY,T1,see rules.csv source_locator,"Only the claims tied to this source in rules.csv / approvals.csv, at the locator stated there. v1 note: ",Anything beyond those locators; Maharashtra implementation status unless the source is a Maharashtra authority; currency after the doc_date,2026-09-26,,VERIFIED
SRC-015,HOWM Amendment Rules 2026 - brine sludge entry 16.3 (news summary),Corpseed,2026-07-16,2026-07-16,-,https://www.corpseed.com/law-update/hazardous-other-wastes-amendment-rules-2026-brine-sludge,SECONDARY,T5,see rules.csv source_locator,"Only the claims tied to this source in rules.csv / approvals.csv, at the locator stated there. v1 note: Secondary only - official gazette not captured",Anything beyond those locators; Maharashtra implementation status unless the source is a Maharashtra authority; currency after the doc_date,2026-09-26,Secondary only - official gazette not captured,REQUIRES_OFFICIAL_CONFIRMATION
SRC-016,MSIHC Rules 1989 as amended up to 2000,MoEFCC (India Code),2000,1989-11-27,-,https://upload.indiacode.nic.in/showfile?actid=AC_CEN_16_18_00011_198629_1517807327582&type=rule&filename=msihc_rules_ameded_upto_date.pdf,OFFICIAL_PRIMARY,T1,"r.2, r.4-r.12, Sch 2 notes (a)(b), Sch 3 notes (a)(b), Sch 3 Part II table, Sch 4, Sch 5","MSIHC Rules 1989 as amended to 2000: r.2(e),(h),(i),(j),(ja),(n); r.4; r.5 (48 h); r.6 applicability; r.7 (3 months, authority 60 days); r.8; r.9; r.10 (90 days; annual audit; 30 days); r.11 (90 days; 3 years); r.12 (90 days); Sch 2 & 3 notes (500 m grouping); Sch 3 Part II class thresholds; Sch 4 installations; Sch 5 authorities",Any amendment after 2000 (none listed in the file); Schedule 1 Part I criteria were not re-extracted; does not contain a sum-of-ratios rule,2026-09-26,"Schedules 2, 3, 4, 5; rules 4,5,7-10,13",VERIFIED
SRC-017,PESO - SOP under Petroleum Rules 2002,PESO,2025-01,2025-01,-,https://www.peso.gov.in/sites/default/files/2025-01/Petroleum%20Rules%202002%20-%20SOP.pdf,OFFICIAL_PRIMARY,T3,Exemptions and forms tables,"PESO SOP: petroleum licence forms/authorities table; Class A <=30 L and Class B <=2500 L (non-bulk, receptacle <=1000 L) exemptions as summarised",SOP is not the Rules text; Class A 30 L exemption not verified against Petroleum Rules 2002 text,2026-09-26,"Classes A/B/C, exemptions, Forms XII/XIII/XV/XVI, Rule 144 NOC",VERIFIED_CONDITIONAL
SRC-018,PESO - SOP under Gas Cylinders Rules 2016,PESO,2025-01,2025-01,-,https://peso.gov.in/web/sites/default/files/2025-01/GCR%20SOP.pdf,OFFICIAL_PRIMARY,T3,see rules.csv source_locator,"Only the claims tied to this source in rules.csv / approvals.csv, at the locator stated there. v1 note: Form F storage licence; validity",Anything beyond those locators; Maharashtra implementation status unless the source is a Maharashtra authority; currency after the doc_date,2026-09-26,Form F storage licence; validity,VERIFIED_CONDITIONAL
SRC-019,Gas Cylinders Rules 2016 - text (rule 44 exemptions),India Code,2016,2016,-,https://indiacode.ecourtsindia.com/rules/the-gas-cylinders-rules-2016-104b0268/,OFFICIAL_MIRROR,T5,r.44,Gas Cylinders Rules 2016 r.44 text (mirror),Tier-1 PESO copy not retrieved; clauses (d)-(k) not captured,2026-09-26,Only LPG 100 kg own-use exemption extracted,REQUIRES_OFFICIAL_CONFIRMATION
SRC-020,PESO - SOP under SMPV(U) Rules 2016 (02-12-2024),PESO,2024-12-02,2024-12-02,-,"https://peso.gov.in/web/sites/default/files/2024-12/SOP%20for%20SMPV(U)%20Rules,%202016-Final%20-%2002.12.2024.pdf",OFFICIAL_PRIMARY,T3,see rules.csv source_locator,"Only the claims tied to this source in rules.csv / approvals.csv, at the locator stated there. v1 note: Pressure vessel definition >1000 L; exclusions; LS-1A",Anything beyond those locators; Maharashtra implementation status unless the source is a Maharashtra authority; currency after the doc_date,2026-09-26,Pressure vessel definition >1000 L; exclusions; LS-1A,VERIFIED_CONDITIONAL
SRC-021,OSH Code 2020 - Section 143 (repeal and savings),India Code,2020-09-29,2020-09-29,-,https://indiacode.ecourtsindia.com/occupational-safety-health-working-conditions-code-2020/section/143/,OFFICIAL_MIRROR,T5 (text of T1 section on unofficial mirror),see rules.csv source_locator,"Only the claims tied to this source in rules.csv / approvals.csv, at the locator stated there. v1 note: Commenced 21-11-2025 by S.O. 5321(E)",Anything beyond those locators; Maharashtra implementation status unless the source is a Maharashtra authority; currency after the doc_date,2026-09-26,Commenced 21-11-2025 by S.O. 5321(E),REQUIRES_OFFICIAL_CONFIRMATION
SRC-022,OSH Code 2020 explainer incl. OSH (Central) Rules 2026 G.S.R. 345(E) 08-05-2026,KSMG,2026,2026,-,https://ksmg.co/insights/workplace-compliance/osh-code-2020,SECONDARY,T5,see rules.csv source_locator,"Only the claims tied to this source in rules.csv / approvals.csv, at the locator stated there. v1 note: Commencement date, factory definition, central rules; cross-checked with SRC-023/SRC-030",Anything beyond those locators; Maharashtra implementation status unless the source is a Maharashtra authority; currency after the doc_date,2026-09-26,"Commencement date, factory definition, central rules; cross-checked with SRC-023/SRC-030",REQUIRES_OFFICIAL_CONFIRMATION
SRC-023,Lok Sabha Unstarred Q AU1242 - labour codes transition,MoLE / Lok Sabha,2026,2026,-,https://sansad.in/getFile/lsapps/loksabhaquestions/annex/188/AU1242_PMJXys.pdf?source=lsapps,OFFICIAL_PRIMARY,T1,see rules.csv source_locator,"Only the claims tied to this source in rules.csv / approvals.csv, at the locator stated there. v1 note: Old rules continue during transition",Anything beyond those locators; Maharashtra implementation status unless the source is a Maharashtra authority; currency after the doc_date,2026-09-26,Old rules continue during transition,VERIFIED
SRC-024,Maharashtra Labour Department - Notifications,"GoM Industries, Energy & Labour Dept",2026,2026,-,https://labour.maharashtra.gov.in/en/notifications,OFFICIAL_PORTAL,T3,see rules.csv source_locator,"Only the claims tied to this source in rules.csv / approvals.csv, at the locator stated there. v1 note: Draft Maharashtra OSH (Labour) Rules 2026 & OSH (Factories and Other Ports) Rules 2026 published 06-05-2026",Anything beyond those locators; Maharashtra implementation status unless the source is a Maharashtra authority; currency after the doc_date,2026-09-26,Draft Maharashtra OSH (Labour) Rules 2026 & OSH (Factories and Other Ports) Rules 2026 published 06-05-2026,VERIFIED_CONDITIONAL
SRC-025,Maharashtra Labour Department - New Labour Code page,GoM,2026,2026,-,https://labour.maharashtra.gov.in/en/publication/new-labour-code,OFFICIAL_PORTAL,T3,see rules.csv source_locator,"Only the claims tied to this source in rules.csv / approvals.csv, at the locator stated there. v1 note: Internal inconsistencies (dates) - see conflicts",Anything beyond those locators; Maharashtra implementation status unless the source is a Maharashtra authority; currency after the doc_date,2026-09-26,Internal inconsistencies (dates) - see conflicts,VERIFIED_CONDITIONAL
SRC-026,MoLE document on contract labour under OSH Code (Feb 2026),MoLE,2026-02,2026-02,-,https://www.labour.gov.in/static/uploads/2026/02/83978455025732b99b0165def80ab171.pdf,OFFICIAL_PRIMARY,T3,see rules.csv source_locator,"Only the claims tied to this source in rules.csv / approvals.csv, at the locator stated there. v1 note: Contract labour applicability >=50",Anything beyond those locators; Maharashtra implementation status unless the source is a Maharashtra authority; currency after the doc_date,2026-09-26,Contract labour applicability >=50,VERIFIED_CONDITIONAL
SRC-027,GoM circular OSH-2026/C.R.40/Labour-10 dated 30-04-2026 - registration of establishments under OSH Code,GoM Labour Dept (copy hosted by SGCMS),2026-04-30,2026-04-30,-,https://www.sgcms.com/regulatory-updates/wp-content/uploads/2026/05/Clarification_regarding_Registration_of_Establishments_under_OSH.pdf,OFFICIAL_MIRROR,T5 (T2 circular copy on private site),see rules.csv source_locator,"Only the claims tied to this source in rules.csv / approvals.csv, at the locator stated there. v1 note: Official circular hosted by third party; confirm on labour.maharashtra.gov.in",Anything beyond those locators; Maharashtra implementation status unless the source is a Maharashtra authority; currency after the doc_date,2026-09-26,Official circular hosted by third party; confirm on labour.maharashtra.gov.in,REQUIRES_OFFICIAL_CONFIRMATION
SRC-028,DISH - allied office page,GoM Labour Dept,2026,2026,-,https://labour.maharashtra.gov.in/en/allied-offices/directorate-of-industrial-safety-and-health,OFFICIAL_PORTAL,T3,see rules.csv source_locator,"Only the claims tied to this source in rules.csv / approvals.csv, at the locator stated there. v1 note: Enforces Factories Act/MFR 1963, MSIHC, Chemical Accidents Rules 1996, Maharashtra Factories (CIMAH) Rules 2003",Anything beyond those locators; Maharashtra implementation status unless the source is a Maharashtra authority; currency after the doc_date,2026-09-26,"Enforces Factories Act/MFR 1963, MSIHC, Chemical Accidents Rules 1996, Maharashtra Factories (CIMAH) Rules 2003",VERIFIED_CONDITIONAL
SRC-029,DISH online services (mahadish.in),DISH,2026,2026,-,https://mahadish.in/online_services,OFFICIAL_PORTAL,T3,see rules.csv source_locator,"Only the claims tied to this source in rules.csv / approvals.csv, at the locator stated there. v1 note: Plan approval, registration & licence (MAH/Hazardous vs other), renewal, amendment - still cite Factories Act 1948",Anything beyond those locators; Maharashtra implementation status unless the source is a Maharashtra authority; currency after the doc_date,2026-09-26,"Plan approval, registration & licence (MAH/Hazardous vs other), renewal, amendment - still cite Factories Act 1948",VERIFIED_CONDITIONAL
SRC-030,DISH FAQ,DISH,n.d.,n.d.,-,https://mahadish.in/faq,OFFICIAL_PORTAL,T3,FAQ: factory definition; licence renewal,DISH FAQ: factory = 20+ workers with power / 40+ without; Government notifications apply the Act to certain hazardous-chemical industries/solvent processes even below 10 workers; licence renewal via lms.mahaonline.gov.in by 31 Oct,Undated; written under Factories Act 1948 - not an OSH Code statement,2026-09-26,Factory worker thresholds,VERIFIED_CONDITIONAL
SRC-031,Labour Department RTS services list,GoM Labour Dept,2026,2026,-,https://labour.maharashtra.gov.in/en/labour-rts-services,OFFICIAL_PORTAL,T3,see rules.csv source_locator,"Only the claims tied to this source in rules.csv / approvals.csv, at the locator stated there. v1 note: Notified RTS timelines for DISH, S&E, CLRA, BOCW, ISMW, Boilers",Anything beyond those locators; Maharashtra implementation status unless the source is a Maharashtra authority; currency after the doc_date,2026-09-26,"Notified RTS timelines for DISH, S&E, CLRA, BOCW, ISMW, Boilers",VERIFIED_CONDITIONAL
SRC-032,DPIIT notification - commencement of Boilers Act 2025 from 01-05-2025,DPIIT,2025,2025,-,https://www.dpiit.gov.in/static/uploads/2025/06/408accb9b09429456d7281a297763a31.pdf,OFFICIAL_PRIMARY,T1,see rules.csv source_locator,"Only the claims tied to this source in rules.csv / approvals.csv, at the locator stated there. v1 note: ",Anything beyond those locators; Maharashtra implementation status unless the source is a Maharashtra authority; currency after the doc_date,2026-09-26,,VERIFIED
SRC-033,PIB - Boilers Act 2025,PIB,2025,2025,-,https://www.pib.gov.in/PressReleaseDetail.aspx?PRID=2230140&reg=1&lang=1,OFFICIAL_PORTAL,T3,see rules.csv source_locator,"Only the claims tied to this source in rules.csv / approvals.csv, at the locator stated there. v1 note: ",Anything beyond those locators; Maharashtra implementation status unless the source is a Maharashtra authority; currency after the doc_date,2026-09-26,,VERIFIED_CONDITIONAL
SRC-034,Boilers Act 2025 (Act 12 of 2025) - Gazette text,Gazette of India,2025-04-04,2025-05-01 (per SRC-032),-,https://egazette.gov.in/writeReadData/2025/262299.pdf,OFFICIAL_PRIMARY,T1,"s.1(3),(4); s.2(c),(g),(h),(r); s.6; s.8",Boilers Act 2025 s.1(3)-(4) application; s.2(c) 'boiler' with exclusions (<25 L; <1 kg/cm2 design AND working gauge pressure; water heated below 100 C); s.2(h) economiser; s.2(r) steam-pipe; s.6 welders; s.8 inspection during manufacture,Registration/certificate section numbers and procedure were not extracted; Maharashtra state rules under the 2025 Act,2026-09-26,Definition/exclusion thresholds to be confirmed from this text (currently from SRC-037),VERIFIED
SRC-035,Draft Boilers Rules (June 2025),DPIIT,2025-06,2025-06,-,https://www.dpiit.gov.in/static/uploads/2025/06/c7acd88f1da8edd6c8d70a1604c8bf0c.pdf,OFFICIAL_PRIMARY,T1 (DRAFT),see rules.csv source_locator,"Only the claims tied to this source in rules.csv / approvals.csv, at the locator stated there. v1 note: DRAFT - not operative",Anything beyond those locators; Maharashtra implementation status unless the source is a Maharashtra authority; currency after the doc_date,2026-09-26,DRAFT - not operative,VERIFIED
SRC-036,Maharashtra Directorate of Steam Boilers - page (updated 01-09-2026),GoM,2026-09-01,2026-09-01,-,https://labour.maharashtra.gov.in/en/allied-offices/directorate-of-steam-boilers,OFFICIAL_PORTAL,T3,see rules.csv source_locator,"Only the claims tied to this source in rules.csv / approvals.csv, at the locator stated there. v1 note: Still cites Boilers Act 1923 - conflict with SRC-032",Anything beyond those locators; Maharashtra implementation status unless the source is a Maharashtra authority; currency after the doc_date,2026-09-26,Still cites Boilers Act 1923 - conflict with SRC-032,VERIFIED_CONDITIONAL
SRC-037,Boilers Act 2025 explainer,Gyantosh,2025,2025,-,https://www.gyantosh.com/resources/boilers-act-2025,SECONDARY,T5,see rules.csv source_locator,"Only the claims tied to this source in rules.csv / approvals.csv, at the locator stated there. v1 note: Boiler definition exclusions - confirm from SRC-034",Anything beyond those locators; Maharashtra implementation status unless the source is a Maharashtra authority; currency after the doc_date,2026-09-26,Boiler definition exclusions - confirm from SRC-034,REQUIRES_OFFICIAL_CONFIRMATION
SRC-038,"Maharashtra Lifts, Escalators and Moving Walks Act 2017 - text",CEI Maharashtra,2018,2018,-,"https://www.ceimah.in/uploads/cie/gallery/media/The%20Maharashtra%20Lifts,%20Escalators%20and%20Moving%20Walks%20Act,%202017.pdf",OFFICIAL_PRIMARY,T4,see rules.csv source_locator,"Only the claims tied to this source in rules.csv / approvals.csv, at the locator stated there. v1 note: Comes into force on date notified by State - commencement not found",Anything beyond those locators; Maharashtra implementation status unless the source is a Maharashtra authority; currency after the doc_date,2026-09-26,Comes into force on date notified by State - commencement not found,VERIFIED_CONDITIONAL
SRC-039,Maharashtra Lifts ... (Amendment) Act 2026 - regulatory update,TeamLease RegTech,2026-04,2026-04,-,https://teamleaseregtech.com/updates/article/54280/,SECONDARY,T5,see rules.csv source_locator,"Only the claims tied to this source in rules.csv / approvals.csv, at the locator stated there. v1 note: Amendment Act; commencement by notification",Anything beyond those locators; Maharashtra implementation status unless the source is a Maharashtra authority; currency after the doc_date,2026-09-26,Amendment Act; commencement by notification,REQUIRES_OFFICIAL_CONFIRMATION
SRC-040,Maharashtra Bill No. VII of 2026 - Lifts Act amendment,PRS India (Legislature bill),2026,2026,-,https://prsindia.org/files/bills_acts/bills_states/maharashtra/2026/Bill7of2026MH.pdf,OFFICIAL_MIRROR,T4 (Bill),see rules.csv source_locator,"Only the claims tied to this source in rules.csv / approvals.csv, at the locator stated there. v1 note: ",Anything beyond those locators; Maharashtra implementation status unless the source is a Maharashtra authority; currency after the doc_date,2026-09-26,,VERIFIED_CONDITIONAL
SRC-041,CEI Maharashtra - RTS notification 12-12-2018,"Industries, Energy & Labour Dept (CEI)",2018-12-12,2018-12-12,-,https://www.ceimah.in/uploads/cie/gallery/media/RTS%20Notification%20English%2012%20dec%202018.pdf,OFFICIAL_PRIMARY,T2,see rules.csv source_locator,"Only the claims tied to this source in rules.csv / approvals.csv, at the locator stated there. v1 note: Cites Lifts Act 1939 and CEA Regs 2010 (since superseded)",Anything beyond those locators; Maharashtra implementation status unless the source is a Maharashtra authority; currency after the doc_date,2026-09-26,Cites Lifts Act 1939 and CEA Regs 2010 (since superseded),VERIFIED
SRC-042,CEA (Measures relating to Safety and Electric Supply) Regulations 2023,CEA,2023-06,2023-06,-,https://cea.nic.in/wp-content/uploads/regulations_cpt/2023/06/pdf_100_183_English-1.pdf,OFFICIAL_PRIMARY,T1,Proviso on self-certification,CEA Safety Regulations 2023 proviso: installations below or equal to the notified voltage are self-certified,The voltage notified for Maharashtra; regulation numbering was not re-verified,2026-09-26,Inspection/self-certification framework; state-notified voltage,VERIFIED
SRC-043,MIDC services portal - all services with timelines,MIDC,2026,2026,-,https://services.midcindia.org/Services/AllServicesPortalAnon.aspx,OFFICIAL_PORTAL,T3,see rules.csv source_locator,"Only the claims tied to this source in rules.csv / approvals.csv, at the locator stated there. v1 note: Live application system",Anything beyond those locators; Maharashtra implementation status unless the source is a Maharashtra authority; currency after the doc_date,2026-09-26,Live application system,VERIFIED_CONDITIONAL
SRC-044,MIDC - Planning & pre-operations page,MIDC,2026,2026,-,https://www.midcindia.org/en/customers/planning-pre-operations/,OFFICIAL_PORTAL,T3,see rules.csv source_locator,"Only the claims tied to this source in rules.csv / approvals.csv, at the locator stated there. v1 note: Timelines differ from SRC-043",Anything beyond those locators; Maharashtra implementation status unless the source is a Maharashtra authority; currency after the doc_date,2026-09-26,Timelines differ from SRC-043,VERIFIED_CONDITIONAL
SRC-045,MIDC EoDB - Pre-establishment,MIDC,n.d.,n.d.,-,https://eodb.midcindia.org/PreEstablishment.aspx,OFFICIAL_PORTAL,T3,see rules.csv source_locator,"Only the claims tied to this source in rules.csv / approvals.csv, at the locator stated there. v1 note: ",Anything beyond those locators; Maharashtra implementation status unless the source is a Maharashtra authority; currency after the doc_date,2026-09-26,,VERIFIED_CONDITIONAL
SRC-046,MIDC EoDB - Pre-operation,MIDC,n.d.,n.d.,-,https://eodb.midcindia.org/PreOperation.aspx,OFFICIAL_PORTAL,T3,see rules.csv source_locator,"Only the claims tied to this source in rules.csv / approvals.csv, at the locator stated there. v1 note: ",Anything beyond those locators; Maharashtra implementation status unless the source is a Maharashtra authority; currency after the doc_date,2026-09-26,,VERIFIED_CONDITIONAL
SRC-047,MIDC EoDB - Fire NOC,MIDC,n.d.,n.d.,-,https://eodb.midcindia.org/FireNoc.aspx,OFFICIAL_PORTAL,T3,see rules.csv source_locator,"Only the claims tied to this source in rules.csv / approvals.csv, at the locator stated there. v1 note: ",Anything beyond those locators; Maharashtra implementation status unless the source is a Maharashtra authority; currency after the doc_date,2026-09-26,,VERIFIED_CONDITIONAL
SRC-048,Maharashtra Fire & Emergency Services - e-Fire,Directorate of Maharashtra Fire Services,2026,2026,-,https://mahafireservice.gov.in/e-fire.php,OFFICIAL_PORTAL,T3,see rules.csv source_locator,"Only the claims tied to this source in rules.csv / approvals.csv, at the locator stated there. v1 note: Provisional NOC timeline",Anything beyond those locators; Maharashtra implementation status unless the source is a Maharashtra authority; currency after the doc_date,2026-09-26,Provisional NOC timeline,VERIFIED_CONDITIONAL
SRC-049,Maharashtra Fire Services - Guidelines to issue Form B,Directorate of Maharashtra Fire Services,n.d.,n.d.,-,https://mahafireservice.gov.in/circular/Guidelines%20to%20issue%20Form%20B.pdf,OFFICIAL_PRIMARY,T2,see rules.csv source_locator,"Only the claims tied to this source in rules.csv / approvals.csv, at the locator stated there. v1 note: Form B in January and July by licensed agency",Anything beyond those locators; Maharashtra implementation status unless the source is a Maharashtra authority; currency after the doc_date,2026-09-26,Form B in January and July by licensed agency,VERIFIED
SRC-050,CGWA NOCAP - Ground water regulation landing page,CGWA,2026,2026,-,https://cgwa-noc.gov.in/landingpage/GroundWater.htm,OFFICIAL_PORTAL,T3,see rules.csv source_locator,"Only the claims tied to this source in rules.csv / approvals.csv, at the locator stated there. v1 note: Maharashtra not in list of states regulating via own authority",Anything beyond those locators; Maharashtra implementation status unless the source is a Maharashtra authority; currency after the doc_date,2026-09-26,Maharashtra not in list of states regulating via own authority,VERIFIED_CONDITIONAL
SRC-051,CGWA Guidelines 24-09-2020 (S.O. 3289(E)) - copy on MPCB site,MoJS/CGWA (hosted by MPCB),2020-09-24,2020-09-24,-,https://www.mpcb.gov.in/sites/default/files/water-quality/standards-protocols/Ground_Water_NewGuidelinesNotifiedeng24092021102020.pdf,OFFICIAL_MIRROR,T4,see rules.csv source_locator,"Only the claims tied to this source in rules.csv / approvals.csv, at the locator stated there. v1 note: ",Anything beyond those locators; Maharashtra implementation status unless the source is a Maharashtra authority; currency after the doc_date,2026-09-26,,VERIFIED_CONDITIONAL
SRC-052,CGWA consolidated guidelines (2020 + amendment S.O. 1509(E) 29-03-2023),CGWA,2023-03-29,2023-03-29,-,https://cgwa-noc.gov.in/landingpage/Guidlines/ConsolidateGuidline.pdf,OFFICIAL_PRIMARY,T1,see rules.csv source_locator,"Only the claims tied to this source in rules.csv / approvals.csv, at the locator stated there. v1 note: Exemptions; OE restrictions; flow meter intimation 30 days; no decision timeline stated",Anything beyond those locators; Maharashtra implementation status unless the source is a Maharashtra authority; currency after the doc_date,2026-09-26,Exemptions; OE restrictions; flow meter intimation 30 days; no decision timeline stated,VERIFIED
SRC-053,Maharashtra Groundwater Rules 2018 (draft) - GSDA,GSDA,2018,2018,-,https://gsda.maharashtra.gov.in/wp-content/uploads/2023/08/1533614880_Maharashtra_Groundwater_Rules_2018-gsda.pdf,OFFICIAL_PRIMARY,T1 (DRAFT),see rules.csv source_locator,"Only the claims tied to this source in rules.csv / approvals.csv, at the locator stated there. v1 note: Appears to be draft; final status UNKNOWN",Anything beyond those locators; Maharashtra implementation status unless the source is a Maharashtra authority; currency after the doc_date,2026-09-26,Appears to be draft; final status UNKNOWN,VERIFIED
SRC-054,MWRRA - Groundwater page,MWRRA,2026,2026,-,https://mwrra.maharashtra.gov.in/en/groundwater/,OFFICIAL_PORTAL,T3,see rules.csv source_locator,"Only the claims tied to this source in rules.csv / approvals.csv, at the locator stated there. v1 note: Borewell >60 m prohibition in 80 notified watersheds (agri & industrial)",Anything beyond those locators; Maharashtra implementation status unless the source is a Maharashtra authority; currency after the doc_date,2026-09-26,Borewell >60 m prohibition in 80 notified watersheds (agri & industrial),VERIFIED_CONDITIONAL
SRC-055,MERC - Distribution licences issued,MERC,2026,2026,-,https://new.merc.gov.in/licences-issued-type/distribution-licences/,OFFICIAL_PORTAL,T3,see rules.csv source_locator,"Only the claims tied to this source in rules.csv / approvals.csv, at the locator stated there. v1 note: Multiple licensees",Anything beyond those locators; Maharashtra implementation status unless the source is a Maharashtra authority; currency after the doc_date,2026-09-26,Multiple licensees,VERIFIED_CONDITIONAL
SRC-056,MSEDCL - Distribution franchise,MSEDCL,2026,2026,-,https://www.mahadiscom.in/en/distribution-franchise-2/,OFFICIAL_PORTAL,T3,see rules.csv source_locator,"Only the claims tied to this source in rules.csv / approvals.csv, at the locator stated there. v1 note: Torrent franchisee areas",Anything beyond those locators; Maharashtra implementation status unless the source is a Maharashtra authority; currency after the doc_date,2026-09-26,Torrent franchisee areas,VERIFIED_CONDITIONAL
SRC-057,MAITRI 2.0 (mahaonline) - Available services / about,MAITRI,2025-02-04,2025-02-04,-,https://maitri.mahaonline.gov.in/AvailableServices/AvailableServices,OFFICIAL_PORTAL,T3,see rules.csv source_locator,"Only the claims tied to this source in rules.csv / approvals.csv, at the locator stated there. v1 note: 119 services / 15 departments; department filter lists 24 entries; returned 404 in cloud browser on 26-09-2026",Anything beyond those locators; Maharashtra implementation status unless the source is a Maharashtra authority; currency after the doc_date,2026-09-26,119 services / 15 departments; department filter lists 24 entries; returned 404 in cloud browser on 26-09-2026,VERIFIED_CONDITIONAL
SRC-058,Industries Dept - MAITRI allied office page (updated 21-08-2026),GoM Industries Dept,2026-08-21,2026-08-21,-,https://industry.maharashtra.gov.in/en/allied-offices/maharashtra-industry-trade-and-investment-facilitation-cell-maitri,OFFICIAL_PORTAL,T3,see rules.csv source_locator,"Only the claims tied to this source in rules.csv / approvals.csv, at the locator stated there. v1 note: 128 services / 14 departments",Anything beyond those locators; Maharashtra implementation status unless the source is a Maharashtra authority; currency after the doc_date,2026-09-26,128 services / 14 departments,VERIFIED_CONDITIONAL
SRC-059,MAITRI Investor Handbook,MAITRI,2024-09,2024-09,-,https://maitri.maharashtra.gov.in/wp-content/uploads/2024/09/Investor_handbook.pdf,OFFICIAL_PORTAL,T3,see rules.csv source_locator,"Only the claims tied to this source in rules.csv / approvals.csv, at the locator stated there. v1 note: CAF; escalation beyond RTS timeline to Empowered Committee",Anything beyond those locators; Maharashtra implementation status unless the source is a Maharashtra authority; currency after the doc_date,2026-09-26,CAF; escalation beyond RTS timeline to Empowered Committee,VERIFIED_CONDITIONAL
SRC-060,"Maharashtra Industry, Trade and Investment Facilitation Act 2023 (MAITRI Act)",India Code,2023,2023,-,"https://www.indiacode.nic.in/bitstream/123456789/20544/1/the_maharashtra_industry,_trade_and_investment_facilitation_act,_2023.pdf",OFFICIAL_PRIMARY,T1,see rules.csv source_locator,"Only the claims tied to this source in rules.csv / approvals.csv, at the locator stated there. v1 note: MAITRI nodal agency for Single Window System",Anything beyond those locators; Maharashtra implementation status unless the source is a Maharashtra authority; currency after the doc_date,2026-09-26,MAITRI nodal agency for Single Window System,VERIFIED
SRC-061,"GR - Maharashtra Industries, Investment and Services Policy 2025 (31-12-2025)",GoM Industries Dept,2025-12-31,2025-12-31,Valid 5 yrs or until replaced (per GR),https://industry.maharashtra.gov.in/sites/default/files/2025-12/202512311332497910.pdf,OFFICIAL_PRIMARY,T1,Policy paras & Annexure 1,"IISP 2025 GR text: thrust sectors, taluka baskets, incentive heads as stated",Operative Package Scheme of Incentives / implementation GR; claim procedure; eligibility certificate format; disbursement rules,2026-09-26,Marathi GR; incentives to be given under a separate Package Scheme of Incentives,VERIFIED
SRC-062,Legal Metrology Maharashtra portal,"Controller of Legal Metrology, Maharashtra",2026,2026,-,https://vaidhmapan.maharashtra.gov.in/,OFFICIAL_PORTAL,T3,see rules.csv source_locator,"Only the claims tied to this source in rules.csv / approvals.csv, at the locator stated there. v1 note: ",Anything beyond those locators; Maharashtra implementation status unless the source is a Maharashtra authority; currency after the doc_date,2026-09-26,,VERIFIED_CONDITIONAL
SRC-063,AAI NOCAS portal,Airports Authority of India,2026,2026,-,https://nocas.aai.aero/nocas/,OFFICIAL_PORTAL,T3,see rules.csv source_locator,"Only the claims tied to this source in rules.csv / approvals.csv, at the locator stated there. v1 note: ",Anything beyond those locators; Maharashtra implementation status unless the source is a Maharashtra authority; currency after the doc_date,2026-09-26,,VERIFIED_CONDITIONAL
SRC-064,Maharashtra Right to Public Services Act 2015,India Code,2015,2015,-,"https://www.indiacode.nic.in/bitstream/123456789/19919/1/the_maharashtra_right_to_public_services_act,_2015-output.pdf",OFFICIAL_PRIMARY,T1,see rules.csv source_locator,"Only the claims tied to this source in rules.csv / approvals.csv, at the locator stated there. v1 note: ",Anything beyond those locators; Maharashtra implementation status unless the source is a Maharashtra authority; currency after the doc_date,2026-09-26,,VERIFIED
SRC-065,Environment (Protection) Rules 1986 - compilation incl. rule 14 (Form V),CPCB,n.d.,n.d.,-,https://cpcb.nic.in/upload/home/epa/THE%20ENVIRONMENT.pdf,OFFICIAL_MIRROR,T4,see rules.csv source_locator,"Only the claims tied to this source in rules.csv / approvals.csv, at the locator stated there. v1 note: Environmental statement Form V by 30 September",Anything beyond those locators; Maharashtra implementation status unless the source is a Maharashtra authority; currency after the doc_date,2026-09-26,Environmental statement Form V by 30 September,VERIFIED_CONDITIONAL
SRC-066,Environment Audit Rules 2025 (text),MoEFCC (via PIB),2025-08/09,2025-08-29,-,https://static.pib.gov.in/WriteReadData/specificdocs/documents/2025/sep/doc202593627401.pdf,OFFICIAL_PRIMARY,T1,r.1(2); definitions; scope rules,"Environment Audit Rules 2025, S.O.3973(E) 29-08-2025, in force on publication; registration of Environment Auditors; audits where assigned by government/boards or engaged by project proponent",Does not impose a blanket audit obligation on every industry,2026-09-26,Operative detail not extracted,VERIFIED
SRC-067,MPCB circular 24-07-2025 - Mandatory verification of building permission while granting CTE outside industrial areas,MPCB,2025-07-24,2025-07-24,-,https://www.mpcb.gov.in/sites/default/files/standing_orders/Circular_-_Mandatory_Verification_of-Building_Development_Permission_While_Granting_Consent_to_enstablish.pdf,OFFICIAL_PRIMARY,T2,see rules.csv source_locator,"Only the claims tied to this source in rules.csv / approvals.csv, at the locator stated there. v1 note: Scanned; OCR. Local body NOC not valid building permission",Anything beyond those locators; Maharashtra implementation status unless the source is a Maharashtra authority; currency after the doc_date,2026-09-26,Scanned; OCR. Local body NOC not valid building permission,VERIFIED
SRC-068,MPCB circular 25-08-2025 - Applications for amendment in consent,MPCB,2025-08-25,2025-08-25,-,https://www.mpcb.gov.in/sites/default/files/standing_orders/ApplicationsforAmendmentinConsent123-reg.pdf,OFFICIAL_PRIMARY,T2,see rules.csv source_locator,"Only the claims tied to this source in rules.csv / approvals.csv, at the locator stated there. v1 note: Scanned; OCR",Anything beyond those locators; Maharashtra implementation status unless the source is a Maharashtra authority; currency after the doc_date,2026-09-26,Scanned; OCR,VERIFIED
SRC-069,MPCB circular 13-08-2025 - Simplified scheme of auto-renewal of consents (self-declaration) + corrigendum 12-09-2025,MPCB,2025-08-13,2025-08-13,Status after 27-01-2026 UNKNOWN,https://www.mpcb.gov.in/sites/default/files/standing_orders/Simplifiedschemeofauto-renewalofconsentsbasedonSelf-declarationsubmittedbytheindustry.pdf,OFFICIAL_PRIMARY,T2,Circular paras 1-6 (OCR),MPCB auto-renewal scheme 13-08-2025: Red 5/Orange 10/Green 15 yrs; self-declaration Annexure-A; issued within 7 days; no capacity/pollution-load increase; <=30% capex increase,Its status after the central CTO 'valid till cancelled' amendment (SRC-006) of 27-01-2026,2026-09-26,Corrigendum located via MPCB circular list https://www.mpcb.gov.in/en/circulars-types/518,VERIFIED
SRC-070,MAITRI - Ease of Doing Business / department initiatives (integrated services),MAITRI,2024-12,2024-12,-,https://maitri.maharashtra.gov.in/about-us/department-initiative/ease-of-doing-business-2/,OFFICIAL_PORTAL,T3,see rules.csv source_locator,"Only the claims tied to this source in rules.csv / approvals.csv, at the locator stated there. v1 note: Lists services integrated with MAITRI-SWS by department; electricity connection 7/15 days",Anything beyond those locators; Maharashtra implementation status unless the source is a Maharashtra authority; currency after the doc_date,2026-09-26,Lists services integrated with MAITRI-SWS by department; electricity connection 7/15 days,VERIFIED_CONDITIONAL
SRC-071,MPCB services API reference (services.ecmpcb.in) - MAITRI integration endpoints,MPCB (ecmpcb.in),2026,2026,-,https://services.ecmpcb.in/,OFFICIAL_PORTAL,T3,see rules.csv source_locator,"Only the claims tied to this source in rules.csv / approvals.csv, at the locator stated there. v1 note: Token-authenticated integration API; not a public open-data API",Anything beyond those locators; Maharashtra implementation status unless the source is a Maharashtra authority; currency after the doc_date,2026-09-26,Token-authenticated integration API; not a public open-data API,VERIFIED_CONDITIONAL
SRC-072,MIDC GIS public map service (ArcGIS REST),MIDC,2026,2026,-,https://gis.midcindia.org/server/rest/services/CitizenPortal/MIDC_PUBLIC_MAIN_MAP_SERVICE/MapServer,OFFICIAL_PORTAL,T3,see rules.csv source_locator,"Only the claims tied to this source in rules.csv / approvals.csv, at the locator stated there. v1 note: Layers incl. MIDC boundary, plot boundary; JSON/geoJSON query formats",Anything beyond those locators; Maharashtra implementation status unless the source is a Maharashtra authority; currency after the doc_date,2026-09-26,"Layers incl. MIDC boundary, plot boundary; JSON/geoJSON query formats",VERIFIED_CONDITIONAL
SRC-073,MIDC - Industrial policies and incentives (updated 31-07-2026),MIDC,2026-07-31,2026-07-31,-,https://midc.maharashtra.gov.in/en/investors/industrial-policies-and-incentives/,OFFICIAL_PORTAL,T3,see rules.csv source_locator,"Only the claims tied to this source in rules.csv / approvals.csv, at the locator stated there. v1 note: Lists IISP 2025 and PSI 2019; no PSI 2025 listed",Anything beyond those locators; Maharashtra implementation status unless the source is a Maharashtra authority; currency after the doc_date,2026-09-26,Lists IISP 2025 and PSI 2019; no PSI 2025 listed,VERIFIED_CONDITIONAL
SRC-074,Industries Dept - GR publications page (updated 21-08-2026),GoM Industries Dept,2026-08-21,2026-08-21,-,https://industry.maharashtra.gov.in/publication/gr,OFFICIAL_PORTAL,T3,see rules.csv source_locator,"Only the claims tied to this source in rules.csv / approvals.csv, at the locator stated there. v1 note: No PSI 2025 GR listed",Anything beyond those locators; Maharashtra implementation status unless the source is a Maharashtra authority; currency after the doc_date,2026-09-26,No PSI 2025 GR listed,VERIFIED_CONDITIONAL
SRC-075,PESO online licensing portal,PESO,2026,2026,-,https://online.peso.gov.in/PesoOnline/,OFFICIAL_PORTAL,T3,see rules.csv source_locator,"Only the claims tied to this source in rules.csv / approvals.csv, at the locator stated there. v1 note: ",Anything beyond those locators; Maharashtra implementation status unless the source is a Maharashtra authority; currency after the doc_date,2026-09-26,,VERIFIED_CONDITIONAL
SRC-076,PARIVESH 2.0 portal,MoEFCC,2026,2026,-,https://parivesh.nic.in/,OFFICIAL_PORTAL,T3,see rules.csv source_locator,"Only the claims tied to this source in rules.csv / approvals.csv, at the locator stated there. v1 note: ",Anything beyond those locators; Maharashtra implementation status unless the source is a Maharashtra authority; currency after the doc_date,2026-09-26,,VERIFIED_CONDITIONAL
SRC-077,MPCB consent status / online consent portal entry,MPCB,2026,2026,-,https://mpcb.gov.in/en/consent-status,OFFICIAL_PORTAL,T3,see rules.csv source_locator,"Only the claims tied to this source in rules.csv / approvals.csv, at the locator stated there. v1 note: Links to ecMPCB web portal",Anything beyond those locators; Maharashtra implementation status unless the source is a Maharashtra authority; currency after the doc_date,2026-09-26,Links to ecMPCB web portal,VERIFIED_CONDITIONAL
SRC-078,Maharashtra Boilers online portal,Directorate of Steam Boilers,2026,2026,-,https://mahaboiler.in/,OFFICIAL_PORTAL,T3,see rules.csv source_locator,"Only the claims tied to this source in rules.csv / approvals.csv, at the locator stated there. v1 note: URL recorded from department page; not independently loaded",Anything beyond those locators; Maharashtra implementation status unless the source is a Maharashtra authority; currency after the doc_date,2026-09-26,URL recorded from department page; not independently loaded,VERIFIED_CONDITIONAL
SRC-079,MPCB web notice 'Compliance of MoEF&CC GoI Notification No. G.S.R. 62(E) & 63(E) dtd. 23/01/2026' (22-04-2026),MPCB,2026-04-22,2026-04-22,-,https://www.mpcb.gov.in/en/node/7286,OFFICIAL_PORTAL,T3,Page title/date/attachment,MPCB circulated the GSR 62/63 notification on 22-04-2026 (department CPCB/MoEF),"Any MPCB decision on CTO validity, one-time fee, deemed CTE or integrated authorisation (none stated on page; attached PDF is the Gazette text itself)",2026-09-26,Added in stage-2 audit,VERIFIED_CONDITIONAL
SRC-080,S.O. 5321(E) 21-11-2025 - commencement of OSH Code 2020 (all provisions),MoLE,2025-11-21,2025-11-21,-,https://egazette.gov.in/WriteReadData/2025/267884.pdf,OFFICIAL_PRIMARY,T1,Notification text,Whole OSH Code 2020 in force from 21-11-2025,Maharashtra rules; which saved rules continue,2026-09-26,Added in stage-2 audit,VERIFIED
SRC-081,"Occupational Safety, Health and Working Conditions Code 2020 (Act 37 of 2020) - text",India Code / MoLJ,2020-09-29,2025-11-21,-,https://www.indiacode.nic.in/bitstream/123456789/22041/1/2020-37.pdf,OFFICIAL_PRIMARY,T1,"s.2(1)(v),(w),(zf); s.3; s.6; s.10; s.22; s.45; s.82","s.2(1) definitions incl. establishment (10 workers), factory (20 with power / 40 without, state-number proviso), inter-State migrant worker (wage <= Rs 18,000/month); s.3 registration within 60 days; s.6(1)(c) annual health exam as prescribed; s.10 accident notice (time as prescribed); s.22 safety committee / safety officers (factory >=500; hazardous-process factory >=250; BOCW >=250); s.45 contract labour Part applies at >=50; s.82 dangerous operations","Maharashtra prescribed time limits, forms, fees (rules are draft); the pre-Code Maharashtra factory number for the s.2(1)(w) proviso",2026-09-26,Added in stage-2 audit,VERIFIED
SRC-082,Maharashtra Labour Dept - 'Implementation of Labour Codes' (compilation of central commencement notifications),GoM Labour Dept,2025-11,2025-11-21,-,https://labour.maharashtra.gov.in/sites/default/files/2025-11/implementation-of-labour-codes.pdf,OFFICIAL_MIRROR,T4,Whole document,Maharashtra Labour Dept re-publishes S.O.5319-5322(E) commencement notifications,Any Maharashtra rule,2026-09-26,Added in stage-2 audit,VERIFIED_CONDITIONAL
SRC-083,"Maharashtra Lifts, Escalators and Moving Walks Act 2017 (Mah. XV of 2018) - Govt Printing consolidated text 'as existing on 1st January 2019'",GoM Law & Judiciary / Govt Printing,2019-01-01,not in force as at 2019-01-01,-,https://cdnbbsr.s3waas.gov.in/s36a4cbdaedcbda0fa8ddc7ea32073c475/uploads/2025/02/20250211337091299.pdf,OFFICIAL_PRIMARY,T1,Footnote 2; s.2(l),Footnote 2: 'This Act has not come into force till 1st January 2019'; s.2(l) 'lift' excludes hoists or lifts covered under the Factories Act 1948,Whether the Act was brought into force after 01-01-2019,2026-09-26,Added in stage-2 audit,VERIFIED
SRC-084,"L.A. Bill No. VII of 2026 - Maharashtra Lifts, Escalators and Moving Walks (Amendment) Bill (SOR 28-02-2026)",Maharashtra Legislature (Bombay HC library copy),2026-02-28,not in force,-,https://bombayhighcourt.gov.in/bhc/libweb/legislation/billstate/2026/LABill2026.07.pdf,OFFICIAL_MIRROR,T4 (Bill),SOR; clauses,"Proposed: regional Superintending Engineers license, district Electrical Inspectors inspect; substitute OSH Code reference in s.2(l); commencement by notification",That the Bill was passed or commenced; whether the 2017 Act is in force,2026-09-26,Added in stage-2 audit,VERIFIED_CONDITIONAL
SRC-085,"Boiler Operation Engineers' Rules 2025 - G.S.R. 705(E) 22-09-2025 (Gazette No.621, 23-09-2025)","DPIIT, MoCI",2025-09-22,2025-09-23,-,https://egazette.gov.in/writeReadData/2025/266452.pdf,OFFICIAL_PRIMARY,T1,Rules 1-4 and committee rules,"Final rules under Boilers Act 2025 s.39; supersede Boiler Operation Rules 2021; in force on publication; BOE required above 1,000 m2 heating surface (single/battery/within 50 m); owner to report BOE particulars within 7 days",Boiler registration procedure; Maharashtra services,2026-09-26,Added in stage-2 audit,VERIFIED
SRC-086,Boilers (Appeal and Revision) Rules 2025 - Gazette,"DPIIT, MoCI",2025,2025,-,https://egazette.gov.in/WriteReadData/2025/267268.pdf,OFFICIAL_PRIMARY,T1,Title/commencement (not re-read in detail),Final appeal rules under the 2025 Act exist,Registration thresholds or procedures,2026-09-26,Added in stage-2 audit,VERIFIED
SRC-087,Maharashtra Directorate of Steam Boilers - Online services with time limits,Directorate of Steam Boilers,2026,2026,-,https://www.mahaboiler.in/boiler/online_services.html,OFFICIAL_PORTAL,T3,Services table,Service list with time limits: registration 43 days (made in MH) / 50 days (made outside MH); renewal 17 days**; transfer 7; duplicate 7; manufacturer/erector/repairer approvals 23; services under MRTPS Act 2015; registered users only via MAITRI/LMS/Aaple Sarkar links,Legal basis (does not cite Boilers Act 1923 or 2025); meaning of the asterisks,2026-09-26,Added in stage-2 audit,VERIFIED_CONDITIONAL
SRC-088,"Maharashtra Labour Dept - RTS services (Boilers, DISH, Labour) page, updated 01-09-2026",GoM Labour Dept,2026-09-01,2026-09-01,-,https://labour.maharashtra.gov.in/en/rts/rts-services,OFFICIAL_PORTAL,T3,Boilers table rows 1-22; DISH rows 1-6,"Boilers RTS: registration 50 days; renewal 7 days; DISH RTS: registration/licence/renewal/amendment/plan approval 60 days, each citing Factories Act 1948 & Maharashtra Factories Rules 1963",Designated officers; whether services are re-notified under OSH Code / Boilers Act 2025,2026-09-26,Added in stage-2 audit,VERIFIED_CONDITIONAL
SRC-089,MoEFCC Orders/notifications listing (archive),MoEFCC,2026,2026,-,https://moef.gov.in/orders/update?archive=1,OFFICIAL_PORTAL,T3,Listing rows,Lists GSR 62(E)/63(E) 23-01-2026; lists HOWM amendments of 2023 and 2024 and draft used-oil EPR (GSR 338(E) 02-05-2023); shows no HOWM amendment dated 2025/2026 in the retrieved listing,Full HOWM amendment history (listing may be partial; GSR 438(E) 2025 is known from SRC-014),2026-09-26,Added in stage-2 audit,VERIFIED_CONDITIONAL
SRC-090,"Vanashakti v. Union of India, W.P.(C) 116/2025, Supreme Court judgment 05-08-2025 (text on Indian Kanoon)",Supreme Court of India (unofficial host),2025-08-05,2025-08-05,-,https://indiankanoon.org/doc/101896470/,SECONDARY,T5 (host) / judgment is T1-equivalent,Operative para,"'Note 1 to Entry 8(a) of the notification dated 29th January, 2025 is quashed'",Nothing beyond the operative direction; corroborated by SRC-001 footnote 98,2026-09-26,Added in stage-2 audit,REQUIRES_OFFICIAL_CONFIRMATION
SRC-091,Vanashakti v. Union of India (2025 LiveLaw SC 808) - judgment PDF,LiveLaw (host),2025-08-05,2025-08-05,-,https://www.livelaw.in/pdf_upload/2025-livelaw-sc-808-vanashakti-v-union-of-india-5-aug-2025-616905.pdf,SECONDARY,T5 (host),Operative para,Same judgment (second copy),-,2026-09-26,Added in stage-2 audit,REQUIRES_OFFICIAL_CONFIRMATION
SRC-092,Petroleum Act 1934 - text (PESO),PESO,1934 (as amended),1934,-,https://peso.gov.in/web/sites/default/files/2019-12/PR_Act_full.pdf,OFFICIAL_PRIMARY,T1,"s.2, s.3, s.7","s.2(b)-(d) Class A (<23 C), B (23 to <65 C), C (65 to <93 C) flash point; s.3 licence requirement; s.7 no licence for Class B <= 2,500 L at one place with no receptacle > 1,000 L, and Class C <= 45,000 L stored per rules","Class A small-quantity exemption (in Rules, not Act); bulk/non-bulk definitions; Rule 144 NOC",2026-09-26,Added in stage-2 audit,VERIFIED
SRC-093,Gas Cylinders Rules 2016 - text (copy hosted by Premier LPG Ltd),Company-hosted copy,2016,2016,-,https://www.premierlpgltd.com/wp-content/uploads/2020/04/3-GCR_2016-1.pdf,SECONDARY,T5,r.44,"Verbatim r.44(a)-(c): own-use, not for sale: flammable non-toxic <=25 cylinders or <=200 kg whichever less; non-flammable non-toxic <=200 cylinders; toxic <=5; dissolved acetylene <=25; LPG <=100 kg clause (c)",Tier-1 text; clauses (d)-(k); amendments after 2016; gas toxicity classification,2026-09-26,Added in stage-2 audit,REQUIRES_OFFICIAL_CONFIRMATION
SRC-094,SMPV(U) Rules 2016 with 2018 amendment - text (copy hosted by a private site),Private host,2018,2016,-,http://www.mecelec.in/images/downloads/smpv_rules2016_2018amendment.pdf,SECONDARY,T5,"r.2, r.3, r.33, r.43, r.45, r.47","r.2 'pressure vessel' (>1,000 L water capacity; excludes reactors, heat exchangers, evaporators, air receivers, autoclaves etc.); 'compressed gas' (>1 atm gauge at max working temp; 55 C if uninsulated); r.3 processing-plant vessels exempt; r.45 licence to store; r.47 District Authority NOC not needed for non-toxic non-flammable gas licences and LS-2",Tier-1 text; later amendments,2026-09-26,Added in stage-2 audit,REQUIRES_OFFICIAL_CONFIRMATION
SRC-095,Legal Metrology (Packaged Commodities) Rules 2011 with all amendments - DoCA compilation,Department of Consumer Affairs,2011 (as amended),2018-01-01 (r.3 current text),-,"https://consumeraffairs.gov.in/public/upload/admin/cmsfiles/whatsnews/Book_on_Legal_Metrology_Packaged_Commodities_Rules,2011_with_all_amendments_whatsnews.pdf",OFFICIAL_CONSOLIDATED_RULES,T2,"r.2(bb),(bc); r.3; r.26","r.2(bb) industrial consumer; r.2(bc) institutional consumer; r.3 Chapter II not applicable to packages >25 kg/25 L, cement/fertiliser/agri produce bags >50 kg, and packages for industrial/institutional consumers (GSR 629(E) 23-06-2017 w.e.f. 01-01-2018); r.26 exemptions",Registration rule (r.27) text and timelines were not extracted,2026-09-26,Added in stage-2 audit,VERIFIED_CONDITIONAL
SRC-096,PIB 05-08-2024 (PRID 2041636) - self-certification voltage under CEA Safety Regulations,Ministry of Power (PIB),2024-08-05,2024-08-05,-,https://www.pib.gov.in/Pressreleaseshare.aspx?PRID=2041636&lang=2&reg=48,OFFICIAL_PORTAL,T3,Press release text,State or Central Government may notify the self-certification voltage in its jurisdiction; Central Government has notified 11 kV,Maharashtra notification; notification number/date,2026-09-26,Added in stage-2 audit,VERIFIED_CONDITIONAL
SRC-097,Maharashtra Groundwater (Development and Management) Act 2009 (Mah. XXVI of 2013) - text,GoM Law & Judiciary,2013-12-03,on notification (UNKNOWN),-,https://cdnbbsr.s3waas.gov.in/s36a4cbdaedcbda0fa8ddc7ea32073c475/uploads/2025/02/202502102013971990.pdf,OFFICIAL_PRIMARY,T1,"s.1(3), s.3, s.8, s.17, s.29",s.1(3) commencement on date appointed by notification; s.3 MWRRA is State Groundwater Authority; s.8(1) State Authority shall prohibit drilling of deep-wells in notified and non-notified areas for agriculture or industrial usage; s.8(2) regulation/ban in notified areas; s.17 District Authority,Whether/when s.1(3) commencement notification issued; deep-well definition; industrial permission procedure,2026-09-26,Added in stage-2 audit,VERIFIED
SRC-098,NACWC - CWC declaration guidance (declaration thresholds and deadlines),"National Authority Chemical Weapons Convention, Cabinet Secretariat",n.d.,n.d.,-,https://nacwc.gov.in/writereaddata/NACWC_efiling/english/1_Upload_1834.pdf,OFFICIAL_GUIDANCE,T2,Declaration sections,"Declarations: Sch 2A* >1 kg, Sch 2A >100 kg, Sch 2B >1 t; Sch 3 >30 t; OCPF: >200 t/yr unscheduled DOC by synthesis or >30 t/yr PSF-chemical; ADPA within 90 days after year end; ADAA 60 days before year start",CWC Act 2000 section numbers; whether a specific product is a DOC/PSF (fact),2026-09-26,Added in stage-2 audit,VERIFIED_CONDITIONAL
SRC-099,CBN - Controlled substances under NDPS (Regulation of Controlled Substances) Order 2013,Central Bureau of Narcotics,n.d.,n.d.,-,https://www.cbn.gov.in/pdf/exim/Substances/7.Controlled_Substances_in_India_RCSOrder_2013).pdf,OFFICIAL_LIST,T2,Schedule A-C lists,"Schedule A (domestic manufacture/possession controls): acetic anhydride, N-acetylanthranilic acid, anthranilic acid, ephedrine, pseudoephedrine, ANPP, NPP; Schedules B (export) and C (import) lists",Registration procedure text (see NCB portal); later amendments,2026-09-26,Added in stage-2 audit,VERIFIED_CONDITIONAL
SRC-100,Insecticides Act 1968 - text (India Code),India Code,1968,1968,-,https://www.indiacode.nic.in/bitstream/123456789/11671/1/3)_the_insecticides_act_1968_not_ocr.pdf,OFFICIAL_PRIMARY,T1,s.13,"s.13: any person desiring to manufacture, sell, stock or distribute any insecticide applies to the licensing officer for a licence",Maharashtra licensing officer identity; Insecticides Rules forms,2026-09-26,Added in stage-2 audit,VERIFIED
SRC-101,"Drugs Rules 1945 (CDSCO consolidated, 2024-09)",CDSCO,2024-09,1945 (as amended),-,https://cdsco.gov.in/opencms/resources/UploadCDSCOWeb/2022/drug_rules/Drugs%20Rules%201945_2024%2009.pdf,OFFICIAL_PRIMARY,T1,Part VII (not re-extracted),"Manufacturing licences for drugs incl. bulk drugs are issued under Part VII (e.g., Form 25 for drugs other than Sch C/C(1)/X)",Current form numbering after amendments was not re-extracted; Maharashtra FDA procedure,2026-09-26,Added in stage-2 audit,VERIFIED
SRC-102,Central Motor Vehicles Rules 1989 - text (India Code),India Code,1989,1989 (as amended),-,https://upload.indiacode.nic.in/showfile?actid=AC_CEN_30_42_00009_198859_1517807326286&type=rule&filename=Cmvr1989.pdf,OFFICIAL_PRIMARY,T1,r.129,"r.129-r.137: owner of a goods carriage transporting dangerous or hazardous goods must comply with listed duties (class labels, emergency information, trained driver, etc.)",Consignor-specific duties beyond r.131; any 2022+ VTS amendment status,2026-09-26,Added in stage-2 audit,VERIFIED
SRC-103,Maharashtra (Urban Areas) Protection and Preservation of Trees Act 1975 - text,GoM Law & Judiciary,1975 (as amended),1975,-,https://cdnbbsr.s3waas.gov.in/s36a4cbdaedcbda0fa8ddc7ea32073c475/uploads/2025/01/202501311530262300.pdf,OFFICIAL_PRIMARY,T1,Felling prohibition section,No person shall fell any tree in an urban area except with previous permission of the Tree Authority,Rural (non-urban) tree felling regime; MIDC-specific delegation,2026-09-26,Added in stage-2 audit,VERIFIED
SRC-104,MoCA (Height Restrictions for Safeguarding of Aircraft Operations) Rules 2015 - G.S.R. 751(E) 30-09-2015,Ministry of Civil Aviation (AAI host),2015-09-30,2015-09-30,-,https://nocas2.aai.aero/nocas/AAI_Links/GSR_751(E).pdf,OFFICIAL_PRIMARY,T1,Rules,Height-clearance NOC regime; NOCAS online application,Whether a given site lies in a restricted zone (site fact),2026-09-26,Added in stage-2 audit,VERIFIED
SRC-105,MIDC - Right to Services page (updated 09-03-2026),MIDC,2026-03-09,2026-03-09,-,https://midc.maharashtra.gov.in/en/rts/,OFFICIAL_PORTAL,T3,Page text,"35 services on SWC portal, 17 RTS-notified; RTS list PDF (Marathi) linked; MRTPS Act 2015 in force since 28-04-2015",The per-service RTS time limits (PDF not read),2026-09-26,Added in stage-2 audit,VERIFIED_CONDITIONAL
SRC-106,PESO - Petroleum Rules FAQ (Class B exemption),PESO,n.d.,n.d.,-,https://peso.gov.in/web/hi/vaibhainana-satara-kae-tahata-pauuchae-jaanae-vaalae-parasana,OFFICIAL_PORTAL,T3,FAQ answer,"No licence for Class B if total <=2,500 L in non-bulk (drums) or <=1,000 L in a receptacle",Rules text,2026-09-26,Added in stage-2 audit,VERIFIED_CONDITIONAL
SRC-107,PESO - FAQs under various heads (Explosives),PESO,n.d.,n.d.,-,https://peso.gov.in/web/en/faqs-under-various-heads,OFFICIAL_PORTAL,T3,FAQ answer,"No person shall manufacture any explosive except in premises licensed under Explosives Rules 2008, even small quantities",Whether any given product is an 'explosive' (fact),2026-09-26,Added in stage-2 audit,VERIFIED_CONDITIONAL
SRC-108,NCB Precursor registration guidelines,Narcotics Control Bureau,n.d.,n.d.,-,https://www.precursorsncb.gov.in/GuideLine/Pre-Register_Guidelines.pdf,OFFICIAL_PORTAL,T3,Guideline text,"Registration mandatory for manufacture, sale, purchase, possession, storage, consumption etc. of Schedule A controlled substances",Timelines,2026-09-26,Added in stage-2 audit,VERIFIED_CONDITIONAL
SRC-109,"Maharashtra Labour Dept - Notifications (draft State rules under labour codes), updated 01-09-2026",GoM Labour Dept,2026-09-01,2026-09-01,-,https://labour.maharashtra.gov.in/en/notifications,OFFICIAL_PORTAL,T3,Notifications table,Draft Maharashtra OSH (Factories and Other Ports) Rules 2026 and OSH (Labour) Rules 2026 published 06-05-2026 as DRAFT; no final Maharashtra OSH rules listed; no Factories amendment Act/Ordinance 2025 listed,Final rules,2026-09-26,Added in stage-2 audit,VERIFIED_CONDITIONAL
SRC-110,MIDC services portal (anonymous list) - AllServicesAnon,MIDC,n.d.,n.d.,-,https://services.midcindia.org/Services/AllServicesAnon.aspx,OFFICIAL_PORTAL,T3,Services table,Second MIDC service list shows Occupancy Certificate 8 days,Which list is current,2026-09-26,Added in stage-2 audit,VERIFIED_CONDITIONAL
SRC-111,OSH and Working Conditions (Central) Rules 2026 - G.S.R. 345(E) (copy hosted by MH Labour Dept),"MoLE, Government of India",08-05-2026,08-05-2026,,https://labour.maharashtra.gov.in/sites/default/files/2026-05/occupational-safety-health-and-working-conditions-central-rules-2026.pdf,CENTRAL_RULES,T1,"r.3, r.4, r.7, r.14, r.72, r.74, r.98","Central-sphere registration (Form I/III, 7 d deemed), commencement notice (Form VI, 30 d), accident notice (Form XI, 12 h), annual return Form XVII by 28/29 Feb, safety committee >=500",That these Central Rules govern State-sphere factories in Maharashtra (appropriate Government question) ; any factory licence rule,26-09-2026,Gazette text on a State Government host; treated as T1 text,VERIFIED_CONDITIONAL
SRC-112,CRZ Notification 2019 - G.S.R. 37(E) 18-01-2019 (MCZMA copy),MoEFCC,18-01-2019,18-01-2019,,https://www.mczma.gov.in/sites/default/files/CRZ%20Notification%202019.pdf,NOTIFICATION,T1,"paras 3, 4(i), 4(ii), 4(xi), 5.1.2(v), 7, 8, Annexure-II","CRZ extents, prohibited activities (new industry, hazardous storage except Annexure-II, groundwater), clearance routing and 60-day timelines",Whether a site is in CRZ (requires CZMP geospatial fact); Maharashtra CZMP approval status per stretch,26-09-2026,,VERIFIED_CONDITIONAL
SRC-113,Van (Sanrakshan Evam Samvardhan) Rules 2023,MoEFCC,29-11-2023,01-12-2023,,https://forestsclearance.nic.in/writereaddata/Rules/VanSanrakshanEvamSamvardhanRules2023.pdf,CENTRAL_RULES,T1,"r.9, r.10","Two-stage approval, online through State; RO/REC up to 40 ha",Whether a site includes forest land (geospatial/land-record fact),26-09-2026,,VERIFIED_CONDITIONAL
SRC-114,MoEFCC note incl. Supreme Court order 04-12-2006 WP(C) 460/2004 (NBWL recommendation),MoEFCC / Supreme Court,04-12-2006,04-12-2006,,https://forestsclearance.nic.in/writereaddata/Addinfo/0_0_10117125912181NONFOREST.PDF,ORDER,T2,order text,EC projects within ESZ or within 10 km of NP/WLS (where ESZ not notified) need Standing Committee NBWL recommendation,Any later modification of the 10 km default by individual ESZ notifications,26-09-2026,,VERIFIED_CONDITIONAL
SRC-115,MoEFCC OM 04-10-2022 - industrial sheds / dominant purpose,MoEFCC (IA Division),04-10-2022,04-10-2022,,https://environmentclearance.nic.in/writereaddata/OM/1702253899$307_OM_04_10_2022.pdf,OM,T2,"paras on 06-09-2016 letter; shed >=1,50,000 m2",Dominant-purpose principle; scheduled process housed in shed requires EC; shed >=1.5 lakh m2 -> 8(b),Whether a 5(f) project also needs 8(a) EC (not expressly addressed); OM interprets a shed exclusion later quashed (05-08-2025),26-09-2026,,VERIFIED_CONDITIONAL
SRC-116,MoEFCC OM 09-06-2015 - guidelines for industrial sheds,MoEFCC,09-06-2015,09-06-2015,,https://environmentclearance.nic.in/writereaddata/public_display/circulars/2%20_OM.pdf,OM,T2,full,Historic shed guidelines,Current law after 05-08-2025 judgment,26-09-2026,,VERIFIED_CONDITIONAL
SRC-117,Petroleum Rules 2002 - full text (PESO),PESO / MoCI,18-03-2002,,,https://peso.gov.in/web/sites/default/files/2019-12/PR-2002-English-full.pdf,CENTRAL_RULES,T1,"r.2, r.42, r.62, r.131, r.144, First Schedule","Definitions (container <=1,000 L, tank, bulk); Form XII/XIII (DA), XV/XVI (Controller) scopes; plan approval; DA NOC within 3 months",A Class A <=30 L storage exemption (not found in rules text; r.42 30 L relates to vessels); amendments after 2019 upload,26-09-2026,,VERIFIED_CONDITIONAL
SRC-118,(DRAFT) Gas Cylinders (Amendment) Rules 2026 - G.S.R. 146(E) 24-02-2026,MoCI (DPIIT),24-02-2026,,,https://egazette.gov.in/WriteReadData/2026/270530.pdf,DRAFT_RULES,T1,draft rule omitting r.48,A draft amendment exists (omit r.48); rule 44 not amended in draft,Official text of GCR 2016 rule 44 (not captured),26-09-2026,DRAFT - not operative,DO_NOT_IMPLEMENT_YET
SRC-119,Explosives Rules 2008 - text (PESO),PESO / MoCI,,,,https://peso.gov.in/web/sites/default/files/2019-11/ExplosiveRules2008.pdf,CENTRAL_RULES,T1,"r.7, r.9, r.10, r.26",Manufacture only in licensed factory; no-licence cases; process approval,Whether a given synthetic intermediate is an 'explosive' (substance fact),26-09-2026,,VERIFIED_CONDITIONAL
SRC-120,HOWM Rules 2016 - text incl. Schedule II (copy hosted by DPCC),MoEFCC (host: DPCC),04-04-2016,04-04-2016,,https://dpccocmms.nic.in/SPCB_DOCUMENTS/HWM_RULES_2016.pdf,CENTRAL_RULES,T2,r.3(17); Schedule II Class A/B/C,"Class A TCLP limits, Class B limits, C1 flash point <60 C, C2 pH <=2 or >=12.5, C3 reactive",Post-2016 amendments to Schedule II; whether a specific waste exceeds limits (lab data),26-09-2026,SPCB-hosted original text,VERIFIED_CONDITIONAL
SRC-121,Maharashtra Fire Prevention and Life Safety Measures Act 2006 (India Code),Government of Maharashtra,2006,,,https://www.indiacode.nic.in/bitstream/123456789/16067/1/the_maharashtra_fire_prevention_and_life_safety_measures_act.pdf,STATE_ACT,T1,"s.2, s.3(1), s.3(1C), s.3(3), Schedule-I (G-1/G-2/G-3, H, J)",Fire safety approval by CFO of local/planning authority or Director; Schedule-I industrial and hazardous building classes and minimum installations; Form A / half-yearly Form B,Which CFO has jurisdiction for a given site; hazard classification G-1/G-2/G-3/J of a given building (fact),26-09-2026,,VERIFIED_CONDITIONAL
SRC-122,Maharashtra Fire Services - circulars / office orders list,Directorate of Maharashtra Fire Services,,,,https://mahafireservice.gov.in/s-circular.php,PORTAL_PAGE,T3,"rows 7, 10, 42","Existence of office order on fire prevention in industrial occupancies (10-09-2014), circular 'Not necessity of renewal of Fire Approval' (30-10-2014) and 'Necessity about Renewal of Fire Approval' (31-01-2025)",Contents of those orders (PDFs not read),26-09-2026,,UNKNOWN
SRC-123,Maharashtra Regional and Town Planning Act 1966 (India Code),Government of Maharashtra,1966,,,"https://upload.indiacode.nic.in/showfile?actid=AC_MH_166_1477_00013_00013_1612178282469&type=actfile&filename=the_maharashtra_regional_and_town_planning_act,_1966..pdf",STATE_ACT,T1,"s.2(19), s.18, s.40, s.44, s.45(5), s.46, s.47, s.52",Permission from Planning Authority (s.44); commencement certificate (s.45(2)); deemed permission after 60 days only if DCR-conformant (s.45(5)); appeal 40 days (s.47); RP areas s.18,Identity of the planning authority for a given site (fact),26-09-2026,,VERIFIED_CONDITIONAL
SRC-124,UDCPR for Maharashtra - updated to 30-01-2024 (DTP compilation),Urban Development Dept / Directorate of Town Planning,30-01-2024,03-12-2020,,https://dtp.maharashtra.gov.in/sites/default/files/Development%20control%20and%20promotion%20regulations/UDCPR%20updated%20to%2030.1.2024.pdf,STATE_REGULATIONS,T2,"Reg. 1.1, 1.4, 2.1.1, 2.1.2","Extent incl. exclusions (MCGM, MIDC, NAINA, JNPT, hill-station councils, ESZ, Lonavala); permission mandatory (s.18/46 MRTP)",Amendments after 30-01-2024; industrial-zone and fire provisions (not extracted in this pass),26-09-2026,"Official compilation, not the Gazette itself",VERIFIED_CONDITIONAL
SRC-125,PSI 2019 - GR 16-09-2019 (Industries Dept),"Industries, Energy & Labour Dept, GoM",16-09-2019,01-04-2019,31-03-2024 or till new PSI,https://industry.maharashtra.gov.in/sites/default/files/2025-09/20190916-psi-2019.pdf,GR,T1,operative period clause; taluka-group tables,PSI 2019 period clause; LSI/Mega structure,Whether PSI 2019 continues for new applications after 31-03-2024 / after IISP 2025,26-09-2026,,REQUIRES_OFFICIAL_CONFIRMATION
SRC-126,PSI 2019 corrigendum 14-05-2025 (PSI-2019/CR 46/IND-8) - expansion criteria,"Industries Dept, GoM",14-05-2025,14-05-2025,,https://gr.maharashtra.gov.in/Site/Upload/Government%20Resolutions/Marathi/20250514144522059410.pdf,GR,T1,para 2.6 as amended,PSI 2019 administered in 2025; expansion criteria amended,Eligibility of any given unit,26-09-2026,Marathi,VERIFIED_CONDITIONAL
SRC-127,ODS (Regulation and Control) Rules 2000 (India Code),MoEFCC,17-07-2000,,,"https://upload.indiacode.nic.in/showfile?actid=AC_CH_60_1035_00003_00003_1597386791818&type=rule&filename=ozone_depleting_substances_(regulation)_rules,_2000.pdf",CENTRAL_RULES,T1,"r.3, r.6, r.8, r.11",Registration of producers/sellers/enterprises using ODS in Schedule IV activities,Whether the unit uses an ODS (fact); later amendments beyond India Code copy,26-09-2026,,VERIFIED_CONDITIONAL
SRC-128,"Maharashtra Mathadi, Hamal and Other Manual Workers Act 1969 (India Code)",Government of Maharashtra,1969,,,"https://www.indiacode.nic.in/bitstream/123456789/15841/1/the_maharashtra_mathadi,_hamal_and_other_manual_workers_(regulation_of_employment_and_welfare)_act,_1969.pdf",STATE_ACT,T1,"s.1(4A), Schedule, footnotes","Application by area/scheduled employment notifications (e.g., Thane/Raigad chemical products loading from 01-08-1983)",Whether a scheme/board covers the specific locality and employment (fact),26-09-2026,,VERIFIED_CONDITIONAL
SRC-129,Bombay Rectified Spirit Rules 1951 (State Excise),"State Excise Dept, GoM",1951,,,http://www.stateexcise.maharashtra.gov.in/Site/Upload/GR/RECTIFIED%20SPIRIT%20&%20ABSOLUTE%20ALCOHOL%20RULES.pdf,STATE_RULES,T2,Form R.S. II provisions,"Licence to possess/use rectified spirit for industrial purposes (Collector, on Director of Industries recommendation)",Current amendments; denatured spirit licence rules text,26-09-2026,,VERIFIED_CONDITIONAL
SRC-130,State Excise - online services list (DS licences),"State Excise Dept, GoM",,,,https://exciseservices.mahaonline.gov.in/home/Listofservices,PORTAL_PAGE,T3,services list,Denatured spirit (DS) licence services exist online,Legal basis/SLA,26-09-2026,,VERIFIED_CONDITIONAL
SRC-131,Maharashtra Groundwater Act 2009 (Mah. XXVI of 2013) - India Code text with commencement footnote,Government of Maharashtra,03-12-2013,01-06-2014,,https://www.indiacode.nic.in/bitstream/123456789/21408/1/mah._act_26_of_2013.pdf,STATE_ACT,T1,s.1(3) footnote 2,Commencement 01-06-2014 vide G.N. WS&SD No. AaPana 1010/C.R.127/Papu-15 dated 28-05-2014,Final Groundwater Rules; notified areas list,26-09-2026,,VERIFIED
SRC-132,MWRRA - Maharashtra Groundwater Act 2009 text (MWRRA host),MWRRA,,,,https://mwrra.maharashtra.gov.in/wp-content/uploads/2022/08/6-Maharashtra-Groundwater-Development-Management-Act-2009.pdf,STATE_ACT,T1,"s.2 (deep well >=60 m), s.3, s.4, s.8",MWRRA = State Groundwater Authority; GSDA role; deep-well prohibitions/regulation in notified areas,Which areas are notified,26-09-2026,,VERIFIED_CONDITIONAL
SRC-133,MWRRA - notifications page,MWRRA,,,,https://mwrra.maharashtra.gov.in/en/notifications/,PORTAL_PAGE,T3,list,Undated 'Notification for the Act' entry,Content,26-09-2026,,UNKNOWN
SRC-134,MSIHC Rules 1989 as amended - text (copy hosted by HSPCB),MoEFCC (host: HSPCB),27-11-1989,,,https://hspcb.gov.in/uploads/MSIHC/MSIHC_rules_1989.pdf,CENTRAL_RULES,T2,Schedule 1 Part I; Schedule 2; Schedule 3 Parts I-II,Sch1 criteria; Sch2 11 entries with col 3/4; Sch3 Part I 179 named entries (no CAS numbers); Part II class thresholds,CAS numbers (not given in schedules); amendments after the host copy,26-09-2026,SPCB-hosted copy used because India Code copy was blocked by robots.txt; cross-check against SRC-016 values,VERIFIED_CONDITIONAL
SRC-135,E-Waste (Management) Rules 2022 (CPCB copy),MoEFCC,02-11-2022,01-04-2023,,https://cpcb.nic.in/uploads/Projects/E-Waste/e-waste_rules_2022.pdf,CENTRAL_RULES,T1,r.3 'bulk consumer'; r.8,"Bulk consumer = >=1,000 units of Sch I EEE in a FY; duty to hand over e-waste only to registered producer/refurbisher/recycler",Post-2022 amendments,26-09-2026,,VERIFIED_CONDITIONAL
SRC-136,"Maharashtra Labour Dept - services with time limits (Labour Commissioner, DISH, Steam Boilers)","Labour Dept, GoM",,,,https://labour.maharashtra.gov.in/en/services,PORTAL_PAGE,T3,DISH rows 1-7; Boilers rows 1-29; Labour Commissioner rows 1-23,"Portal SLAs: DISH licence MAH/hazardous 30 d, other 7 d; plan approval 30 d; boiler registration 30 d; CLRA/BOCW/ISMW 7-15 d - all citing pre-Code Acts",That the cited pre-Code Acts are current law (they are repealed; services are PORTAL_LEGACY),26-09-2026,,VERIFIED_CONDITIONAL
SRC-137,FDA Maharashtra - drug manufacturing application process booklet,FDA Maharashtra,,,,https://fdamfg.maharashtra.gov.in/DOCS/Application%20Process%20%20Booklet_Web.pdf,GUIDANCE,T3,fee/forms table; bulk-drug documents,Form 24/25 and 27/28 for allopathic drugs; bulk drug requires process flow chart,A separate API licence form; current Drugs Rules form numbering after amendments,26-09-2026,,VERIFIED_CONDITIONAL
SRC-138,FDA Maharashtra home page (Aaple Sarkar-only application directive),FDA Maharashtra,,,,https://fda.maharashtra.gov.in/,PORTAL_PAGE,T3,notice,New manufacturing users to apply via Aaple Sarkar,Legal SLA,26-09-2026,,VERIFIED_CONDITIONAL
SRC-139,"Invest India - sample list of approvals, agro-chemicals, Maharashtra (2021)",Invest India,2021,,,https://static.investindia.gov.in/s3fs-public/2021-09/Sample%20List%20of%20Approvals-Agro%20Checmicals%20-%20Maharashtra.pdf,SECONDARY,T4,insecticide licence row,Names Commissionerate of Agriculture for manufacture licence,Legal notification of licensing officer,26-09-2026,Cannot establish authority deterministically (T4),REQUIRES_OFFICIAL_CONFIRMATION
SRC-140,Maharashtra Boiler Rules 1962 (Labour Dept host),Government of Maharashtra,1962,,,https://mahakamgar.maharashtra.gov.in/site/upload/pdf/maharashtra-boiler-rules-1962-new.pdf,STATE_RULES,T2,fee provisions,State boiler rules text (continues under Boilers Act 2025 s.45(2)(a) till replaced),Which rules are inconsistent with the 2025 Act / regulations,26-09-2026,,VERIFIED_CONDITIONAL
SRC-141,Maharashtra Directorate of Steam Boilers - Acts page,"Directorate of Steam Boilers, GoM",,,,https://mahaboiler.in/boiler/acts.html,PORTAL_PAGE,T3,list,Lists Maharashtra Boiler Rules 1962 among governing instruments,Legal currency,26-09-2026,,VERIFIED_CONDITIONAL
SRC-142,MAITRI 2.0 - list of services page,"MAITRI, Industries Dept",,,,https://maitri.maharashtra.gov.in/services/list-of-services/,PORTAL_PAGE,T3,page,Page exists; rendered without service rows on 26-09-2026,Absence of any integration (must NOT be inferred),26-09-2026,,UNKNOWN
SRC-143,DTP Maharashtra - Acts & Rules page (UDCPR listing),Directorate of Town Planning,,,,https://dtp.maharashtra.gov.in/acts-rules/,PORTAL_PAGE,T3,UDCPR entries,UDCPR compilations listed,,26-09-2026,,VERIFIED_CONDITIONAL
SRC-144,MFS Circular No. MFS/2014/10/1531 - Not necessity of renewal of Fire Approval,"Director, Maharashtra Fire Services",30-10-2014,30-10-2014,,https://mahafireservice.gov.in/circular/Circular-MFS-Not%20Necessity%20of%20renewal%20of%20Fire%20Approval-30.10.2014.pdf,CIRCULAR,T2,paras 2-5,Fire Act/Rules provide no renewal of initial fire approval after occupation; Form A initially and Form B twice a year (Jan/Jul) under s.3(3) + r.4; authorities shall not insist on renewal,Does not address sector statutes outside the Fire Act,26-09-2026,v4 closure pass,VERIFIED
SRC-145,MFS Circular No. MFSI51/2025/64 - Necessity about Renewal of Fire Approval,"Director, Maharashtra Fire Services",31-01-2025,31-01-2025,,https://mahafireservice.gov.in/circular/Necessity%20about%20Renewal%20of%20Fire%20Approval.pdf,CIRCULAR,T2,"paras 3, 4, 6","With Form B, renewal of Final Fire Safety Approval does not arise; renewal removed by Amendment Act 2023; s.3 definition proviso: renewal certificate only if required/mandatory under the relevant Acts/Rules; authorities shall not insist",Does not list which other Acts/Rules require renewal for chemical units,26-09-2026,v4 closure pass,VERIFIED
SRC-146,Maharashtra Fire Prevention and Life Safety Measures (Amendment) Act 2023 (Mah. XXIV of 2023) - English text,Government of Maharashtra,11-05-2023,30-05-2023,,https://mahafireservice.gov.in/directorate/fire-act/2023/English.pdf,STATE_ACT,T1,whole (legacy-font text layer partly garbled),Amendment Act exists and was published 11-05-2023,"Text layer partly garbled; clause-level quotations taken from SRC-145, which quotes the Act",26-09-2026,v4 closure pass,VERIFIED
SRC-147,Notification bringing the Fire (Amendment) Act 2023 into force,Government of Maharashtra (UDD),2023,30-05-2023,,https://mahafireservice.gov.in/directorate/notification/Notification%20for%20the%20Fire%20%28Amendment%29%20Act%2C%202023.pdf,NOTIFICATION,T1,whole,Commencement 30-05-2023,,26-09-2026,v4 closure pass,VERIFIED
SRC-148,MFS Office Order No. MFS-2025/1763 - Reducing regulatory compliance (PA-7),"Director, Maharashtra Fire Services",10-12-2025,10-12-2025,,https://mahafireservice.gov.in/circular/Office%20Order%20for%20Reducing%20Regulatory%20Compliance%20PA%207.pdf,OFFICE_ORDER,T2,"paras 2, 3(I)-(III), 4; Annexure-A","Low-hazard (Annexure-A list) buildings <=2000 m2 built-up and <18 m: self-certification via BPAMS-E-Fire; Fire Act does not mandate renewal but 'certain statutes like Petroleum Act, Gas Cylinder Rules demands for fire renewal every year'; >=10% random inspection",The Petroleum/GCR renewal statement is not a rule citation; chemical manufacturing is not in Annexure-A,26-09-2026,v4 closure pass,VERIFIED
SRC-149,MFS Office Order No. MFS/10/2014/1313 - Fire prevention in industrial occupancies (Annexure A & A-1),"Director, Maharashtra Fire Services",10-09-2014,10-09-2014,,https://mahafireservice.gov.in/circular/Office%20Order-MFS-Fire%20Prevention%20in%20Industrial%20Occupancies%20with%20Annx-A%20%26%20A-1-dtd.10.09.2014.pdf,OFFICE_ORDER,T2,"paras 2-4; Annexure A (G-1/G-2/G-3 rows, notes 1-12); Annexure A-1 (B-G; Chemical manufacturing rows)",Built-up-area bands and minimum installations for G-1/G-2/G-3 under Note 14 of Schedule-I; directs all Local Authorities/SPAs to enforce,Cell-level column alignment of Annexure A in text layer is ambiguous for some rows,26-09-2026,v4 closure pass,VERIFIED
SRC-150,MFS Guidelines to issue Form B,"Director, Maharashtra Fire Services",07-07-2026,07-07-2026,,https://mahafireservice.gov.in/circular/Guidelines%20to%20issue%20Form%20B.pdf,CIRCULAR,T2,whole,Licensed agencies issue Form B under s.3(3) and r.4(2) in January and July,,26-09-2026,v4 closure pass,VERIFIED
SRC-151,MPCB Circular MPCB/AST/2026/B-260422-FTS-0050 enclosing MoEFCC G.S.R. 62(E) & 63(E),"Member Secretary, MPCB",21-04-2026,21-04-2026,,https://www.mpcb.gov.in/sites/default/files/standing_orders/Circular_Compliance_of_MoEF_%26_CC_GoI_Notification_No._G.S.R._62%28E%29_%26_G.S.R._63_%28E%29_dtd_23.01.2026.pdf,CIRCULAR+GAZETTE,T2,"p1 cover letter; pp2-17 gazette paras 4(3), 5, 6(7), 7, 8, 10(7), 12, 13(1), 16, Schedule",Cover letter only directs all MPCB officers to adhere to the provisions/timelines/guidelines of GSR 62/63 while processing consent/authorisation; gazette text enclosed,"No MH fee, no instruction on existing CTOs, no category-specific or portal instruction",26-09-2026,v4 closure pass,VERIFIED
SRC-152,MIDC RTS - Maharashtra Govt Gazette Extraordinary Part IV-B No.179 (19-05-2025): notification dated 06-05-2025 under RTS Act 2015 s.3(1) notifying 17 MIDC services (merged GR PDF),"Industries, Energy & Labour Dept, GoM",06-05-2025,19-05-2025,,https://midc.maharashtra.gov.in/wp-content/uploads/2025/09/RTS_MergedGRs_compressed-combined-12092025.pdf,GAZETTE_NOTIFICATION,T1,pp26-31 (table of 17 services); earlier GRs 2015/2018/2021 at pp1-25,"17 notified services with time limits, designated officers, first and second appellate officers; supersedes GRs 23-07-2015 and 05-01-2021",Portal processing times; application channel per service,26-09-2026,v4 closure pass,VERIFIED
SRC-153,MIDC Right to Services page,MIDC,,,,https://midc.maharashtra.gov.in/en/rts/,PORTAL_PAGE,T3,links,"Links the notified list, RTS Act and RTS Rules",,26-09-2026,v4 closure pass,VERIFIED_CONDITIONAL
SRC-154,"MSIHC Rules 1989 - original Gazette of India Extraordinary No.787, 27-11-1989 (S.O. 966(E)) - MoEFCC-hosted scan",MoEFCC,27-11-1989,27-11-1989,,https://moef.gov.in/uploads/pdf-uploads/pdf_68400de7d331b2.34904030.pdf,GAZETTE,T1,gazette pp32-38 (Schedule 2; Schedule 3 Parts I-II),Original 1989 values of Schedule 2 and Schedule 3 (read from OCR layer AND visually from page images),Does not contain 1994/2000 amendments,26-09-2026,v4 closure pass,VERIFIED
SRC-155,MSIHC Rules 1989 as amended (India Code consolidated text with amendment footnotes),MoEFCC (India Code),2000 (consolidated),27-11-1989,,"https://upload.indiacode.nic.in/showfile?actid=AC_MP_74_308_00003_00003_1543231806694&type=rule&filename=manufacture,_storage_and_import_of_hazardous_chemical_rules,_1989.pdf",CONSOLIDATED_RULES,T1,"Schedule 1 (subst. 2000), Schedule 2 (1994/2000 footnotes), Schedule 3 Parts I-II, Schedule 5",Typed consolidated values incl. footnoted 1994/2000 changes,"Contains transcription errors (e.g., Sch 2 EO col 4 '501'; Sch 3 164/165 not updated to 100 kg) - never sole evidence",26-09-2026,v4 closure pass,VERIFIED
SRC-156,"MSIHC (Amendment) Rules 2000 - S.O. 57(E) 19-01-2000, Gazette of India Extraordinary No.42, 20-01-2000",MoEFCC,19-01-2000,20-01-2000,,https://upload.indiacode.nic.in/showfile?actid=AC_CEN_16_18_00011_198629_1517807327582&type=rule&filename=msich_amendment.pdf,GAZETTE,T1,"rules 9 (Sch 1), 10 (Sch 2 cols, s.no.7, 28-30), 11(i) (Sch 3 Group 4 s.no.150,160,163,164,165 -> 100 kg), 11(ii) (Sch 3 Part II)","Post-2000 Schedule 1 definitions, Schedule 2 entries 7 and 28-30, Schedule 3 Part II, Group-4 100 kg substitutions",1994 amendment (S.O. 2882(E)) values,26-09-2026,v4 closure pass,VERIFIED
SRC-157,MSIHC (Amendment) Rules 2000 - typed copy (FAOLEX),FAO (copy of MoEF notification),19-01-2000,20-01-2000,,https://faolex.fao.org/docs/pdf/ind72611.pdf,THIRD_PARTY_COPY,T4,rules 9-11,Independent typed copy used only as a cross-check of SRC-156,Not an official source,26-09-2026,v4 closure pass,VERIFIED_CONDITIONAL
SRC-158,"MSIHC Rules consolidated copy hosted by Chief Inspector of Factories, Assam",Govt of Assam (host),,,,https://ciflabour.assam.gov.in/sites/default/files/MSIHC%20Rules.pdf,OFFICIAL_COPY,T3,Schedules 2-3,Same compilation as SRC-155 (identical typos) - NOT an independent check,Independence,26-09-2026,v4 closure pass,VERIFIED_CONDITIONAL
SRC-159,Plastic Waste Management (Amendment) Rules 2026 - G.S.R. 237(E) 31-03-2026 (MPCB-hosted gazette),MoEFCC,31-03-2026,31-03-2026,,https://www.mpcb.gov.in/sites/default/files/standing_orders/Plastic_Waste_Management_2026.pdf,GAZETTE,T1,"rules 1-8 (r.3 defs ga, qa, qb, ua-uc 'seller'; r.11(2); r.12(3A)-(3C); r.16; Schedule II paras 7.2, 12.4, 13.1)","2026 amendments: seller definition, recycled-content obligation, annual returns on centralised portal, Registered Environment Auditor",Full consolidated PWM text (principal rules + 2024/2025 amendments) not re-read in v4,26-09-2026,v4 closure pass,VERIFIED
SRC-160,Solid Waste Management Rules 2026 - S.O. 388(E) 27-01-2026 (MPCB-hosted gazette),MoEFCC,27-01-2026,01-04-2026,,https://www.mpcb.gov.in/sites/default/files/standing_orders/SWM_2026.pdf,GAZETTE,T1,"r.1(2), r.2, r.3 definition of bulk waste generator, r.6, r.11 table","In force 01-04-2026; bulk waste generator criteria (>=20,000 m2 floor area OR 40,000 L/d water OR 100 kg/d waste) incl. industrial units; Extended Bulk Waste Generator Responsibility; r.11 RDF substitution for solid-fuel industries within 100/400 km",Registration mechanics and CPCB EBWGR norms,26-09-2026,v4 closure pass,VERIFIED
SRC-161,MPCB service specification - Registration and renewal of Producers under Battery Waste Management Rules 2022,MPCB,,,,https://www.mpcb.gov.in/sites/default/files/producer_bwm.pdf,SERVICE_SPEC,T2,"sections I, II, V, VI, XIV",Producer definition; competent authority CPCB; portal eprbatterycpcb.in; 5-year validity; renewal application 60 days before expiry,BWM (Amendment) Rules 2025 changes (not read),26-09-2026,v4 closure pass,VERIFIED
SRC-162,"CPCB - Guidelines for collection agents (Used oil EPR), January 2025",CPCB,01-2025,,,https://eprusedoil.cpcb.gov.in/public/assets/images/Collection_agent_Guidelines.pdf,GUIDELINE,T2,paras 1-2,EPR for used oil under HOWM Rules (amendment 2023): producers of base/lubricating oil and importers of used oil obligated; EPR certificates from registered recyclers,"Amendment gazette text, thresholds, exemptions",26-09-2026,v4 closure pass,VERIFIED
SRC-163,MPCB standing order - Tyre notice 2022,MPCB,2022,,,https://www.mpcb.gov.in/sites/default/files/standing_orders/Tyre_Notice_2022.pdf,NOTICE,T2,whole,"Existence of tyre EPR notice (HOWM Schedule IX, 2022)",Text not extracted in v4 (scan) - no field implemented from it,26-09-2026,v4 closure pass,VERIFIED
SRC-164,MoEFCC EIA Notification 2006 consolidated up to January 2026 (PARIVESH upload 12-03-2026),MoEFCC (PARIVESH),12-03-2026,14-09-2006,,https://parivesh.nic.in/publicdocument/UPLOAD_OM_NOTIFICATION/IA_DOCS/1018_12032026061714.pdf,CONSOLIDATED_NOTIFICATION,T1,Schedule item 5(f),Second consolidated copy: 5(f) column text identical to SRC-001; no multi-item (5(f)+8(a)) note,OMs not incorporated (disclaimer),26-09-2026,v4 closure pass,VERIFIED
SRC-165,Directorate of Steam Boilers - Director's message,"Directorate of Steam Boilers, GoM",,,,https://www.mahaboiler.in/boiler/directors_message.html,PORTAL_PAGE,T3,page,Online services delivered through lms.mahaonline.gov.in,Whether workflow implements Boilers Act 2025,26-09-2026,v4 closure pass,VERIFIED_CONDITIONAL
SRC-166,MWRRA Prohibition Order dated 31-07-2015 under MH Groundwater Act 2009 s.8(1) (Marathi) with village annexure 24-04-2015,Maharashtra Water Resources Regulatory Authority (State Groundwater Authority),31-07-2015,31-07-2015 (until further orders),,https://mwrra.maharashtra.gov.in/wp-content/uploads/2022/08/Prohibition-Order.pdf,AUTHORITY_ORDER,T1,Order paras 1-4 (p.1-2); annexure village list,"Prohibition, until further orders, of digging deep wells/borewells >60 m for agricultural and industrial use in villages of 80 over-exploited/critical watersheds (13 districts); drinking-water permission by Sub-Divisional Officer (s.14 delegated via MH Gazette Extraordinary No.160 of 26-06-2015) on GSDA District Senior Geologist advice",Whether the order is still in force after 2015; completeness of the village list parsed (partial); Rules 2018 procedure,26-09-2026,v5 verification pass,VERIFIED
SRC-167,"MSIHC Rules 1989 as amended up to date - India Code central consolidated text (msihc_rules_ameded_upto_date.pdf, pp.734-753)",MoEFCC (India Code),(consolidated; last amendment 19-01-2000),1989-11-27,,https://upload.indiacode.nic.in/showfile?actid=AC_CEN_16_18_00011_198629_1517807327582&type=rule&filename=msihc_rules_ameded_upto_date.pdf,CONSOLIDATED_RULES,T1,p.734 amendment list; Sch 1 p.740; Sch 2 p.746-747 footnote 4; Sch 3 p.748-752 footnotes 1-2 (p.752),"Amendment chain; attribution of Sch 2 entries 12-27 to Rule 11 and Sch 3 col-4 bracketed values to Rule 14(a-h) of MSIHC (Amendment) Rules 1994, S.O.2882 dated 3.10.1994; values as printed",Values where the printed text itself is ambiguous (Sch 2 s.no.18 col 4 '501'; Sch 1 toxicity signs); any amendment after 2000,26-09-2026,v5 verification pass,VERIFIED
SRC-168,"MoEFCC Reply Affidavit (Director, MoEFCC) dated 16-09-2024 in NGT OA No. 772/2024",MoEFCC (filed before NGT),16-09-2024,-,,https://www.greentribunal.gov.in/sites/default/files/news_updates/Reply%20Affidavit%20by%20MoEF&CC%20in%20OA%20No.%20772%20of%202024%20(NEWS%20ITEM%20TITLED%203%20SLEEPING%20AFTER%20FINISHING%20SHIFT%20KILLED%20IN%20BLAZE%20AT%20NARELA%20FACTORY%206%20INJURED.pdf,COURT_RECORD_MINISTRY_STATEMENT,T2,paras describing MSIHC Rules 1989 and amendments,"Ministry statement listing MSIHC amendments 1990, 1994 and 2000 as the amendment chain as on 16-09-2024",Amendments after 16-09-2024,26-09-2026,v5 verification pass,VERIFIED
SRC-169,Gas Cylinders Rules 2016 - Gazette copy G.S.R. 1081(E) 22-11-2016 (India Code),Ministry of Commerce & Industry (DIPP),22-11-2016,22-11-2016,,https://upload.indiacode.nic.in/showfile?actid=AC_CEN_11_61_00011_188404_1523272950845&type=rule&filename=GCR_2016.pdf,GAZETTE,T1,r.44(a)-(c); r.48; r.51(2); r.55(2),"r.44 own-use exemptions (flammable non-toxic <=25 cyl or <=200 kg whichever less; non-flammable non-toxic <=200 cyl; toxic <=5 cyl; dissolved acetylene <=25 cyl); r.48 DA NOC for Form F (sale/trading) and Form G; licences in force till 30 Sept, max 10 years; renewal up to 10 years",Text of 2018/2019/2022 and G.S.R. 225(E)/501(E) 2025 amendments (not read); meaning of r.44(c) LPG clause,26-09-2026,v5 verification pass,VERIFIED
SRC-170,Gas Cylinders (Amendment) Rules 2025 - G.S.R. 386(E) 16-06-2025 (PESO),DPIIT / PESO,16-06-2025,16-06-2025,,https://www.peso.gov.in/web/sites/default/files/2025-11/Gas%20Cylinders%20Amendment%20Rules%202025%209-Jun-2025.pdf,GAZETTE,T1,rules 2-3,Definitions MSE/startup/women entrepreneur; Schedule V fee changes,Exemption thresholds (not amended in this instrument),26-09-2026,v5 verification pass,VERIFIED
SRC-171,Gas Cylinders (Amendment) Rules 2025 - G.S.R. 839(E) 12-11-2025 (PESO),DPIIT / PESO,12-11-2025,12-11-2025,,https://peso.gov.in/web/sites/default/files/2025-12/GCR%20Amendment%20Rules%2012-Nov-2025.pdf,GAZETTE,T1,rule 2 (r.2 clause xxviii),Definition amendment only,r.44 changes (none in this instrument),26-09-2026,v5 verification pass,VERIFIED
SRC-172,Draft Gas Cylinders (Amendment) Rules 2026 - G.S.R. 103(E) 03-02-2026 (DRAFT),DPIIT,03-02-2026,DRAFT - not in force,,https://egazette.gov.in/WriteReadData/2026/269821.pdf,DRAFT_GAZETTE,T1,whole,Existence and content of a draft (superseded by final G.S.R. 315(E)),Any current law,26-09-2026,v5 verification pass - DRAFT: never current law,VERIFIED
SRC-173,"Gas Cylinders (Amendment) Rules 2026 - G.S.R. 315(E) 27-04-2026, Gazette No. 291 of 28-04-2026 (DPIIT)",DPIIT,28-04-2026,28-04-2026,,https://www.dpiit.gov.in/static/uploads/2026/06/f3aced8168f77a505b4bfcac28894329.pdf,GAZETTE,T1,"rules 2-4 (r.3(5), r.32(1) proviso, r.48(3)(b))",Defence-import provision; landing permission proviso; r.48(3)(b) extended to 'or other flammable gases',r.44 changes (none in this instrument),26-09-2026,v5 verification pass,VERIFIED
SRC-174,SMPV(U) Rules 2016 - bilingual Gazette text G.S.R. 1109(E) 01-12-2016 (PESO),DIPP / PESO,01-12-2016,01-12-2016,,https://peso.gov.in/web/sites/default/files/2019-12/SMPV_RULES_2016_bilingual.pdf,GAZETTE,T1,"r.2(ix), r.2(xxxvii), r.3, r.45, r.46(1)(i)(c), r.47, r.51",Compressed gas and pressure-vessel definitions (>1000 L water capacity; exclusion list); processing-plant exemption; storage licence; 100 m / 500 m+HAZOP; DA NOC (r.47); licence max 5 years till 30 Sept,2018/2019/2021 amendments (not read),26-09-2026,v5 verification pass,VERIFIED
SRC-175,SMPV(U) (Amendment) Rules 2025 - G.S.R. 283(E) 28-04-2025 (DPIIT),DPIIT,28-04-2025,28-04-2025,,https://www.dpiit.gov.in/static/uploads/2025/10/f4bb848d64bc783149ee2ca855ca46e3.pdf,GAZETTE,T1,Schedule I Table C,Fee changes,Threshold changes (none found),26-09-2026,v5 verification pass,VERIFIED
SRC-176,Draft SMPV(U) (Amendment) Rules 2026 - G.S.R. 147(E) 24-02-2026 (DRAFT),DPIIT / PESO,24-02-2026,DRAFT - not in force,,https://peso.gov.in/web/sites/default/files/2026-03/SMPV%20Amdnemnt%20draft%202026.pdf,DRAFT_GAZETTE,T1,whole,Draft content (superseded by final G.S.R. 448(E)),Any current law,26-09-2026,v5 verification pass - DRAFT: never current law,VERIFIED
SRC-177,"SMPV(U) (Amendment) Rules 2026 - G.S.R. 448(E) 05-06-2026, Gazette No. 401 (PESO)",DPIIT,05-06-2026,05-06-2026 (on publication),,https://peso.gov.in/web/sites/default/files/2026-06/SMPV%20Amendment%20Rules%202026%2005-06-2026.pdf,GAZETTE,T1,rule 1(2); rule 4 ('rule 47 shall be omitted'); r.21(17); r.22(3); r.51(4),Omission of r.47 (District Authority NOC) from 05-06-2026; ISO tank container provisions; up to nine vessels per group,Treatment of applications pending on 05-06-2026 (not stated),26-09-2026,v5 verification pass,VERIFIED
SRC-178,MoEF Circular J-13011/81/2006-IA II(I) 06-02-2007 - Clarification regarding consideration of integrated projects (JSEIAA-hosted copy),MoEF (hosted by Jharkhand SEIAA),06-02-2007,06-02-2007,,https://jseiaa.in/uploads/notification/1721631251.pdf,CIRCULAR,T2,whole,Integrated projects appraised by the Expert Committee of the core project,Whether a separate 8(a) EC is required alongside 5(f),26-09-2026,v5 verification pass,VERIFIED
SRC-179,"Supreme Court - Vanashakti v Union of India, WP(C) 166/2025, judgment 05-08-2025 (PARIVESH upload)",Supreme Court of India,05-08-2025,05-08-2025,,https://parivesh.nic.in/publicdocument/UPLOAD_OM_NOTIFICATION/IA_DOCS/1002_01092025113231.pdf,COURT_ORDER,T1,operative directions,Note 1 under item 8(a) quashed (already reflected in R-007),5(f)+8(a) combination,26-09-2026,v5 verification pass,VERIFIED
SRC-180,MoEFCC OM F.No. IA-J-11011/152/2025-IA-II(I) 11-12-2025 (SAF under item 4(a)),MoEFCC,11-12-2025,11-12-2025,,https://parivesh.nic.in/publicdocument/UPLOAD_OM_NOTIFICATION/IA_DOCS/1002_12122025094106.pdf,OM,T1,whole,Checked: concerns SAF under 4(a); not relevant to 5(f)+8(a),5(f)+8(a) combination,26-09-2026,v5 verification pass,VERIFIED
SRC-181,Battery Waste Management (Amendment) Rules 2025 - S.O. 958(E) 24-02-2025 (CPCB portal copy),MoEFCC,24-02-2025,24-02-2025,,"https://eprbattery.cpcb.gov.in/upload/adminDoc/Battery_Waste_Management_(Amendment)_Rules,_2025.pdf",GAZETTE,T1,"rules 1-2 (Schedule I para 2 clauses (ia), (ib), (v))",Marking amendments: producer EPR registration no. by barcode/QR or brochure; Cd/Pb marking thresholds 0.002%/0.004%,Changes to producer definition or registration duty (none in this instrument),26-09-2026,v5 verification pass,VERIFIED
SRC-182,"HOWM (Amendment) Rules 2022 - G.S.R. 593(E) 21-07-2022 (Schedule IX, EPR for waste tyre) (CPCB copy)",MoEFCC,21-07-2022,21-07-2022,,https://cpcb.nic.in/uploads/hwmd/HOWM-Sixth-Amendment-Rules-2022.pdf,GAZETTE,T1,Sch IX para 1(e) producer; para 2 application; para 3 registration; para 9 portal,"Producer = 6 limbs (tyre manufacturer/brand seller/importer of new tyre/importer of vehicles fitted with new tyres/automobile maker importing tyres/importer of waste tyre); applies to producer, recycler, retreader; registration on CPCB portal; no business without registration",Later amendments of Sch IX,26-09-2026,v5 verification pass,VERIFIED
SRC-183,HOWM - EPR for scrap of non-ferrous metals - G.S.R. 438(E) 01-07-2025 (India Code),MoEFCC,01-07-2025,01-04-2026,,https://upload.indiacode.nic.in/showfile?actid=AC_CEN_16_18_00011_198629_1517807327582&type=rule&filename=epr_for_scrap_of_non-ferrous_metals.pdf,GAZETTE,T1,"commencement; r.2(k),(o),(q); r.45; r.52; r.55","Non-ferrous = Al/Cu/Zn and alloys; producer definition (own-brand products using non-ferrous metals; importers of used devices/scrap); registration of manufacturer, producer, collection agent, refurbisher, recycler on CPCB portal; in force 01-04-2026",EPR target percentages (Schedule XI not extracted); MSE exemptions,26-09-2026,v5 verification pass,VERIFIED
SRC-184,CPCB - Used Oil EPR portal home page,CPCB,,,,https://eprusedoil.cpcb.gov.in/,PORTAL_PAGE,T3,home page text,"States EPR under HOWM Second Amendment Rules 2023, G.S.R. 677(E) 18-09-2023, commencement 01-04-2024; producers of base/lubricating oil and importers of used oil obligated; recycler/collection agent registration","Gazette wording, definitions, thresholds (gazette not read)",26-09-2026,v5 verification pass,VERIFIED_CONDITIONAL
SRC-185,Maharashtra Labour Department - Notifications page (state draft rules under the four Labour Codes),"Industries, Energy & Labour Dept, GoM",,,,https://labour.maharashtra.gov.in/en/notifications,PORTAL_PAGE,T3,rows 3-4,As on 26-09-2026 only STATE DRAFT MH OSH (Factories and Other Ports) Rules 2026 and MH OSH (Labour) Rules 2026 are listed (06-05-2026); no final rules listed,Absence of a final notification elsewhere (search NOT_FOUND only),26-09-2026,v5 verification pass,VERIFIED_CONDITIONAL
SRC-186,Maharashtra Labour Department - Directorate of Steam Boilers allied-office page,"Industries, Energy & Labour Dept, GoM",,,,https://labour.maharashtra.gov.in/en/allied-offices/directorate-of-steam-boilers,PORTAL_PAGE,T3,Acts list,"Lists Boilers Act 1923, MH Boiler Rules 1962, MH Economiser Rules 1965, 2011 attendant/BOE rules; no mention of Boilers Act 2025",Legal status (portal listing is not law),26-09-2026,v5 verification pass,VERIFIED_CONDITIONAL
SRC-187,Directorate of Steam Boilers - Online services page (RTS time limits),"Directorate of Steam Boilers, GoM",,,,https://www.mahaboiler.in/boiler/online_services.html,PORTAL_PAGE,T3,rows 1-22,22 services with RTS time limits (e.g. registration 43/50 days; renewal of certificate 17 days) citing MH Right to Public Service Act 2015; no Boilers Act citation,Whether workflow implements Boilers Act 2025,26-09-2026,v5 verification pass,VERIFIED_CONDITIONAL
SRC-188,PESO - Circulars page (circular 11-09-2025 'Procedural changes in respect of Natural Gas pipeline approvals under MSIHC Rules'),PESO,11-09-2025,,,https://www.peso.gov.in/web/en/circular,PORTAL_PAGE,T3,circular list entry 11-09-2025,A procedural PESO circular under MSIHC exists,Any amendment of MSIHC Schedules,26-09-2026,v5 verification pass,VERIFIED_CONDITIONAL
